Epoch_Time,User_X,User_Y,User_Z,Latitude_deg,Longitude_deg,Height_m,Sat_Count,PDOP,Error_East,Error_North,Error_Up,Error_3D
2026-05-30 00:00:00,-2148742.117192195,4426641.9797325265,4044656.036662219,39.608605970873136,115.89246108098327,50.02921656886525,11,1.9,-2.638761460888892,2.0616682616358504,-0.1828671644050908,3.3536515126540247
2026-05-30 00:00:30,-2148746.134039509,4426637.879091237,4044659.6731191515,39.60864233894588,115.89252400907938,49.60194105454138,12,1.8999200026666312,2.7582190479578337,6.098409137354259,-1.2476419300816486,6.808448920920329
2026-05-30 00:01:00,-2148744.8662810214,4426642.849498755,4044653.7277497086,39.60857856493559,115.89248545563147,49.85564133783476,7,1.8996800426643912,-0.5231335898160937,-0.9808515836573479,-0.699169120305039,1.3132311452083074
2026-05-30 00:01:30,-2148744.3672308032,4426638.823620533,4044655.0407182537,39.60860966034696,115.89250069869632,50.04210458684565,9,1.8992802159740818,0.7959905154577062,2.4701631677992926,0.10159622264844682,2.597234831259448
2026-05-30 00:02:00,-2148744.0402359506,4426643.769791739,4044653.3220186676,39.60857306995767,115.89247212317517,50.194428036437714,9,1.8987206825210479,-1.632097509051509,-1.5921762010053988,0.2823983938455528,2.2975021625553853
2026-05-30 00:02:30,-2148744.550499614,4426641.178707374,4044655.3823137423,39.608599462205234,115.89249064336784,49.78266663519881,10,1.8980016661112105,-0.03274112495587431,1.3363269884625644,-0.033167146172691786,1.33713943212443
2026-05-30 00:03:00,-2148745.239780175,4426639.817585739,4044657.4674653364,39.608619252003315,115.8925047847162,51.06035429584061,9,1.8971234543415465,1.192141265988377,3.531728302854619,0.9807290278965867,3.8543657103881204
2026-05-30 00:03:30,-2148745.592559764,4426644.800956024,4044656.093456696,39.60858317080216,115.89248314080861,51.420292721786474,11,1.896086398485055,-0.643214163228415,-0.47478109795543655,1.4717495868327721,1.6748696657041215
2026-05-30 00:04:00,-2148741.978548046,4426640.156380788,4044660.43897781,39.60864632909019,115.89246889999582,49.64036204662439,10,1.8948909133502507,-1.8454996772655055,6.53406321545415,-0.15963794877053783,6.79156354877327
2026-05-30 00:04:30,-2148754.4854448442,4426645.543326202,4044654.872370714,39.608548645129474,115.8925725204941,49.61808257355763,11,1.8935374771152487,7.031265602932588,-4.310811418373439,-0.3546643103120401,8.255154622220646
2026-05-30 00:05:00,-2148744.9374965187,4426636.58117568,4044658.90251578,39.6086466435156,115.89251807469189,50.1146852325503,8,1.8920266311364966,2.3907581540581657,6.564825392381722,0.1892116879190483,6.9891671926275025
2026-05-30 00:05:30,-2148744.3201513407,4426639.964242557,4044655.3115496146,39.60860579369638,115.89249440571446,50.0895316533217,8,1.8903589797322422,0.382149912304544,2.028082669398317,-0.4228242749876818,2.1066414590307088
2026-05-30 00:06:00,-2148742.227290223,4426640.880743472,4044656.4471965195,39.60861420676268,115.89246782239427,50.06501154354176,10,1.8885351899408118,-1.8757069135182078,2.9592918468221328,0.5026693700138244,3.5395425065448847
2026-05-30 00:06:30,-2148742.2798132217,4426642.009182074,4044657.830266548,39.608617892815154,115.89246263472481,50.58696866394388,9,1.8865559912538052,-2.3039127171285516,3.3655744764000635,0.43202148010395547,4.1014324233874
2026-05-30 00:07:00,-2148744.251534408,4426642.739090617,4044653.3977317256,39.60857837211342,115.89247957744914,50.1270837614091,10,1.8844221753243084,-0.8396371779381879,-1.0243202103790445,0.21057855880901438,1.3411061902016022
2026-05-30 00:07:30,-2148743.908534692,4426644.353845147,4044657.2558485074,39.60859776481913,115.89246777380099,50.62835709500572,7,1.8821345956502424,-1.8336776949756264,1.1249461755196666,0.5012659376508586,2.208878748848937
2026-05-30 00:08:00,-2148745.8160663093,4426640.861235456,4044653.896022614,39.60858759350266,115.89250551468739,50.15051341807382,8,1.8796941672329763,1.409115866616193,-0.007620575196122026,0.2963097143426949,1.439953140046465
2026-05-30 00:08:30,-2148748.2309274618,4426641.592008118,4044658.938543287,39.608612887520295,115.89252709497292,50.90116687362724,8,1.8771018662113386,3.269878160541393,2.796238595670733,1.274092075990785,4.487133170166304
2026-05-30 00:09:00,-2148745.1169754807,4426639.333153361,4044656.6819185726,39.608616585461654,115.89250596154814,50.27681238317948,9,1.8743587294711739,1.4778820711451468,3.2027076804959123,0.943487560482597,3.6512519332011557
2026-05-30 00:09:30,-2148749.5902695362,4426637.445302587,4044653.411075228,39.60859236858725,115.8925624194502,50.72869412657963,12,1.8714658542306042,6.321172666471951,0.5104071725399,0.22742291046270469,6.345822290399852
2026-05-30 00:10:00,-2148744.480083047,4426642.488285627,4044657.0162148736,39.60860426856196,115.89248324682553,50.45562384835123,10,1.868424397601154,-0.43420619470609567,1.8268524811071574,0.3900290088062199,1.9178236714982133
2026-05-30 00:10:30,-2148743.265967689,4426643.825555856,4044653.7713097464,39.60857784287407,115.89246372902551,50.61080093915402,8,1.8652355761249233,-2.0881668882174953,-1.1110745526058832,1.0160382766397325,2.5743467897883026
2026-05-30 00:11:00,-2148742.1711690566,4426643.566728916,4044658.9605123526,39.608618014459026,115.89245357688361,50.67987570015551,12,1.8619006652879855,-2.9412573903200134,3.343072579560463,0.8961590621928205,4.5420513397661475
2026-05-30 00:11:30,-2148747.377496612,4426642.630203679,4044656.8047917583,39.60859483103959,115.8925128761338,51.02632695845369,10,1.85842099901021,2.1448325819838874,0.7645918092370403,1.501616137688461,2.7275920634248902
2026-05-30 00:12:00,-2148745.3882581573,4426640.988030803,4044659.6143827424,39.60862779700384,115.89250038859173,50.49574877913817,9,1.8547979691117136,1.0919273281898685,4.418470950891933,0.9438788878695775,4.648236029817079
2026-05-30 00:12:30,-2148746.3390332046,4426645.738610518,4044654.706284057,39.60856683042731,115.89248619248797,50.22986261213861,11,1.851033024756149,-0.10714105079545844,-2.3543828427181106,1.0137795392855822,2.56560845202947
2026-05-30 00:13:00,-2148747.352799443,4426643.893359646,4044653.5706349383,39.6085658908988,115.89250619455593,50.57005154161982,12,1.84712767187106,1.6182379592610678,-2.4644544119839855,1.4068504096797185,3.266719718120419
2026-05-30 00:13:30,-2148742.6322880522,4426641.152148703,4044650.030594442,39.6085671531548,115.89247068478807,50.27998109117759,10,1.8430834725455296,-1.4036098919529696,-2.330347175313491,0.6582891278161336,2.798925376297253
2026-05-30 00:14:00,-2148746.1710576634,4426639.14221366,4044654.982175697,39.60860310875581,115.89251797414242,50.10068834823592,8,1.8389020444053665,2.6551611014983645,1.6545029476231872,0.2518136302530749,3.1385777962295367
2026-05-30 00:14:30,-2148746.2624784727,4426644.092991877,4044655.84053728,39.60858338046289,115.89249375816533,50.77313031026912,12,1.834585059966075,0.5989956596680781,-0.5417766689021795,0.6919033608835603,1.0635074142054226
2026-05-30 00:15:00,-2148740.3343324126,4426638.414651963,4044657.8287528874,39.608641235407134,115.89246053282324,51.22968527447123,12,1.8301342459638714,-2.2276816008914775,5.873466453377737,1.574478916125447,6.476044884899087
2026-05-30 00:15:30,-2148740.7502230643,4426644.344148224,4044652.8821183867,39.608575270863795,115.89243473921017,50.35437166406797,9,1.8255513826650136,-4.418890490114884,-1.4554691741944419,0.56718619524565,4.686862901849727
2026-05-30 00:16:00,-2148742.5102311955,4426635.938592998,4044656.3091098727,39.608637967288,115.89249591601373,50.904852486588844,10,1.820838303153717,0.8272248766510482,5.496747956633132,1.4001376097572589,5.732270442116075
2026-05-30 00:16:30,-2148742.0060103834,4426644.3970499635,4044657.4920436507,39.60860393747996,115.89244762482322,51.21610156951929,11,1.815996892598946,-3.2880328178566693,1.7121396910226052,1.7710969553902118,4.108450627459204
2026-05-30 00:17:00,-2148745.667816754,4426637.854595419,4044652.336477783,39.60859258219455,115.89251924986466,49.808228634211346,8,1.8110290875003712,2.8514353440183386,0.4441908689868983,0.244494345488322,2.896164106915228
2026-05-30 00:17:30,-2148739.859585881,4426639.844515071,4044656.2899754797,39.60862435770128,115.89244828922446,51.460571477375645,8,1.8059368749137954,-3.2025773526279115,3.9635484902712763,1.7843545548180462,5.39908691461777
2026-05-30 00:18:00,-2148744.1745530637,4426640.040965407,4044656.4873771565,39.608613943800265,115.89249249042626,50.79631208916438,12,1.800722291656358,0.5915536241569721,2.7996714780860983,1.7704136495556861,3.3648864120494664
2026-05-30 00:18:30,-2148748.3649468655,4426640.837769514,4044660.6064673304,39.608628038587,115.89253233399158,51.230245455841484,10,1.7953874234918352,4.012957071184117,4.356049575607741,1.7970961272729131,6.189389860961927
2026-05-30 00:19:00,-2148745.3686814606,4426643.5120008495,4044656.0099053187,39.60858978041865,115.89248734969156,51.11181985942304,8,1.789934404296362,0.18011096611327504,0.10104160033809251,1.4599939348493312,1.474527603983721
2026-05-30 00:19:30,-2148741.997241144,4426640.113009557,4044651.98663853,39.608587695531064,115.89246931634268,51.45353909884069,8,1.7843654152049109,-1.3480706924855235,-0.13893906507648945,1.8555896543058386,2.2977840675114773
2026-05-30 00:20:00,-2148745.885463945,4426636.653922771,4044656.533282024,39.608627416924044,115.89252763492735,50.02303022890405,10,1.7786826837388663,3.6530016222984876,4.261371788924004,0.6060127462801085,5.645437257166774
2026-05-30 00:20:30,-2148747.821637851,4426644.288730726,4044656.7047244906,39.60858449224083,115.89250909534582,50.363376702365166,7,1.7728884829150453,2.0813579073580266,-0.5122361758136809,1.066398932841404,2.394085069979614
2026-05-30 00:21:00,-2148747.7071026536,4426642.083383093,4044656.593190103,39.6085953490107,115.89251910927936,51.22848965302652,10,1.7669851303365234,2.9514180566514145,0.6836940818776585,1.4160736688339208,3.344184620843668
2026-05-30 00:21:30,-2148747.3160604443,4426641.233206234,4044655.156138885,39.60859070112257,115.89251933600754,50.726428019084935,11,1.7609749872656209,2.9844217545652043,0.15840555299714731,1.4104973960595124,3.3047493751619124
2026-05-30 00:22:00,-2148746.029221781,4426641.077617618,4044652.864356586,39.60857876966549,115.89250664727369,51.04813238428222,11,1.754860457679432,1.9128499603216347,-1.1755595293547514,1.5434543521326616,2.7245525347984203
2026-05-30 00:22:30,-2148742.02029719,4426638.0709513975,4044657.2727264115,39.608634924346866,115.89247994127625,50.84315528631335,10,1.7486439873082658,-0.3575213185373767,5.047837735909353,1.7327345895753221,5.348911707926195
2026-05-30 00:23:00,-2148742.5718491566,4426638.310890777,4044655.3439172385,39.60861889198202,115.89248449885042,50.58892043730585,12,1.7423280626573852,0.045557586159711616,3.2582752568812143,1.0187230753123095,3.414122119584303
2026-05-30 00:23:30,-2148747.0391486725,4426644.682888798,4044658.293979675,39.60859547629802,115.89249889442839,51.1741718540348,7,1.7359152100124393,1.2898484688551242,0.6489681740729059,1.8447252549330937,2.342622468464647
2026-05-30 00:24:00,-2148749.053010111,4426639.91787336,4044654.137081783,39.60858604018199,115.8925442190536,51.06663713860693,7,1.7294079944289826,5.178978408717089,-0.408801578512743,1.8723310847088148,5.522187952190616
2026-05-30 00:24:30,-2148740.605349219,4426640.830420712,4044657.4606042732,39.60862556760236,115.89245108813171,50.673392564156785,9,1.7228090187064868,-2.7722061802687743,3.9681879871646775,1.2332933665900443,4.9952633099240575
2026-05-30 00:25:00,-2148745.5042289877,4426641.412045379,4044654.2435049713,39.60858795606453,115.89249944738603,51.26653087074877,7,1.716120922347256,1.3762283540664315,-0.21743850945099052,1.6127255863168857,2.1312362151319153
2026-05-30 00:25:30,-2148745.1460720953,4426640.2820488205,4044652.303787571,39.60858116827261,115.89250144141263,51.35166323134728,8,1.70934638050066,1.5595723011377705,-0.9818193659492691,2.0138658752926535,2.729815157386564
2026-05-30 00:26:00,-2148745.616229975,4426641.988270948,4044659.0966634206,39.608618479088435,115.89249769063622,50.89223778616576,12,1.7024881028931114,1.2515341354545249,3.1485566577521533,1.318794559940898,3.635789571827971
2026-05-30 00:26:30,-2148742.458126918,4426642.468104549,4044654.903433155,39.60859472183176,115.89246216907674,51.72013734412426,8,1.695548832744211,-1.7735347063970912,0.5001896550698237,2.369683909152509,3.0018355842934175
2026-05-30 00:27:00,-2148747.7985623996,4426639.956817089,4044655.18097279,39.608596236028355,115.8925308804677,51.050559966826945,12,1.688531345669496,4.1149063857870445,0.6567686163687769,1.740328235631008,4.515810220433592
2026-05-30 00:27:30,-2148744.2291886844,4426645.972355749,4044653.1087144944,39.60855978147494,115.89246290295195,50.78803015074106,12,1.681438448570231,-1.6859014479721988,-3.401367367922205,1.7157063709525293,4.165958715010014
2026-05-30 00:28:00,-2148740.1824934985,4426637.205422619,4044654.332036486,39.60862350666167,115.89246509094585,50.76613494936032,12,1.674272978510685,-1.4865260071051676,3.6602657925682527,1.7085548824169545,4.304238031089375
2026-05-30 00:28:30,-2148744.368842759,4426641.401685975,4044658.342594894,39.608619365800585,115.89248760668157,51.34614099029494,12,1.6670378015833431,0.4510871102753965,3.1885873410357766,2.401777683337456,4.017350476700788
2026-05-30 00:29:00,-2148748.6538785775,4426641.7466867855,4044654.8021388315,39.60858225492848,115.89253073895304,51.49470964278201,10,1.6597358117625092,4.151632756258416,-0.9429409033991196,2.4387320333850164,4.9063842104750846
2026-05-30 00:29:30,-2148743.4137377883,4426644.352266278,4044655.7072950006,39.608588234111274,115.89246259874149,51.24828456470162,8,1.6523699297467527,-1.6635578546578125,-0.291649863530443,1.5712597650906708,2.3068033353720945
2026-05-30 00:30:00,-2148742.8227890595,4426643.643734754,4044659.510839363,39.608619819920584,115.8924600111668,51.45118370316688,12,1.6449431017906695,-1.8730481828590357,3.2018016950324366,2.564573281023103,4.509642968502243
2026-05-30 00:30:30,-2148746.4680205155,4426649.496881975,4044651.7143704505,39.608526354313206,115.89246843370312,51.29993296671832,10,1.6374582985264188,-1.14111747751002,-7.185627212777735,1.9295862722905723,7.527196737212532
2026-05-30 00:31:00,-2148749.7662989236,4426647.581282643,4044660.688150353,39.608590410936905,115.89251272410787,51.024216093835385,9,1.6299185137755106,2.657977185504265,-0.0882598494546889,2.288893690598914,3.5087984904451917
2026-05-30 00:31:30,-2148745.835091263,4426641.223340022,4044658.0253935684,39.60861441441923,115.89250387275438,51.48468271639636,11,1.6223267633513156,1.9124560489493083,2.5630393027931824,2.4970114134290795,4.057305091513387
2026-05-30 00:32:00,-2148744.034856195,4426645.330350024,4044654.775093228,39.60857516440913,115.89246413173647,51.560001665970454,11,1.6146860838527821,-1.4747647581984427,-1.806966837440432,2.2113434630035447,3.214047316857998
2026-05-30 00:32:30,-2148746.2568158326,4426638.847384021,4044657.2268594396,39.608620029656834,115.89252037162093,50.90174681813775,12,1.6069995314498349,3.3458205096181386,3.159654912943471,2.261478880443012,5.127594053565373
2026-05-30 00:33:00,-2148746.5072837183,4426638.990416417,4044653.706851324,39.60859417653851,115.89252226802913,50.79634199497578,11,1.599270180660949,3.5190185689779065,0.2763742420002997,2.2482039978055783,4.185008438008404
2026-05-30 00:33:30,-2148741.8936891537,4426642.292215515,4044654.5972171407,39.608594905880594,115.8924571508412,51.43145233645063,10,1.5915011231233838,-2.038674529865133,0.34358483988129307,2.2361881203505596,3.0454526249006144
2026-05-30 00:34:00,-2148744.549321057,4426639.791299738,4044656.5595502714,39.60861479454449,115.89249768568676,50.93671774501409,9,1.5836954663565677,1.4384734873540388,2.5373203024480238,1.8496031973033544,3.45372730227941
2026-05-30 00:34:30,-2148746.264706969,4426644.251486164,4044656.683304138,39.60858842326215,115.89249297560113,51.8779185772855,10,1.5758563325191337,1.0463039255138924,-0.4039561226375439,3.0535439533766833,3.2530083198119004
2026-05-30 00:35:00,-2148744.216428116,4426640.710539151,4044655.670054643,39.60860470738362,115.89248952443938,51.242703843406005,9,1.5679868571600963,0.7616550491602134,1.3893614467415367,1.4822771851764958,2.1696979737506643
2026-05-30 00:35:30,-2148745.8258558447,4426641.910975753,4044653.619126121,39.6085802414187,115.89250027953443,51.55734887986225,10,1.5600901879646742,1.691733958255887,-1.3407343549237176,1.489900255771181,2.6228486742730466
2026-05-30 00:36:00,-2148744.255979071,4426639.645913417,4044653.493475487,39.60859494193415,115.89249535213227,51.97815274384976,7,1.5521694834952582,1.2805621145823105,0.27649745268493464,2.7920066978352835,3.0840868294199923
2026-05-30 00:36:30,-2148742.2591347247,4426649.539293228,4044655.440322492,39.60856257234159,115.89242412924386,52.35941521105384,9,1.5442279119280278,-4.800099868413123,-3.331202349031421,3.845984068380784,6.994959706186373
2026-05-30 00:37:00,-2148743.5597359585,4426642.241248201,4044652.695630391,39.60857777622342,115.89247486215031,51.07599508703314,10,1.5362686497857239,-0.45169162128867835,-1.658394000436229,2.1786094935785534,2.7750018571049413
2026-05-30 00:37:30,-2148742.1178317405,4426643.483519278,4044652.7479482535,39.60857534976778,115.89245344126735,50.859902773504786,7,1.528294880667081,-2.2737570733353123,-1.9426984832785088,1.8511573416534108,3.517219374595834
2026-05-30 00:38:00,-2148746.068776383,4426641.300702652,4044653.371861246,39.60858105421818,115.89250592727655,51.9757972254392,8,1.5203097939734316,2.2242782492254354,-1.3246156137843872,3.2438277715926485,4.150233591740889
2026-05-30 00:38:30,-2148745.7933309395,4426640.940129206,4044654.3417477333,39.60859034565202,115.89250487537267,51.87486289314526,11,1.5123165836329864,2.14379881382835,-0.30851862299671706,2.360128450850386,3.203320683200649
2026-05-30 00:39:00,-2148744.3126169234,4426643.889248141,4044651.250094162,39.60855735894248,115.89247436900654,51.83236444260625,12,1.504318446823307,-0.45566801397724666,-3.985434392639525,3.2671607206082753,5.173553885993798
2026-05-30 00:39:30,-2148744.588010427,4426632.116723846,4044656.707499114,39.60865521393387,115.89253711457098,51.34317364456771,12,1.5036814173075232,4.919278852109747,6.860942013037054,2.363747423559585,8.766933991621912
2026-05-30 00:40:00,-2148747.748321067,4426643.797381171,4044657.6181931426,39.608593559162635,115.89251082574381,51.60158255643656,11,1.5116798089205155,2.680177766287586,0.0016003738229557474,2.296382570103604,3.5294090622049348
2026-05-30 00:40:30,-2148741.144865909,4426641.019464716,4044657.805722118,39.60862564878042,115.89245577842654,51.6249307653241,10,1.5196735287656682,-2.0183976800448855,3.547753778346956,2.9884917961684088,5.058811054225247
2026-05-30 00:41:00,-2148745.34553524,4426639.074087386,4044657.764384576,39.608624879180994,115.89250967304905,51.80423587119487,10,1.5276593794616249,2.59918893639266,3.446404209835804,3.232110339639257,5.392589577581717
2026-05-30 00:41:30,-2148741.447415661,4426641.913576017,4044655.147317646,39.60860179610387,115.8924544013383,51.727515023499045,9,1.5356341667745836,-2.118886331275406,0.8681310465485956,2.257930876062884,3.2158331175490766
2026-05-30 00:42:00,-2148747.493037254,4426648.74302055,4044653.021967085,39.60853677108777,115.89248300413782,50.97186828948559,9,1.5435947008959485,0.33552298312923556,-6.365822601539387,2.04938721117377,6.695988426498379
2026-05-30 00:42:30,-2148744.6029731464,4426643.847394315,4044659.828920105,39.608616539216385,115.89247762335795,51.96677188874369,9,1.5515377977182099,-0.11637758422315359,2.4721398843238283,3.264370894758218,4.096478571690424
2026-05-30 00:43:00,-2148743.89027879,4426639.688489246,4044654.750812946,39.60860438456969,115.89249130486418,52.145995685438834,11,1.5594602801085455,1.061699402369392,1.1065537285357956,3.815472916725339,4.112116286462794
2026-05-30 00:43:30,-2148745.4441158073,4426640.2722791955,4044656.2534677573,39.60860795542514,115.89250461315208,52.03498013195397,12,1.5673589791796307,2.2076994442223574,1.4863800940578002,3.1077787146756726,4.091644065583193
2026-05-30 00:44:00,-2148742.593922643,4426641.841273341,4044659.478513714,39.608629440470885,115.89246677885828,51.97394223959353,7,1.575230735557152,-1.0199890795905868,3.8545657454718305,3.5949432819743157,5.368581936532321
2026-05-30 00:44:30,-2148740.422445937,4426638.4891476985,4044658.329866679,39.608644118722424,115.8924610770354,51.07414407697461,10,1.5830724006435135,-1.4999890148403157,5.467083802433679,2.37413451809734,6.146176621078799
2026-05-30 00:45:00,-2148745.873382515,4426642.246380813,4044653.641349132,39.60857855164836,115.89249907192384,50.97600298806834,10,1.5908808378772348,1.756630132550212,-1.8277403061183857,2.704689903471516,3.706984154691501
2026-05-30 00:45:30,-2148744.8449920225,4426641.993950193,4044657.9236703194,39.6086122145416,115.89248958290004,51.711554474878916,9,1.5986529239875336,0.952433479696162,1.8918533641526385,2.630469867144768,3.3772193305526383
2026-05-30 00:46:00,-2148745.2489522137,4426641.946496752,4044655.2020676685,39.60859251333246,115.89249405574729,51.51836698076696,9,1.6063855502435922,1.342038884294538,-0.3120744768944155,2.382031730788354,2.7518237611754883
2026-05-30 00:46:30,-2148741.9678789857,4426641.856694078,4044655.0064497124,39.608599808775516,115.89246014252205,51.606790184551784,12,1.6140756236980083,-1.5511595641864935,0.48052239062981394,3.0597775477124767,3.463991397643649
2026-05-30 00:47:00,-2148743.6525150407,4426645.12100291,4044649.613667373,39.608541284022294,115.89246119112613,52.052553606083634,10,1.6217200684239335,-1.454718265610172,-6.033023737278519,3.021749435896087,6.9025031908869305
2026-05-30 00:47:30,-2148744.36915377,4426640.898546044,4044656.621410006,39.60860997801199,115.89249016829528,52.436310461299215,8,1.6293158267454015,1.0299027423670029,1.5746118809185916,3.655625425686628,4.111410887662725
2026-05-30 00:48:00,-2148742.058124384,4426641.079008763,4044653.8057070444,39.608595230091744,115.89246504221522,52.742917920983196,11,1.6368598604603593,-1.1123585600330312,-0.07990071721644454,4.468635450501625,4.605695222240647
2026-05-30 00:48:30,-2148743.3246354517,4426644.041881543,4044655.580087967,39.60858916852255,115.89246324361406,51.32861920734338,9,1.6443491520559068,-1.2599101096001466,-0.7703220421965158,2.2757029363533348,2.7128570525358784
2026-05-30 00:49:00,-2148743.7090147124,4426639.807139421,4044653.696032569,39.60859688781216,115.89248880277853,51.695794442827896,9,1.6517807059152618,0.9319025898792769,0.06884079942367194,3.545607992871977,3.6666766331116034
2026-05-30 00:49:30,-2148742.5960769714,4426642.738498959,4044658.4179714797,39.60861743968167,115.89246223923472,52.2011022578994,8,1.6591515495159663,-1.3338010996785497,2.3323313943219253,3.548030958752622,4.450541404223807
2026-05-30 00:50:00,-2148747.3315465786,4426646.156172795,4044652.5389691037,39.60854712339136,115.89249446602811,51.82881869846716,7,1.6664587346188569,1.4278564197372778,-5.490629808187479,3.2618301577638316,6.544106174569561
2026-05-30 00:50:30,-2148746.0293654436,4426641.435461595,4044657.3398617846,39.608608068011115,115.89250482921993,51.43722541163229,10,1.6736993384473202,2.3196441315791803,1.2562865204647176,2.7133929466164353,3.7843765670740135
2026-05-30 00:51:00,-2148747.2037475067,4426634.701259017,4044656.357885944,39.60863295080886,115.89255137308896,51.038340788522056,7,1.6808704648563648,6.305295902132169,4.0002597027630795,2.4105242135384004,7.846620998050678
2026-05-30 00:51:30,-2148745.9258550946,4426640.150120185,4044656.773269708,39.60861099750069,115.89251028061211,52.31655700153257,8,1.6879692454910409,2.796431483191415,1.5453468194202666,4.044896659561977,5.154543124178137
2026-05-30 00:52:00,-2148743.9668952753,4426640.130011835,4044650.3547658958,39.60857133452189,115.89248986239033,51.326434023654926,12,1.6949928409337438,1.055377024073666,-2.8754152069892758,2.564330690058756,3.994699633702762
2026-05-30 00:52:30,-2148742.2764016204,4426640.009740592,4044657.7376455003,39.608627544255356,115.8924727657019,51.956543381182726,7,1.701938441839943,-0.40180956765952347,3.345620741482968,3.2001693449421733,4.647118775199467
2026-05-30 00:53:00,-2148744.9993603034,4426642.941599678,4044658.8515500547,39.60861340927725,115.89248638134848,52.00669349274098,9,1.708803270061883,0.7672323002523173,1.7583232458747722,3.9515825995156924,4.392647388572096
2026-05-30 00:53:30,-2148743.7115776585,4426645.6746548535,4044653.9512627865,39.608568468227894,115.89245899462435,51.420940481271046,7,1.7155845797598046,-1.5702776833280792,-3.2485159798890115,3.0132649739396595,4.7008928808816774
2026-05-30 00:54:00,-2148744.748625124,4426643.824556612,4044652.3421054957,39.60856420090384,115.89247926521335,52.08433550337727,10,1.7222796585002451,0.1675120931434695,-3.7406368721452266,3.7653022983468043,5.310171928340687
2026-05-30 00:54:30,-2148739.3656168673,4426641.018689553,4044657.5514840805,39.60862832749217,115.8924371443903,51.65073800237794,12,1.7288858283409747,-3.4303639280720315,3.3589039911561676,3.035000648227348,5.679864578981002
2026-05-30 00:55:00,-2148746.405740667,4426644.141001032,4044657.0821032734,39.60859141426849,115.89249501474642,51.53065435914972,7,1.7354004469021382,1.5224596228977982,-0.7570341315371354,3.5720652701526223,3.956088254058144
2026-05-30 00:55:30,-2148745.8528585,4426639.261302726,4044654.589300416,39.608600557168295,115.8925140354048,52.25340771552273,11,1.741820908423172,3.1528176129604866,0.239200273933443,4.03150806752839,5.123527395280539
2026-05-30 00:56:00,-2148747.7200781223,4426644.49713908,4044655.63942462,39.608576261418314,115.89250697177953,52.427108400990946,11,1.748144644805072,2.552361072816071,-2.4763099435544973,4.252496045214889,5.543498948961924
2026-05-30 00:56:30,-2148745.440436802,4426642.240832762,4044659.437806348,39.608619992288766,115.89249456494954,51.11835800503017,12,1.7543691266376011,1.494790782749794,2.359082900545069,2.505394377498743,3.751889204472887
2026-05-30 00:57:00,-2148744.00060621,4426640.214404498,4044657.0429254826,39.60861735128413,115.8924897864005,51.44588466630323,9,1.7604918642110183,1.0893803142363634,2.047148501232681,3.244814870829006,3.9882815849809288
2026-05-30 00:57:30,-2148747.3454757975,4426637.144811513,4044654.8300052583,39.6086093937273,115.89254043275866,51.98739891839363,9,1.7665104085119299,5.423522063283712,1.145030403878578,3.602299113860611,6.610767361089974
2026-05-30 00:58:00,-2148744.3739314694,4426641.32157823,4044648.2038890915,39.608549221727635,115.89248806731696,52.092782791945574,12,1.772422352202861,0.9482872220031155,-5.552934540512457,4.114424513404053,6.975874120361609
2026-05-30 00:58:30,-2148747.707033623,4426639.093614326,4044655.575719492,39.60860365248225,115.8925343108901,52.06296612645137,7,1.7782253305851607,4.9055508662916685,0.4699652651536961,3.270360609213988,5.914436166408799
2026-05-30 00:59:00,-2148745.2896293863,4426640.64562748,4044653.1360328505,39.6085847297175,115.89250109648343,51.42052352428079,7,1.7839170225448482,2.067673762926295,-1.6494138305951416,2.778100504738796,3.8358419139586912
2026-05-30 00:59:30,-2148745.6381390146,4426638.84548944,4044653.982507036,39.60859901086543,115.89251390049976,51.4137238268278,9,1.7894951514810273,3.164939115689595,-0.08319414057994864,3.158305898542042,4.471985802729513
2026-05-30 01:00:00,-2148738.087691826,4426641.957394994,4044648.186125397,39.608561526642205,115.8924189847734,51.43142878295075,7,1.7949574862164983,-4.949779685222784,-4.262963437634898,2.9100673281752414,7.151340297969962
2026-05-30 01:00:30,-2148746.556279942,4426643.419942284,4044653.6308609885,39.60857073503323,115.89250025809581,52.10168771140159,9,1.8003018418901964,2.0023596914097164,-3.259882601641135,3.861374128850566,5.435668226926792
2026-05-30 01:01:00,-2148747.81104582,4426643.795566643,4044649.4967725924,39.608536904282175,115.89251149202308,51.604292270441846,9,1.8055260808311098,2.9647999934665386,-7.03417384308672,2.9593938756511857,8.18704175922331
2026-05-30 01:01:30,-2148747.5456037745,4426639.112656531,4044660.8578855116,39.608640710128135,115.89253252305738,52.24437866577837,12,1.8106281134133173,4.764866966426229,4.4691726255643704,3.757454384938537,7.536307094308702
2026-05-30 01:02:00,-2148743.4830556163,4426645.763820784,4044649.46193593,39.60853734415299,115.8924561474265,51.76982233698894,11,1.8156058988918125,-1.7651145674073248,-7.023574856304285,3.1590667500762377,7.901008538763931
2026-05-30 01:02:30,-2148746.684466293,4426638.982550602,4044654.3686746773,39.60859837935765,115.8925241640453,52.12081405452293,12,1.8204574462187735,4.052615024059288,-0.267810434397156,3.640719858906453,5.454379162933109
2026-05-30 01:03:00,-2148745.9293921636,4426640.35175966,4044652.5910474844,39.608580851969286,115.89250929237042,51.71964281691151,9,1.825180814839956,2.7818538288909247,-2.232510135904699,3.332622690741081,4.881514747603927
2026-05-30 01:03:30,-2148744.444276867,4426639.522508657,4044655.780883524,39.608611022015495,115.89249795207347,52.079228264489785,8,1.8297741154708889,1.8128962985894277,1.097191861643758,3.7956348748498363,4.347098696127438
2026-05-30 01:04:00,-2148743.7084361557,4426634.4877371695,4044651.8165915306,39.60861118135278,115.8925158447421,51.596353958530194,9,1.834235510852563,3.343648195197381,1.0956943906029817,2.9292900410130045,4.578347911116357
2026-05-30 01:04:30,-2148741.837224879,4426647.056445458,4044649.5059905117,39.60853511043197,115.89243233435552,52.26886225574879,7,1.8385632164863104,-3.7974058178517804,-7.367369743578552,3.7761606644366204,9.108118205627859
2026-05-30 01:05:00,-2148745.388016666,4426642.647719209,4044656.7209886266,39.60859912655812,115.8924919469114,52.330358672514855,8,1.842755501347579,1.3007041867640734,-0.2807769179537938,4.374165110099804,4.5720878676525505
2026-05-30 01:05:30,-2148746.164479738,4426642.281217348,4044650.8106971486,39.60855795015899,115.89250194408378,52.4903000969331,10,1.846810688578321,2.1557006669472933,-4.870556885282793,3.9352454494484013,6.622350525731553
2026-05-30 01:06:00,-2148745.1361126374,4426638.893802555,4044651.2107036207,39.60858073032307,115.89250839601775,52.55272895829836,8,1.8507271561577125,2.707334113452326,-2.3611580589900614,4.046269583913166,5.410824606942756
2026-05-30 01:06:30,-2148743.3150657155,4426640.790003865,4044655.387778973,39.608604585652095,115.89247967843887,52.44606257145456,8,1.8545033375509408,0.25121212574773244,0.26758711825666126,4.416480730749318,4.431705365100395
2026-05-30 01:07:00,-2148743.240764697,4426637.601639638,4044653.347989592,39.60860698319454,115.8924951122584,52.44536533721718,10,1.8581377223357969,1.5705692916690555,0.514523791313088,4.227462066167306,4.5390371393770925
2026-05-30 01:07:30,-2148747.8147176607,4426639.554384445,4044656.8936532307,39.60861018279762,115.89253309598149,52.38791903535166,10,1.8616288568068244,4.818124760030994,0.850497764281032,4.0967427580906275,6.381298760929374
2026-05-30 01:08:00,-2148745.9486140274,4426639.857260506,4044654.5588105163,39.60859703960358,115.89251200814444,51.970235228117545,8,1.8649753445567832,3.0139092408492103,-0.6275674109630218,3.2503382414102955,4.476850282391993
2026-05-30 01:08:30,-2148747.136781096,4426636.8815232245,4044653.831954749,39.60860432531387,115.89253958540893,52.46511392282315,12,1.8681758470351923,5.371168569422618,0.16198988657660002,4.081389646350116,6.747846617243196
2026-05-30 01:09:00,-2148746.5760938986,4426643.780155653,4044658.7810758883,39.60860466657385,115.8924986340453,52.32233670527438,9,1.8712290840837331,1.8679232817113665,0.1807300502850303,3.8886794929642874,4.31782687661703
2026-05-30 01:09:30,-2148746.005046506,4426640.154115931,4044656.7342178808,39.608610507445064,115.89251108983922,51.25361923161166,11,1.8741338344482956,2.931676475776681,0.8099466687003964,2.7150481976703666,4.0770365807083895
2026-05-30 01:10:00,-2148741.350105068,4426633.242034046,4044655.4861831605,39.60864901304378,115.8924974748929,51.45189306551917,7,1.8768889362674632,1.7657688957342212,5.064970399695381,2.859821299176036,6.0786875891226515
2026-05-30 01:10:30,-2148746.534327105,4426641.337412191,4044660.67848379,39.60863054092549,115.89251061734493,52.014769559080214,8,1.8794932875372428,2.887870184986201,2.9954926529908468,3.8022942899283625,5.636507101625634
2026-05-30 01:11:00,-2148747.3456152435,4426640.441644517,4044657.734367786,39.60861263888451,115.89252367052039,52.750981245216316,12,1.8819458465518506,4.002151045045397,0.9893213445417736,4.484546177147152,6.091561714789488
2026-05-30 01:11:30,-2148746.0098732375,4426635.24452167,4044660.741200783,39.608663635760074,115.89253610464961,51.52590792565657,8,1.884245632320381,5.063307792158895,6.630960371712435,3.2148182761651247,8.941016597575636
2026-05-30 01:12:00,-2148744.9819442593,4426644.110347015,4044657.443916986,39.60859764535674,115.8924802560934,51.94699156084418,11,1.88639172495919,0.2849935128913704,-0.7129552219987576,3.7471935210957033,3.8250471546775833
2026-05-30 01:12:30,-2148745.8774456317,4426645.176008149,4044655.470256819,39.608576193491594,115.89248421798305,52.59831011680845,12,1.8883832660598363,0.6212651664888584,-3.113057006229385,4.667649947342739,5.6448250957895025
2026-05-30 01:13:00,-2148741.634373144,4426644.106693325,4044657.632499167,39.6086073368273,115.89244520825096,53.096638743596735,10,1.890219459032433,-2.7174238063615537,0.32494730205995725,5.240121460870048,5.911755730505736
2026-05-30 01:13:30,-2148745.693566341,4426641.502899634,4044656.999248978,39.6086061897647,115.89250096875544,52.37599451966119,7,1.8918995694242737,2.048107493710741,0.17875891957166945,4.581553900027517,5.021686489216334
2026-05-30 01:14:00,-2148743.548684707,4426638.24064271,4044657.5118574253,39.608631897948435,115.89249508858673,52.24496638266307,10,1.8934229252136026,1.5421699003814082,3.0135471171683044,4.683120957496405,5.778527159370097
2026-05-30 01:14:30,-2148743.3853249764,4426639.32619122,4044651.937450237,39.608587934819596,115.89248785758383,51.972993270767034,8,1.8947889170784151,0.9205306325585905,-1.8851334336299996,3.565703056235603,4.137069372553023
2026-05-30 01:15:00,-2148744.4299296304,4426643.30463203,4044650.1721015354,39.60855257336232,115.89247857052008,52.012628182969586,11,1.8959969986401781,0.12288175291779169,-5.828978790709123,3.853163751838222,6.988488002867069
2026-05-30 01:15:30,-2148746.653722284,4426638.856707745,4044657.453271421,39.60862056574763,115.89252448188029,52.645461986990156,7,1.897046686682375,4.045418130026216,1.6995047264452525,4.924597090686028,6.595860873877484
2026-05-30 01:16:00,-2148747.6059961524,4426637.137916233,4044656.6965714307,39.60862176582293,115.8925431968188,52.095806773266425,11,1.8979375613437839,5.642034103353093,1.8140968680555156,4.3766494308770305,7.367398218562942
2026-05-30 01:16:30,-2148746.875523476,4426650.766742238,4044655.84998021,39.6085475779266,115.8924662454221,52.076984611739846,11,1.8986692662864186,-0.9425666412513041,-6.439318125664787,4.22592143094174,7.759617370541379
2026-05-30 01:17:00,-2148742.69935008,4426641.989573596,4044654.616214044,39.608594583049545,115.89246712915691,52.6537313327246,8,1.8992415088380583,-0.8711719479165774,-1.2402475913727091,5.298546996012559,5.511057513735116
2026-05-30 01:17:30,-2148742.502501909,4426635.260287206,4044652.8203705787,39.60861720245676,115.89249928408874,51.95495436151603,11,1.8996540601093117,1.8742412192650337,1.252071549506433,4.137737123745218,4.711828924981771
2026-05-30 01:18:00,-2148745.324635618,4426643.797917273,4044656.2489170255,39.60859008235599,115.89248543448227,51.96270627657011,11,1.8999067550851714,0.6853349161630541,-1.7766289900945966,3.8742767270090996,4.316956644813694
2026-05-30 01:18:30,-2148739.4235157454,4426636.914377283,4044655.723512878,39.608636581347106,115.8924586204038,53.42918764932843,7,1.8999994926910158,-1.612424438470795,3.36645802233682,5.248402062098571,6.4403941177054005
2026-05-30 01:19:00,-2148743.074164389,4426639.471825534,4044656.3254561564,39.60861849369327,115.89248385759882,51.99574489996615,12,1.8999322358330393,0.5408728646211044,1.340498432210021,3.634135126988701,3.9110634901077925
2026-05-30 01:19:30,-2148746.8562030043,4426638.962218948,4044657.1564538055,39.60861745197498,115.89252606640113,52.20446410737115,10,1.8997050114130885,4.145342634952338,1.2067112996943155,4.14289074546142,5.983607728686216
2026-05-30 01:20:00,-2148740.694907932,4426640.927386848,4044655.6734428857,39.608612410245485,115.8924515332255,53.17285901281942,7,1.8993179103179012,-2.2337117086025122,0.6289991505468143,5.411340307967705,5.887929335273359
2026-05-30 01:20:30,-2148748.3262422904,4426636.728021872,4044655.3664975776,39.608612821515706,115.89255282575833,52.298383303439316,10,1.8987710873827548,6.423030289121476,0.6566488001836049,4.3563258408859244,7.78871495008804
2026-05-30 01:21:00,-2148747.035618616,4426644.416990884,4044654.655053474,39.6085715341297,115.89250020948215,52.520209132442716,10,1.898064761329532,1.9178780998413032,-3.9441709687382303,4.503289591313759,6.286044716649986
2026-05-30 01:21:30,-2148747.117029324,4426639.64061605,4044658.444996533,39.608622275599984,115.89252534909977,51.915634410229195,8,1.8971992146792371,4.061951569318944,1.6702963130948851,3.9753048149586263,5.923882907085878
2026-05-30 01:22:00,-2148744.6392805106,4426641.576909699,4044652.438579286,39.60857670963783,115.892489548593,51.8519941280115,7,1.8961747936389892,0.9944747548235013,-3.4052748341977743,3.324296582627141,4.8616689010738305
2026-05-30 01:22:30,-2148746.3424392785,4426640.385531221,4044651.423333731,39.60857152185335,115.89251344739363,52.86625306171969,7,1.894991907963546,3.0320919836308335,-3.998779132686131,5.210134342864745,7.2339004845175365
2026-05-30 01:23:00,-2148746.2897834466,4426638.460214207,4044654.4505143925,39.608602621988155,115.89252268563898,52.25404514049908,12,1.8936510307914058,3.8158203434639306,-0.5642327201985584,4.2045571026069135,5.705886774658089
2026-05-30 01:23:30,-2148745.9189236285,4426642.01699583,4044657.101764818,39.60860369514008,115.89250071534751,52.387114265500166,8,1.8921526984555594,1.9305378125523869,-0.4625872070265791,4.2334147157527315,4.6757633949282535
2026-05-30 01:24:00,-2148747.831609296,4426642.669135256,4044654.49594339,39.60857743198934,115.8925174350861,52.116216063098676,12,1.890497510268964,3.353715400482959,-3.3951745741539283,4.4142128863061805,6.500760938693979
2026-05-30 01:24:30,-2148743.8757721726,4426639.6863296,4044659.2485452956,39.608635726407634,115.89249116388594,52.44125702215183,10,1.8886861282848248,1.1002960144469442,3.0582274407217405,4.200577554777919,5.311144715811772
2026-05-30 01:25:00,-2148745.160124299,4426641.134514052,4044654.1528647975,39.60858961273639,115.8924972540123,52.72419853952785,9,1.8867192770317844,1.614131076464954,-2.077566776749376,4.606418525651946,5.304789767496177
2026-05-30 01:25:30,-2148745.2232486573,4426647.275664539,4044659.8079027524,39.60859720501242,115.89246668888023,52.276162103399585,12,1.8845977432241194,-1.006824615877103,-1.2518966659483746,4.393872171502183,4.678360153819931
2026-05-30 01:26:00,-2148743.834472817,4426638.825640617,4044657.3217898067,39.608626851848584,115.8924951076838,52.223517859059285,9,1.8823223754470666,1.4161444405362222,2.0219362574580853,4.188159405313371,4.86151936229818
2026-05-30 01:26:30,-2148744.970306497,4426640.089537445,4044661.4647299587,39.608646338099,115.89250057911384,52.38311770367263,12,1.8798940838173985,1.8765730596782946,4.1680532447572585,4.301404481850691,6.276645187990721
2026-05-30 01:27:00,-2148742.5448498353,4426641.971639826,4044652.08301846,39.608577435606826,115.89246560192707,52.092147884424044,12,1.8773138396193905,-1.122180071765932,-3.496868686469299,3.3794255008012057,4.9907810450212695
2026-05-30 01:27:30,-2148739.572151233,4426638.433218398,4044656.2568131355,39.60863210612383,115.89245245441846,52.68412324090164,11,1.8745826749163186,-2.254301590906728,2.554927321144133,5.2938108230126675,6.295550993276077
2026-05-30 01:28:00,-2148744.467574516,4426641.902191378,4044657.364288716,39.60860973716527,115.89248609595558,52.545789679710296,7,1.8717016821376493,0.6146435542821979,0.05545785637048739,4.072351130068018,4.118847654286346
2026-05-30 01:28:30,-2148746.428643706,4426642.67106992,4044661.7196864104,39.60863118756238,115.89250272893425,52.71768395020883,8,1.8686720136420814,2.028918473820503,2.420055564771215,5.189640087516867,6.074993279663141
2026-05-30 01:29:00,-2148743.082039215,4426642.315666472,4044656.0643345057,39.60860202528983,115.8924694797879,52.69890403291953,12,1.8654948812566179,-0.8227029787533442,-0.8332320056140703,4.500069118418458,4.649918046264122
2026-05-30 01:29:30,-2148745.479514524,4426643.505067178,4044652.22539347,39.60856320725379,115.89248854594402,51.82304174796385,8,1.862171555791852,0.7993310254447767,-5.158185924855038,3.3030753409954112,6.17706393296226
2026-05-30 01:30:00,-2148741.0373203643,4426642.731244406,4044656.6093780985,39.60860878609848,115.89244594785404,52.77011588663994,8,1.8587033665336588,-2.852092887005504,-0.11496035923541192,5.395370021082467,6.1039059121761
2026-05-30 01:30:30,-2148748.148424842,4426641.305902674,4044656.9265152696,39.60860056625337,115.89252768552794,51.96063429614818,12,1.8550917007115,4.129067855549074,-1.0432613296642868,4.536814991913536,6.222562641593329
2026-05-30 01:31:00,-2148739.472179865,4426639.748528442,4044650.7023658887,39.60858694139385,115.89244471914085,51.74179265130451,12,1.8513380029435496,-2.9748153539776023,-2.571388579073311,3.4306794835248677,5.218345267757587
2026-05-30 01:31:30,-2148747.811653554,4426643.879070502,4044656.4368779873,39.608584761290686,115.89251107379044,52.04882311720562,12,1.847443774658866,2.690537883545341,-2.8290152818706167,4.223775380021875,5.7517475630219606
2026-05-30 01:32:00,-2148743.4367991784,4426641.2683780035,4044654.4992344547,39.60859563798068,115.89247852119314,51.99826729219021,11,1.8434105734968407,-0.1024470817828671,-1.6372031013088555,4.205351519109311,4.513968409146895
2026-05-30 01:32:30,-2148743.0377803533,4426642.7544602165,4044657.741704391,39.60861154905007,115.89246678500044,52.920706039781514,7,1.8392400126841633,-1.1154396372208446,0.1135622673862432,5.012878840798279,5.136735952468296
2026-05-30 01:33:00,-2148745.8816897813,4426637.528049042,4044655.61847557,39.60861656379061,115.89252315064404,52.10156978549556,12,1.8349337603895521,3.6952389352014765,0.6549744214100341,3.809519730631265,5.3475436285269575
2026-05-30 01:33:30,-2148741.160687195,4426642.05416288,4044655.9173426577,39.60860714658269,115.89245068295072,52.24273910757415,10,1.830493539056509,-2.511586542722794,-0.4054182247433231,4.221406469927333,4.928762875497726
2026-05-30 01:34:00,-2148748.9520602417,4426642.962948235,4044654.436173875,39.60857270609522,115.8925276780314,53.044067053782165,9,1.825921124714365,4.0629520193761355,-4.2432512502425945,4.985902287931503,7.705321661633508
2026-05-30 01:34:30,-2148741.854845509,4426640.22455352,4044664.67720234,39.60867577613042,115.89246725754484,52.45539180184414,7,1.8212183462678921,-1.1139316512514905,7.182729543863343,4.591967328295113,8.597593347447699
2026-05-30 01:35:00,-2148740.5659527257,4426644.741779794,4044658.1172854705,39.608610110672274,115.89243078707949,52.6861647422412,11,1.8163870847657666,-4.2428405179481645,-0.1207814908726128,4.506044290341912,6.190373088578991
2026-05-30 01:35:30,-2148744.2400477426,4426644.319766051,4044652.7075165566,39.60856546563958,115.89247141974482,52.01130047088903,8,1.8114292726481729,-0.7783133921004388,-5.090875259140101,3.880267681657672,6.448198191880015
2026-05-30 01:36:00,-2148744.9768553106,4426638.438710815,4044661.350236659,39.60865401881511,115.89250904181121,52.207242094178525,9,1.8063468929738549,2.4286177229605315,4.724184214342668,4.452494799147476,6.931147846623802
2026-05-30 01:36:30,-2148740.205842473,4426643.480434872,4044657.103350698,39.608610445019714,115.89243342850367,52.90521615573686,8,1.801141978626918,-4.048065749967186,-0.12669589070682652,4.7432910050532895,6.237122551577678
2026-05-30 01:37:00,-2148741.4060636205,4426640.3098456,4044648.223113759,39.6085619732167,115.89246212277715,52.7876752347296,8,1.7958166115037035,-1.6048835433417763,-5.521098603951427,4.6442324747362225,7.391013209407638
2026-05-30 01:37:30,-2148746.7045335206,4426642.638582024,4044647.938535094,39.60853477862618,115.89250578412332,52.596677635779976,8,1.7903729216800561,2.1180919922217143,-8.55357247285259,4.6470450005097765,9.962175614423701
2026-05-30 01:38:00,-2148741.1341928355,4426639.899676455,4044654.4441850074,39.60860804784286,115.89246136049702,51.86269792121036,11,1.7848130865593241,-1.691772009600128,-0.434403486640609,3.7725686215439866,4.157291537278841
2026-05-30 01:38:30,-2148741.2017896413,4426643.957810257,4044657.1599852163,39.60860589554805,115.89244143389415,52.606473209916196,8,1.7791393300014255,-3.4068729870195105,-0.6868600443095734,4.4315041429703,5.631766085280453
2026-05-30 01:39:00,-2148746.5340314633,4426639.613431546,4044655.0613913024,39.608600328927196,115.89251938031778,53.078179166011196,8,1.7733539214333345,3.2476383693172837,-1.318142611652921,5.272655636445843,6.331315217477418
2026-05-30 01:39:30,-2148739.131625283,4426644.763751802,4044656.0895307744,39.608599471059215,115.89241565050638,51.42148721724055,11,1.7674591749413406,-5.634267894337204,-1.426587499894471,3.3259509414635406,6.696422646834379
2026-05-30 01:40:00,-2148748.200788834,4426641.196527953,4044657.2396979243,39.60860317729337,115.89252879019706,51.86812981598985,9,1.7614574483454448,4.029585274231789,-1.0282490374240534,3.5069737863972517,5.4400109102598915
2026-05-30 01:40:30,-2148741.3013582584,4426641.557852926,4044653.072361245,39.60858955389899,115.89245468013091,52.80298618376923,7,1.7553511422562635,-2.3196031238343426,-2.553329448749591,4.7034574629217065,5.832886252231208
2026-05-30 01:41:00,-2148744.1257123877,4426639.7457652725,4044652.2292207526,39.608585957038244,115.89249347983932,51.841036549774635,10,1.7491426991148167,0.9867151232187511,-2.965292877659097,4.13964782709526,5.186834556553628
2026-05-30 01:41:30,-2148741.3095529377,4426643.965888148,4044657.0807591584,39.60860503360597,115.89244252166064,52.82110457287339,11,1.7428346022155818,-3.3828563149914537,-0.8603321674289344,4.178540757693281,5.444638752928835
2026-05-30 01:42:00,-2148741.7174135786,4426642.812537554,4044657.897225617,39.60861562993939,115.89245265860166,52.568306414428044,8,1.7364293747132127,-2.52791771216491,0.30349792021682,4.362390160481506,5.051032256808391
2026-05-30 01:42:30,-2148746.1728700297,4426638.763885008,4044660.4113245495,39.60864282591009,115.89251991684776,52.659274912921454,9,1.7299295786133078,3.2117065434133067,3.310064909759255,4.35798290041818,6.3453607925917535
2026-05-30 01:43:00,-2148746.3517157203,4426644.362069359,4044654.146257886,39.6085699846346,115.89249332474235,53.08673300224924,12,1.723337813747644,0.9254736620331917,-4.787323507539304,4.896229200962565,6.909994808486767
2026-05-30 01:43:30,-2148747.1304827617,4426635.356947277,4044659.742158662,39.60865330741556,115.89254727158625,51.93493833625102,9,1.7166567167342794,5.5265213046100055,4.449678989601927,4.105476125764602,8.19737854805036
2026-05-30 01:44:00,-2148745.154176025,4426639.39924127,4044654.3995307623,39.60860027203262,115.89250601518805,52.841824151917116,11,1.7098889599229385,1.9860210718664815,-1.4488923545720336,4.825074731280529,5.4152483706176255
2026-05-30 01:44:30,-2148741.8847817453,4426639.766415964,4044651.6798173646,39.60858762484872,115.8924699006606,52.98400552783616,12,1.7030372503261109,-1.1148777901338907,-2.8641895771192294,5.051300497368379,5.912881796157123
2026-05-30 01:45:00,-2148742.1403080104,4426641.037675195,4044654.0092902738,39.60859665400442,115.89246611327627,52.45995538280401,9,1.6961043285362798,-1.451388303406198,-1.8732274248638525,4.316064980974646,4.923812132131166
2026-05-30 01:45:30,-2148743.1745956885,4426641.484299966,4044653.5224575135,39.60858838563008,115.89247467664727,52.70231538248394,11,1.689092967629724,-0.7318163533551788,-2.8021038062663806,5.034730076593034,5.808256869343944
2026-05-30 01:46:00,-2148746.286502004,4426639.096069871,4044656.1281828186,39.608611031583074,115.89251941807458,52.03437414859852,7,1.682005972057322,3.081463626191781,-0.2993009545634986,4.127532643264115,5.159605107191487
2026-05-30 01:46:30,-2148742.130877711,4426648.150138807,4044654.793356646,39.60856553853053,115.89242984924894,52.213289947483,10,1.674846176522811,-4.591083876838183,-5.359737250344899,3.6817273354329454,7.959896401924612
2026-05-30 01:47:00,-2148744.3012619433,4426641.801719448,4044658.3373008934,39.60861743953053,115.89248486467821,52.01515056349837,12,1.6676164448489423,0.10058242487139046,0.39075829673784646,3.4456935987106463,3.469238136372019
2026-05-30 01:47:30,-2148748.5995335802,4426641.128716641,4044654.047266987,39.608580317901286,115.89253331192528,52.200890595174165,9,1.6603196688319901,4.230460196967824,-3.740064479644459,4.134123125303246,6.998274773484841
2026-05-30 01:48:00,-2148743.6690369076,4426641.050093791,4044653.879061213,39.608591865996964,115.89248206385369,51.94408381231986,7,1.652958767085072,-0.16534115271148497,-2.4683527791918216,3.7216790422958623,4.468892260190236
2026-05-30 01:48:30,-2148747.2418050705,4426640.786664268,4044656.45167297,39.60860219820248,115.89252082873874,51.85519645050392,9,1.6455366838707435,3.136338922016594,-1.3314084179828347,3.78468669030292,5.092457516070982
2026-05-30 01:49:00,-2148744.3390910947,4426643.083074652,4044656.7572948816,39.60859975890857,115.89247874553952,52.3576939169106,12,1.6380563879233292,-0.47590966420928116,-1.6119025957489255,4.589732536599961,4.887777075951217
2026-05-30 01:49:30,-2148745.370304442,4426638.42296376,4044658.544884219,39.60863359801631,115.89251324333526,52.731807004700066,8,1.6305208712614734,2.460674741579363,2.134705110377822,4.592628173392208,5.630641138552137
2026-05-30 01:50:00,-2148740.8962736307,4426640.504730839,4044658.1971437414,39.60863164145448,115.89245579168093,52.23981400038698,10,1.6229331479913678,-2.4660138737199606,1.9081941662081652,4.431576279451193,5.418606621810138
2026-05-30 01:50:30,-2148745.4025579668,4426638.258972933,4044657.9844228653,39.60863046161626,115.89251441505535,52.57495511884838,11,1.6152962531011525,2.5335199010683307,1.768101559152294,4.322275238071891,5.312905932372178
2026-05-30 01:51:00,-2148742.287598903,4426642.646602457,4044655.0333691034,39.608595133406304,115.89245947514227,52.48710650851252,12,1.6076132412469597,-2.1785518198013665,-2.162256978963573,4.461935242985624,5.415746429369982
2026-05-30 01:51:30,-2148743.8868543934,4426641.950483288,4044656.9708948154,39.60860820187504,115.89247976725133,52.69362566406207,8,1.5998871855310923,-0.4571418989947238,-0.7203795654412404,4.686310845721273,4.76334281538151
2026-05-30 01:52:00,-2148751.134716645,4426637.423122212,4044653.812436809,39.608591418050146,115.89257871059407,52.416571802282995,11,1.5921211762728236,7.990150145115964,-2.5919008727824346,3.669861006487354,9.166696748707432
2026-05-30 01:52:30,-2148745.389390194,4426641.4151316555,4044660.1892802888,39.60862959673531,115.89249822873559,52.92479421070177,10,1.5843183197723119,1.0935724495124526,1.6376235360396822,4.852199621050692,5.2365592434964645
2026-05-30 01:53:00,-2148743.1081510074,4426643.602099431,4044655.0208478733,39.60858808081755,115.89246321209204,52.50712345154072,7,1.5764817370681203,-1.9150661692227038,-2.9787446847697865,4.615141894301154,5.817210073057292
2026-05-30 01:53:30,-2148745.7887865896,4426638.79900534,4044658.9378210027,39.608633352067464,115.89251571492291,52.5755849444235,7,1.5686145626888448,2.5605629599274624,2.038472169395466,4.655651901051706,5.690953002873834
2026-05-30 01:54:00,-2148746.640179323,4426638.138387679,4044650.5274062934,39.60857610632938,115.89252799252064,52.318916856919785,12,1.560719943399342,3.596201186784406,-4.323486045818979,4.369915439559077,7.1218926917721666
2026-05-30 01:54:30,-2148747.4266142976,4426638.124370293,4044654.580121446,39.60860241248883,115.89253630184794,52.628550189815115,8,1.5528010369420682,4.292413562097152,-1.4109719301496162,4.692172515780602,6.5139956166390345
2026-05-30 01:55:00,-2148748.3811948,4426640.834604005,4044659.5262229787,39.608620498134194,115.89253252028753,52.58802448035756,7,1.5448610107740215,3.954585600501118,0.5892779027506814,4.556056838353026,6.061654034392296
2026-05-30 01:55:30,-2148749.26462225,4426646.369116304,4044658.4480699166,39.60858231449252,115.89251363255576,52.19394692604637,7,1.5369030407998046,2.3248633395131604,-3.6561492999650906,3.4930265992246365,5.565397746247642
2026-05-30 01:56:00,-2148747.3801835757,4426640.140483697,4044652.205486618,39.60857563298053,115.89252556396822,52.824815131541015,12,1.5289303101013019,3.3306140783088405,-4.404625268643344,4.3327364278324705,7.018996997354178
2026-05-30 01:56:30,-2148737.251317891,4426643.525593962,4044654.682001574,39.60860074421879,115.89240224966623,52.13068038853704,12,1.5209460076644903,-7.2294201096540185,-1.6238901368420315,3.932250941057703,8.388333074088793
2026-05-30 01:57:00,-2148747.974069264,4426641.101133088,4044661.798624524,39.60863595459937,115.8925269003315,52.87771165319013,7,1.51295332710389,3.41554039320368,2.278066567712612,4.768812776923843,6.29262097745351
2026-05-30 01:57:30,-2148741.1088085948,4426643.559271656,4044656.7704638215,39.608605468068454,115.8924424863775,52.31485705506556,7,1.5049554653851562,-3.818002860213637,-1.1121162081536184,4.416781580085901,5.943223689818819
2026-05-30 01:58:00,-2148745.3673495133,4426645.308906894,4044658.8335597953,39.608600184990074,115.89247819887571,52.69294361405611,8,1.5030443784536591,-0.778829950571048,-1.704497166855029,4.918283449372089,5.26321183044068
2026-05-30 01:58:30,-2148745.8813425144,4426642.257542739,4044656.019582352,39.60859502170715,115.89249909855036,52.498829961535115,11,1.5110430045816845,0.993547371297951,-2.2833613859865807,4.350558406594743,5.012807002789936
2026-05-30 01:59:00,-2148745.6109643183,4426641.193332243,4044655.054740363,39.608594459244046,115.89250167756666,52.10582760991645,10,1.5190372136551151,1.1991540317512017,-2.3513143356054593,3.9372921598461326,4.740139138113429
2026-05-30 01:59:30,-2148745.5174580785,4426641.314407368,4044655.5325966408,39.608597394678426,115.8925000824311,51.65750440159007,7,1.52702380809691,1.0477497366218271,-2.0307795990830964,3.603369892070978,4.266863001049696
2026-05-30 02:00:00,-2148740.913835231,4426640.296482287,4044653.7638592287,39.60860182297258,115.89245703453939,51.88084552053519,11,1.5349995933757785,-2.6485934037297585,-1.544315599759872,3.4665392782665174,4.627834510622331
2026-05-30 02:00:30,-2148746.7328060633,4426642.697268039,4044653.646616512,39.608574122022674,115.89250578187774,52.54601135715153,11,1.542961379283952,1.5050077606828043,-4.623975132323291,4.769090143984428,6.811050960425203
2026-05-30 02:01:00,-2148745.473376939,4426634.25095088,4044655.0911364965,39.60863077547073,115.89253553685029,52.06959850781893,9,1.5509059812132224,4.034404946624993,1.6599267669198257,3.521075128055342,5.606224237604046
2026-05-30 02:01:30,-2148743.4374828893,4426644.878618545,4044652.966833197,39.608566398968094,115.89246017109443,51.64360398172543,8,1.5588302214287453,-2.4257825807712345,-5.4902719357458025,3.803418366311895,7.105877730921758
2026-05-30 02:02:00,-2148748.125658548,4426642.9895287035,4044653.2949163574,39.60856669258567,115.89251888617304,52.507238372902805,9,1.5667309303400887,2.5800911426141315,-5.46186273573204,3.9206586039335067,7.201415051000185
2026-05-30 02:02:30,-2148742.1638097954,4426647.100592042,4044657.914765121,39.60859257457228,115.89243553091669,52.676164911909815,12,1.5746049477690303,-4.563410832271822,-2.59291941129353,4.061438510506591,6.636507535758893
2026-05-30 02:03:00,-2148742.305355923,4426643.702088121,4044656.941096751,39.608602932125315,115.89245429424525,52.218911557851044,11,1.5824491242135834,-2.9741419791542176,-1.4469624818546036,4.218912924585941,5.360825235101448
2026-05-30 02:03:30,-2148744.211382999,4426639.284866599,4044658.625977408,39.60863262206806,115.8924967208247,52.16309540070861,10,1.5902603221077583,0.6386863600374595,1.8451159736153633,4.666456611509796,5.058477095894767
2026-05-30 02:04:00,-2148746.13238557,4426641.211032088,4044658.994160437,39.6086204757729,115.89250704954964,52.38296113368365,10,1.5980354170765447,1.506590375564262,0.4935987959155377,4.311639168218586,4.593874905565975
2026-05-30 02:04:30,-2148747.1209812537,4426642.335260052,4044656.355090012,39.60859386025269,115.89251168881364,52.856668878660024,7,1.6057712991856223,1.887921620298025,-2.463775117540858,5.010657812227629,5.894160464853325
2026-05-30 02:05:00,-2148747.0752830408,4426637.646187466,4044659.995146528,39.608643427115354,115.8925350530474,52.786721972910264,12,1.6134648741852904,3.8705152303980053,3.03532315328093,4.513325160358033,6.675640703086638
2026-05-30 02:05:30,-2148748.2135223267,4426641.499333078,4044654.732617442,39.608584143662604,115.89252738388367,51.75571842184334,8,1.6211130647481298,3.199219645832607,-3.5477354952764832,3.6003965912784266,5.981997083016282
2026-05-30 02:06:00,-2148741.5892808815,4426643.723832795,4044656.2056007283,39.6085994911785,115.89244668265911,52.49530327630292,10,1.6287128116998888,-3.7175351639687797,-1.8465281586749316,4.725741557574715,6.289862256449859
2026-05-30 02:06:30,-2148740.907795722,4426641.488383317,4044654.124266914,39.60859821324449,115.89245091072543,52.42280250935717,10,1.636261075243116,-3.3714692540061217,-1.990516955896247,4.379325447410181,5.874304559414113
2026-05-30 02:07:00,-2148747.5617323928,4426642.386217532,4044648.9471948007,39.608540954317554,115.8925160466527,51.972162702553234,8,1.6437548361730359,2.183194679070194,-8.348166853884258,4.157744912073217,9.578364765495357
2026-05-30 02:07:30,-2148745.908934327,4426635.688464256,4044650.5580159756,39.608590750734535,115.89253278993921,52.025345591286985,10,1.6511910970851924,3.599479272981271,-2.8224441881224607,3.801420082917327,5.947540405789204
2026-05-30 02:08:00,-2148744.519402103,4426644.61724724,4044661.1889613653,39.6086222498938,115.89247283340768,52.21142379328358,7,1.658566883574369,-1.5433396198775267,0.6725125017000553,4.033896112816741,4.37109689851696
2026-05-30 02:08:30,-2148741.1890962073,4426643.21824797,4044654.3596621156,39.60859024818421,115.89244506143271,52.37412042255003,12,1.6658792454243128,-3.933865833291018,-2.8808974118181774,4.508266445724165,6.640733140052949
2026-05-30 02:09:00,-2148747.4055195837,4426645.97469634,4044653.8576636505,39.60855704762817,115.8924961636751,51.148136009044755,8,1.6731252577877809,0.4206320944830355,-6.567149265815461,3.0850560863792404,7.267871207892675
2026-05-30 02:09:30,-2148741.7531471956,4426643.267004527,4044660.7309601125,39.60863291906579,115.89245072205681,52.10473239520304,7,1.6803020223564396,-3.4809567705750935,1.8538203345640671,3.67094351172063,5.38790647076391
2026-05-30 02:10:00,-2148746.3448528643,4426640.1124448925,4044658.411012446,39.60862154004415,115.89251486126147,52.40019383916771,9,1.687406668520151,1.988399723384896,0.5902192236244357,3.9976420645472297,4.503691182589055
2026-05-30 02:10:30,-2148744.6587763876,4426642.055258991,4044655.3828880815,39.608594685821885,115.89248732051541,52.609010913283676,7,1.6944363545151762,-0.38238227462646973,-2.390898812566123,4.578828310868167,5.179602497903333
2026-05-30 02:11:00,-2148740.1836097892,4426641.035910165,4044653.722000754,39.60859955102002,115.89244562546214,52.28778898570112,12,1.7013882685608457,-3.9635907106506076,-1.850930797865987,4.247650947947201,6.097420332865479
2026-05-30 02:11:30,-2148740.1848757053,4426643.563952127,4044653.1894823117,39.60858283560507,115.89243278420682,51.960712461911434,12,1.7082596299842319,-5.077327308062971,-3.706180439229616,3.5157829852614073,7.202482630370158
2026-05-30 02:12:00,-2148743.0947342515,4426636.6271488555,4044656.1879114374,39.608632121506574,115.89249853763793,51.95746927988399,10,1.7150476903323826,0.5300692445912153,1.7649464192181599,3.2815156717100895,3.7635560804180166
2026-05-30 02:12:30,-2148747.6380072203,4426643.183168072,4044654.69575916,39.60857666104164,115.89251279332561,51.91500760931931,12,1.7217497344716644,1.7335718585678066,-4.390543080179037,4.339883939184797,6.4122330379767405
2026-05-30 02:13:00,-2148742.3194916886,4426643.531262927,4044656.2989526847,39.60859930780192,115.89245531092723,52.53115976507936,9,1.7283630816737814,-3.1976973763074827,-1.875900353516,4.025816740242393,5.47279371736055
2026-05-30 02:13:30,-2148744.598324444,4426641.977887586,4044651.4781120783,39.608568066066816,115.89248708068668,52.362595077613456,8,1.7348850866880292,-0.49643870876606766,-5.342650509421219,4.260595898231549,6.851499344333883
2026-05-30 02:14:00,-2148743.5075093675,4426638.276347967,4044653.7508222265,39.60860564839143,115.89249447571366,51.52277744424272,8,1.7413131407993616,0.12039356224328907,-1.16970008801031,2.920394212993199,3.148236850207608
2026-05-30 02:14:30,-2148742.95153363,4426640.749353418,4044652.077571799,39.60858267082256,115.89247607707034,51.77898281137638,11,1.7476446728718396,-1.468540702580246,-3.7186680843710063,3.643000874431507,5.408933304077906
2026-05-30 02:15:00,-2148745.9378762743,4426640.758664808,4044658.209059536,39.60861782643835,115.89250731221854,52.146094826703234,7,1.7538771503770538,1.187041710426428,0.1853769548736337,3.820629992922574,4.005077549874643
2026-05-30 02:15:30,-2148742.7935628295,4426639.555555509,4044654.7900928156,39.60860808088157,115.89248049249544,52.01782233946459,8,1.7600080804071008,-1.121997985556347,-0.8943788788285869,3.602337114613836,3.8775798825828875
2026-05-30 02:16:00,-2148742.0989468102,4426640.673557808,4044653.666283711,39.60859624414476,115.8924675314656,51.72183284063015,9,1.766035010671713,-2.2458722376970726,-2.20602670056162,3.304449082231415,4.563976298000384
2026-05-30 02:16:30,-2148744.798329022,4426640.748837786,4044656.063708397,39.60860579601461,115.89249542521935,52.09114677040915,9,1.7719555304791428,0.12402820458545591,-1.143310511109495,3.757134303802402,3.92919840389295
2026-05-30 02:17:00,-2148745.3125105947,4426643.824804456,4044656.9065170116,39.60859454977487,115.89248517075515,51.97917885586563,9,1.7777672717004065,-0.7683424998509489,-2.388956165908241,3.6162762632003784,4.40169464768908
2026-05-30 02:17:30,-2148745.9166253167,4426640.483423352,4044655.504541684,39.60860047806324,115.89250848915398,52.26063322688257,9,1.783467909716504,1.2103426991499824,-1.7280012688507425,3.8377478686822974,4.379409382338097
2026-05-30 02:18:00,-2148747.4500546404,4426637.729525114,4044653.376366815,39.60859600993449,115.89253855509483,52.02056725989899,9,1.7890551643482369,3.7660825701364136,-2.220821159218024,3.740834461572861,5.754065259901637
2026-05-30 02:18:30,-2148745.838775951,4426640.854058006,4044653.0107166828,39.60858141389433,115.89250578907081,52.22212219237644,12,1.7945268007682478,0.9486940964772609,-3.8376121558853145,3.8399823277996825,5.511147958955866
2026-05-30 02:19:00,-2148749.2948513455,4426641.158402647,4044654.4832341047,39.60858146199536,115.89254044455494,52.21384982036305,7,1.799880630394923,3.896980644664443,-3.8286769057095116,3.765814788914889,6.635253274564034
2026-05-30 02:19:30,-2148745.1545557613,4426639.530038756,4044652.0195731726,39.60858303874277,115.89250535408887,52.050487546903085,8,1.8051145117677954,0.8808844998013282,-3.6498358495585785,3.0930969503465793,4.864617968037833
2026-05-30 02:20:00,-2148747.8097755434,4426641.670369276,4044660.9256481845,39.60862736211666,115.89252228488202,52.204112554125295,12,1.8102263514041002,2.3134947585908647,1.2741062514361687,3.314902011751497,4.238417167468329
2026-05-30 02:20:30,-2148741.9967066627,4426638.7769791465,4044654.488000796,39.60861197498947,115.89247610416407,51.561042105399494,11,1.815214104636139,-1.6509202840273525,-0.4295923424486725,3.29343326500355,3.7090146988028283
2026-05-30 02:21:00,-2148748.3056294536,4426641.590821989,4044653.4567940403,39.60857456592694,115.89252788352077,52.24318180600974,8,1.8200757764291222,2.7618951283667643,-4.577501450856765,3.7303847458352926,6.518999507950012
2026-05-30 02:21:30,-2148743.5684458828,4426643.032143639,4044657.311504526,39.60860580174023,115.89247093186226,51.65037026387631,12,1.8248094221791542,-2.123523715359819,-1.1056056824421117,2.9226124662067217,3.77801277424664
2026-05-30 02:22:00,-2148747.9208349143,4426640.458790939,4044656.9073348497,39.60860535969036,115.8925296088644,51.58995192063044,11,1.8294131484910487,2.879245182697242,-1.1497297437493985,2.80052848613433,4.177905109908215
2026-05-30 02:22:30,-2148746.4688989874,4426640.300355789,4044656.604971479,39.60860769727595,115.8925152051809,52.658619813348565,8,1.833885113935664,1.6324701162564672,-0.8850919988529413,4.366076032621624,4.744572314712558
2026-05-30 02:23:00,-2148744.074721053,4426642.104845217,4044658.276601696,39.608616023364235,115.89248095029325,51.66710989334815,12,1.8382235297864469,-1.3118559604263444,0.04449107059098356,3.4378404003010967,3.6799038213261586
2026-05-30 02:23:30,-2148743.110370402,4426642.206324002,4044654.0453727674,39.608588469497874,115.89247033254433,52.15079409251538,10,1.842426660734902,-2.2347666834889184,-3.0083800756440198,3.420012051598647,5.07356041082039
2026-05-30 02:24:00,-2148747.3728497443,4426640.235071971,4044655.8785681594,39.6086007213515,115.89252500618386,51.814997484382104,9,1.8464928255846913,2.425859353504576,-1.6425963610979937,3.3510772621759926,4.451138643712523
2026-05-30 02:24:30,-2148748.1399659296,4426641.496667165,4044657.382256767,39.60860277685027,115.8925266269229,51.97801205052526,11,1.8504203979240894,2.549653051758246,-1.4083889325927816,3.6303752360935593,4.654451033648472
2026-05-30 02:25:00,-2148744.226820283,4426645.027602731,4044649.592093307,39.60854018014285,115.89246768199585,51.66410695214814,11,1.8542078067765275,-2.5058477247962303,-8.350358158181963,3.413363059386194,9.362627919818495
2026-05-30 02:25:30,-2148741.9180030786,4426644.603115543,4044659.6013241215,39.60861777307338,115.89244565513431,51.62290684930109,8,1.857853537228963,-4.404188266004883,0.2689397576391146,2.6055800975976267,5.12428048809303
2026-05-30 02:26:00,-2148742.032156001,4426642.8517371295,4044658.2728276593,39.608617255562365,115.89245575626664,52.7488178369805,11,1.8613561310378235,-3.5549958834128903,0.21819505972134956,4.7175004343733695,5.911041800180602
2026-05-30 02:26:30,-2148748.449564578,4426639.266595977,4044654.816082006,39.608595622560934,115.89254120946144,51.63628336484216,12,1.8647141872122868,3.7380959627807333,-2.17615364270762,2.9837885638154638,5.254712199272498
2026-05-30 02:27:00,-2148742.2124747313,4426640.198634561,4044654.8863662467,39.60860689328692,115.8924711355715,51.96706432117328,9,1.8679263625746556,-2.268851826131992,-0.9179741656461669,3.472186273939734,4.248110485694992
2026-05-30 02:27:30,-2148740.9741942873,4426638.012718311,4044658.3122166633,39.60864506921179,115.89246927924643,51.42160863350904,7,1.8709913722976144,-2.4420121396460583,3.3268957976378672,2.867844699028328,5.02555391536735
2026-05-30 02:28:00,-2148746.319038252,4426637.799800103,4044654.4159732284,39.60860570649904,115.89252635015444,51.82446891716522,11,1.8739079904181395,2.424141863784276,-1.0348106622617914,3.3276032140978296,4.245025327716714
2026-05-30 02:28:30,-2148745.0437150663,4426639.7591658505,4044656.07179057,39.608610331373384,115.8925030279502,51.703621324628045,7,1.876675050327871,0.4154452974197367,-0.513683690385011,3.0858718480838,3.155799548721665
2026-05-30 02:29:00,-2148744.349198703,4426644.461986507,4044656.5774116297,39.608591387409014,115.89247183996204,52.283080435284916,11,1.8792914452397382,-2.265827629951436,-2.6084876693194734,3.4644635392097753,4.892922478862403
2026-05-30 02:29:30,-2148743.4854073394,4426642.819139372,4044653.02936318,39.608577310603664,115.89247114509705,52.20579495357071,9,1.8817561286306617,-2.339361279104467,-4.162827999100136,3.6748977226005466,6.02549760732174
2026-05-30 02:30:00,-2148744.257137017,4426637.56324581,4044654.6612645593,39.60861377990382,115.89250595417788,51.32783802988466,8,1.8840681146601463,0.6233536298642027,-0.10634279853996298,2.3934869607379565,2.47561272615262
2026-05-30 02:30:30,-2148745.53652756,4426640.184242002,4044654.7413225058,39.6085976563227,115.89250602883232,51.98512107542729,12,1.8862264785646072,0.6157901284711198,-1.8874608088343965,3.410442912279793,3.9462420915508654
2026-05-30 02:31:00,-2148746.039086862,4426643.771941755,4044655.3308572844,39.60858204395002,115.8924930505668,52.33560149207384,10,1.8882303570272598,-0.5079265536208252,-3.611629309840085,3.2170260956387606,4.863240951833444
2026-05-30 02:31:30,-2148746.020820488,4426641.163606716,4044658.56791269,39.6086180326541,115.89250612203277,51.986880387287464,10,1.890078948523437,0.5961214766990536,0.3921258134770509,2.9560411729340994,3.040937829791741
2026-05-30 02:32:00,-2148749.098983517,4426638.710884275,4044660.0434915475,39.60863323130003,115.89255083791954,51.0252650961424,9,1.8917715136411886,4.406373593989715,2.0883872899547735,1.9784944297257736,5.262312222883624
2026-05-30 02:32:30,-2148743.2634503697,4426641.105609473,4044654.3794588977,39.60859607500274,115.89247753297379,51.66328357532896,8,1.893307375377034,-1.875993920913539,-2.0265484512530447,2.693862851124396,3.857868437006209
2026-05-30 02:33:00,-2148743.4864421207,4426643.924195508,4044652.2206186606,39.60856599526219,115.89246553697535,51.3245912804955,7,1.894685919406757,-2.915351485845293,-5.355786268155087,3.218555924801368,6.8951303887057085
2026-05-30 02:33:30,-2148747.6749830167,4426642.539653525,4044654.1697864877,39.60857622001342,115.89251645278449,50.92835059989504,12,1.895906594331126,1.4253735966509185,-4.211026757012965,1.97579455868677,4.8649974693153695
2026-05-30 02:34:00,-2148747.1027000984,4426641.775497654,4044656.115528576,39.60859511912009,115.89251434358515,51.24619280257242,9,1.8969689118964468,1.2316903022306727,-2.103216463842493,2.396909008620923,3.4184431090769003
2026-05-30 02:34:30,-2148749.654495753,4426644.345745764,4044658.352807241,39.60859108841926,115.89252800494005,51.96284117912287,8,1.8978724471898571,2.386745740026636,-2.540418916526212,3.3729447433652644,4.850467991933859
2026-05-30 02:35:00,-2148741.625650383,4426642.497885333,4044654.9101201342,39.60859669424089,115.89245329730005,51.46860474294017,11,1.898616838809287,-4.015091974452738,-1.9077729594664787,2.6290066368691787,5.164517124077377
2026-05-30 02:35:30,-2148744.3105347278,4426639.504923622,4044658.0962918173,39.6086275567513,115.8924966405155,51.07414802723129,11,1.8992017890080133,-0.3215494690394112,1.5285583724381597,2.5273420501732065,2.971084414412359
2026-05-30 02:36:00,-2148747.237844959,4426640.088452308,4044652.835395657,39.608580638988066,115.89252433751385,51.3030324080904,7,1.8996270638137562,2.034089922827307,-3.6685292765314506,2.335949808939619,4.801280076896266
2026-05-30 02:36:30,-2148746.61489645,4426639.969290851,4044655.0152807473,39.60859797520008,115.89251841792506,50.550743305516235,7,1.8998924931222632,1.5150676667237395,-1.7332358318529644,1.464872637907111,2.728623889226892
2026-05-30 02:37:00,-2148744.856767903,4426642.414082794,4044656.043328981,39.60859694039088,115.89248756997327,51.6123160266499,7,1.89999797076535,-1.1356292075291265,-1.8369374799050293,2.8547624155520466,3.5796175007005466
2026-05-30 02:37:30,-2148740.560792473,4426640.806169074,4044655.102485453,39.60860939624739,115.89245074470531,52.10821904809724,8,1.899943454553366,-4.2973745806339325,-0.44298858138760133,3.3537550146782382,5.469126060715542
2026-05-30 02:38:00,-2148744.11286754,4426643.423021003,4044656.402690799,39.608596107561,115.89247464725548,51.5514065956556,12,1.899728966292069,-2.2657872515197135,-1.906498924748181,2.5727018666339942,3.92266808611145
2026-05-30 02:38:30,-2148747.8916208325,4426642.010226744,4044657.0691477796,39.60859857621012,115.89252141412426,52.126690571466106,9,1.8993545917739036,1.721186424634768,-1.6207616676868322,2.8230944700492557,3.6822837314108083
2026-05-30 02:39:00,-2148747.21351319,4426643.060410796,4044655.675082647,39.60858516679137,115.89250897086934,51.92288686851593,10,1.8988204807436855,0.6448417656397664,-3.097308272791523,2.8420618014958627,4.2528172689333985
2026-05-30 02:39:30,-2148744.7315002815,4426642.74244743,4044655.6598816602,39.60859289580845,115.89248458811083,51.512937523691114,8,1.8981268468387054,-1.452408729146767,-2.2273085431219015,2.0151787630432008,3.3363662733257957
2026-05-30 02:40:00,-2148742.1252372293,4426643.27996126,4044659.0947353444,39.60862053852794,115.89245455388745,51.21009597987074,12,1.897273967503277,-4.032833214548235,0.8532903727143881,2.127693011669974,4.638849614768704
2026-05-30 02:40:30,-2148743.362066658,4426642.872886383,4044650.2011696864,39.60855766397887,115.89246957978915,51.16980694775159,11,1.896262183877763,-2.7597600534134927,-6.113351067191534,2.422026744870075,7.131307760573417
2026-05-30 02:41:00,-2148743.4601333174,4426642.858140867,4044653.106407764,39.608577709122486,115.89247068203318,51.12709381792554,7,1.8950919006621232,-2.6772651495125945,-3.8757319563113395,1.5310326933350704,4.953090750837143
2026-05-30 02:41:30,-2148745.4512810134,4426646.6342401635,4044659.8323504836,39.60860010580475,115.89247233905489,51.34567295046038,7,1.8937635859540403,-2.547203910987003,-1.3769192078393238,2.276423372376789,3.6832401006949937
2026-05-30 02:42:00,-2148746.642415614,4426638.2690066695,4044659.71506217,39.608639354946156,115.89252735177622,51.18746128685348,8,1.892277771061687,2.1457672837807893,2.992687513271976,1.9292498237956408,4.157222711240462
2026-05-30 02:42:30,-2148744.920397669,4426642.051365612,4044658.5693614483,39.60861622342024,115.8924900808433,51.72960500043262,8,1.8906350502912095,-1.0528953833521961,0.43820930372648204,3.0323289092808214,3.2396966981828768
2026-05-30 02:43:00,-2148743.3639598843,4426644.268007278,4044651.640571612,39.60856049633357,115.89246250574669,51.021114066198145,8,1.8888360807090132,-3.422276802815736,-5.734208897465288,1.6446673261509148,6.8773585633271415
2026-05-30 02:43:30,-2148745.9963289443,4426637.933201418,4044652.1873341254,39.60859031957854,115.8925222913966,50.83491375275288,10,1.8868815818789455,1.6792440331127958,-2.4103749465253905,1.3399971680650193,3.2288326553112783
2026-05-30 02:44:00,-2148745.336694172,4426638.247451919,4044656.0039528077,39.60861690559683,115.8925137837016,51.76169660166424,11,1.8847723355744785,0.9406994820152709,0.5542902450448266,2.4556792513231263,2.6874734931892004
2026-05-30 02:44:30,-2148743.57777496,4426639.196811873,4044654.8552595032,39.60860842150867,115.89249053139974,51.39927938850667,8,1.8825091854660112,-1.0586164248951722,-0.3736649389028448,2.1437203359839057,2.4198824559333563
2026-05-30 02:45:00,-2148746.273047199,4426639.377506192,4044655.799165415,39.60860732791386,115.89251784608948,51.50132677290541,12,1.8800930367834117,1.2665071719474317,-0.48111590380577685,2.0821153012616582,2.4840928036683847
2026-05-30 02:45:30,-2148745.1792351436,4426637.960783024,4044658.4450009055,39.608635758215044,115.89251359193887,51.91051038628325,11,1.8775248559539386,0.8921155390734515,2.688743036863184,2.554763412929662,3.8147116993792056
2026-05-30 02:46:00,-2148746.62686239,4426643.479964976,4044657.138307598,39.6085946541815,115.8925006922574,51.37303157350912,7,1.8748056702156815,-0.22147211707669534,-1.859553756974447,2.5697360477324884,3.179706500407861
2026-05-30 02:46:30,-2148744.108057696,4426636.358366702,4044658.128024664,39.60864447263919,115.89251051909748,50.47538003650342,11,1.8719365672066806,0.6085690184120397,3.6846993440703013,0.672967061028198,3.7947661550604184
2026-05-30 02:47:00,-2148744.4743224587,4426642.4308573725,4044652.5814187536,39.6085737218176,115.8924834784922,50.66468732621253,9,1.868918694529885,-1.7140179047984527,-4.154086261280662,0.8309710828405209,4.569989385616512
2026-05-30 02:47:30,-2148746.2993265293,4426646.020710618,4044657.876275633,39.60858753444634,115.89248434213835,51.39010165372869,11,1.8657532592941277,-1.6501925419745636,-2.6061796813383067,2.093306897608005,3.727900444564254
2026-05-30 02:48:00,-2148742.6378319836,4426640.915173364,4044657.5065732687,39.6086203752615,115.89247194782867,51.56644522862503,10,1.862441527631298,-2.7199950356068006,1.0540026711587969,2.4934450240079,3.8375203859113602
2026-05-30 02:48:30,-2148747.441793837,4426640.917899747,4044652.6390734795,39.608574496046195,115.89252225635298,51.630376704317,11,1.858984824189905,1.572465273912277,-4.0235934161893905,2.3750276335553577,4.929777609245085
2026-05-30 02:49:00,-2148743.1735510374,4426647.575396524,4044660.318181956,39.60860433240352,115.89244369386796,50.85962113983078,7,1.8553845316052366,-5.155505410313543,-0.6966181587460307,0.9229114929108798,5.283585763344238
2026-05-30 02:49:30,-2148744.4141589208,4426637.250510693,4044656.597575225,39.60862846934207,115.89250918920374,50.85157024029485,7,1.8516420899463233,0.4359707486062607,1.9978622165201905,1.3177278873782954,2.432679739508211
2026-05-30 02:50:00,-2148746.1485628188,4426640.511577971,4044655.672862679,39.608600925090734,115.89251077558171,50.47471362770852,11,1.84775899613993,0.5623359747827161,-1.0441310838035132,0.7027377163721604,1.3785034518315453
2026-05-30 02:50:30,-2148743.4300746224,4426637.127135934,4044658.2739094067,39.608643225537186,115.8924995080659,51.47672097919595,10,1.8437368033718058,-0.41036583981037367,3.666773252326092,1.9626510046947199,4.1791895353868
2026-05-30 02:51:00,-2148745.6875821888,4426639.9517537495,4044655.822470196,39.608605997695655,115.89250879330996,51.13148237279479,10,1.839577120465429,0.37468159848152793,-0.449828435890956,1.424478091352782,1.5400875802112168
2026-05-30 02:51:30,-2148741.771324904,4426644.0935561415,4044652.5076316646,39.60857140437226,115.89244670964571,50.785655193766246,8,1.8352816112385004,-4.943325659575275,-4.273866927932168,1.2835172807926405,6.659566330053408
2026-05-30 02:52:00,-2148741.9405568335,4426643.245644685,4044655.900992174,39.60859895478394,115.89245279381777,51.159643698621515,12,1.8308519938374386,-4.431713714115425,-1.1998214224580521,2.296772344282173,5.133694682305077
2026-05-30 02:52:30,-2148747.260027999,4426643.431849227,4044659.648528743,39.60861078611701,115.89250756943743,50.76935048106448,7,1.8262900400501427,0.24396907712428106,0.12953346499261187,1.715570413690105,1.7376655815992628
2026-05-30 02:53:00,-2148743.730476321,4426641.575115472,4044661.6625381755,39.60864316742021,115.892480037824,50.46965579721452,11,1.8215975745973028,-2.118804650412379,3.740059829744589,0.9611319849785207,4.404674263691584
2026-05-30 02:53:30,-2148742.0925624915,4426643.670367795,4044653.5947788046,39.60858034363486,115.89245222648515,51.17679157401456,8,1.8167764744025343,-4.5053409089621885,-3.217056174663388,1.7300875228455843,5.800064652537421
2026-05-30 02:54:00,-2148745.08041796,4426636.038743091,4044654.9892644174,39.60862184967421,115.89252232997707,50.56764579909347,10,1.811828667841635,1.4816011943862253,1.4065584710752348,1.071788546161011,2.3070066145206702
2026-05-30 02:54:30,-2148741.6926619844,4426645.591462002,4044658.4062572173,39.60860493562742,115.89243826913153,50.55669430333929,12,1.806756133971259,-5.714866722717197,-0.45433870290601375,0.7386556494833507,5.780288702469141
2026-05-30 02:55:00,-2148743.3736373633,4426642.526883245,4044653.065953714,39.60857934803121,115.89247146034272,51.01008043756681,10,1.801560901737322,-2.8842050638056014,-3.2778845058645087,1.7483067552993015,4.703162998928876
2026-05-30 02:55:30,-2148748.115052013,4426642.467235707,4044659.6245594425,39.60861344696292,115.89252143081399,50.67710664061346,9,1.796245049163448,1.3815207741182804,0.5238872441585489,1.4917040365665177,2.099580535874072
2026-05-30 02:56:00,-2148744.7249238812,4426643.706410986,4044657.7072051135,39.60860219747674,115.89247961768254,50.63339767591794,9,1.7908107025197904,-2.2015875306493085,-0.7079048540762805,1.478327953413868,2.7447350464808284
2026-05-30 02:56:30,-2148746.025644401,4426642.595516516,4044655.537466274,39.60858956791385,115.89249889161644,50.330657067288115,12,1.785260035472549,-0.560587864968588,-2.0927773639340894,0.8033162285229963,2.3106909815796155
2026-05-30 02:57:00,-2148740.379553166,4426639.737245659,4044658.096123063,39.60863617788142,115.89245428142434,50.34329277469791,8,1.779595268214535,-4.382558911815069,3.0980436610409483,1.1459325491731196,5.487973993059742
2026-05-30 02:57:30,-2148743.3070124155,4426641.089744216,4044656.808667744,39.60861294988249,115.89247806996568,50.46375768694521,9,1.7738186665771223,-2.35515278400048,0.5369535940828667,1.1494590848414215,2.6751299007540172
2026-05-30 02:58:00,-2148743.1122030793,4426639.281168811,4044651.271267117,39.6085842133875,115.89248522550908,52.09068841771987,7,1.767932541123946,-1.7499715077653626,-2.635478825267497,2.727331004068166,4.176898768485465
2026-05-30 02:58:30,-2148745.534068164,4426643.111580272,4044659.6832609936,39.6086169861824,115.89249111819663,51.135975675612094,7,1.761939246226706,-1.2526157134626754,1.0197181490201968,1.1527668954649122,1.9843746481787645
2026-05-30 02:59:00,-2148746.144426301,4426638.800570345,4044654.5648540366,39.60860202940384,115.8925194323573,50.63493163827383,8,1.7558411791234523,1.1623128310403936,-0.6229718215675915,0.9604091874645608,1.6313953582852674
2026-05-30 02:59:30,-2148741.827890178,4426637.468695232,4044651.957994031,39.60860152449235,115.89248098811694,50.34681065358689,11,1.7496407789597195,-2.1315219883693914,-0.6614113611529682,0.8923034934012795,2.403550810759064
2026-05-30 03:00:00,-2148746.0291070947,4426641.651938625,4044654.8504067585,39.608589633629684,115.89250372577527,49.939184865077955,7,1.7433405258129018,-0.1931322501067292,-1.9636008298101804,0.3505538012952818,2.003975112735956
2026-05-30 03:00:30,-2148743.8944962234,4426640.840070699,4044655.5313931163,39.608603880169056,115.89248549350326,50.40265953351238,12,1.7369429397002563,-1.758168307844611,-0.3644505690264742,0.27795623375595757,1.8169313921710695
2026-05-30 03:01:00,-2148745.124155167,4426644.385421568,4044657.3405546625,39.60859515571774,115.89248034708596,50.03838189808393,10,1.7304505795709275,-2.2039760599806106,-1.3149947327633997,0.19372836946655878,2.5737622853129447
2026-05-30 03:01:30,-2148749.6466873875,4426637.5989002995,4044655.049090504,39.608602834457834,115.89256222942463,50.856704452536555,12,1.7238660422824041,4.792772091919574,-0.4447016802134115,1.0541371656392393,4.927436359147594
2026-05-30 03:02:00,-2148745.4205381554,4426639.222020567,4044658.337599717,39.608627919065135,115.89250970651014,51.194912393173404,12,1.7171919615618083,0.2958494544694106,2.3577230158748326,1.4791203315163215,2.7989608204476024
2026-05-30 03:02:30,-2148745.367534875,4426642.924645757,4044652.1656216634,39.608566057372684,115.89249032425083,50.58069366457051,9,1.7104310069524422,-1.3668292197917526,-4.490813773516006,0.9513053161616583,4.789635922388573
2026-05-30 03:03:00,-2148740.7094383296,4426639.425121524,4044656.0155129386,39.60862248335953,115.89245932411743,50.7263770416425,8,1.7035858827460042,-4.022849091184801,1.7906570184635349,1.2955422004773394,4.590010562235861
2026-05-30 03:03:30,-2148744.264995168,4426637.659968643,4044653.7182244346,39.608606701102495,115.89250554467856,50.14531698886508,11,1.6966593269009103,-0.07505960587127958,0.057085299478886575,0.1857572448729386,0.20832289810035495
2026-05-30 03:04:00,-2148743.839380348,4426641.114073831,4044657.362750899,39.608615350335924,115.89248352290868,50.533742830516964,12,1.689654109947145,-1.9629265911671443,1.0354789533436803,0.7586830346217139,2.3453992010213534
2026-05-30 03:04:30,-2148745.342742537,4426644.41176603,4044655.4462541984,39.608581294014925,115.89248250287217,49.84691929302119,12,1.682573033878089,-2.0546230289996394,-2.726376642498854,0.1817128896209953,3.4187168590442507
2026-05-30 03:05:00,-2148744.20638883,4426641.650784687,4044654.6661485243,39.60859290976629,115.89248463833466,49.682093855818934,7,1.675418931029756,-1.8762930416229504,-1.4185675635366999,-0.15217373217238497,2.357109746092537
2026-05-30 03:05:30,-2148743.842182731,4426640.283613157,4044654.849017946,39.608602126002694,115.89248777497396,50.466674813888204,12,1.6681946629478996,-1.6121657761222,-0.37704266006663656,0.893067550590736,1.8811723225499457
2026-05-30 03:06:00,-2148746.3816104527,4426637.7195888795,4044657.9899779325,39.60863083027343,115.8925274134671,50.8307850442287,9,1.6609031192434291,1.7736475655373702,2.8277133708225444,1.2250584481427413,3.5556373262231253
2026-05-30 03:06:30,-2148741.645880537,4426642.277340285,4044656.804938435,39.608610962288495,115.89245463063637,50.09851880086237,8,1.653547216436608,-4.454218548441452,0.6410056644110064,-0.1789329830294515,4.503661638212033
2026-05-30 03:07:00,-2148743.772859759,4426639.775765713,4044657.6261062897,39.608624234606665,115.8924896310959,51.006798559061316,11,1.6461298967904807,-1.4646694530061513,2.1329255599422456,1.0911227564996693,2.80805571892292
2026-05-30 03:07:30,-2148744.5779129174,4426643.878125056,4044655.732712995,39.608587942951814,115.89247720458859,49.75344683972235,10,1.6386541271340103,-2.5307187915358758,-1.8767042840962223,-0.41798828248981157,3.1782496403015132
2026-05-30 03:08:00,-2148742.8546254453,4426637.868233041,4044654.9013685156,39.60861738409053,115.89248971180525,50.819495664298394,11,1.631122897675383,-1.4643441548680183,1.4100545244148677,0.9423474580196984,2.2406642535987307
2026-05-30 03:08:30,-2148739.718148564,4426646.13161918,4044655.727600843,39.60858845013477,115.89241483916454,51.0204539881685,12,1.6235392208059678,-7.8701922427886215,-1.782776293170269,1.2071081062728897,8.159370516784357
2026-05-30 03:09:00,-2148741.611788307,4426641.090346514,4044654.8812512048,39.60860376994794,115.89246030910992,50.53171822766842,11,1.6159061298953976,-3.984598132695969,-0.06339561108760389,1.069848422126405,4.126210965148987
2026-05-30 03:09:30,-2148746.799989307,4426638.29859038,4044657.759741335,39.608625204391295,115.89252885196295,49.86264245885939,7,1.6082266780782641,1.8742910402623754,2.3347494502925836,0.08509596610625436,2.995206707841196
2026-05-30 03:10:00,-2148741.240602048,4426639.388055856,4044655.027984279,39.60861447641815,115.89246507663131,50.672208428489185,9,1.600503937032902,-3.5820028651013884,1.1629039843057554,1.1802691310844196,3.9466600340160447
2026-05-30 03:10:30,-2148748.5615154216,4426639.549809341,4044654.1044273404,39.60858893421812,115.89254094208647,49.81409757908577,8,1.5927409957527616,2.9034581926341816,-1.653285691079815,-0.03726496918438224,3.341378717031657
2026-05-30 03:11:00,-2148747.522372656,4426641.488255878,4044655.796544767,39.608593329440126,115.89252020029267,49.977226560454504,11,1.58494095931085,1.1276056121314375,-1.1463892815228862,0.0505859240800063,1.6088075512676776
2026-05-30 03:11:30,-2148746.1050016964,4426639.036597102,4044657.9792076405,39.608624670006726,115.89251781923157,50.842740604086984,10,1.5771069476177455,0.922081472413457,2.3514698772126557,0.6135027701345085,2.599236517550757
2026-05-30 03:12:00,-2148742.7432678696,4426639.253952825,4044655.264803119,39.608613061233775,115.89248149922965,50.786023863168055,12,1.5692420941736727,-2.185590966153631,1.0819791009279345,1.1952217591982703,2.7158869085140847
2026-05-30 03:12:30,-2148746.043895082,4426639.930418032,4044655.789829375,39.60860499046846,115.8925126342408,49.87312233451248,12,1.5613495448151458,0.4754290580414602,0.20523117914198385,-0.40076106780818593,0.6547992513686592
2026-05-30 03:13:00,-2148744.882660492,4426642.162472194,4044656.61348805,39.60860213736423,115.89248912058706,50.46594034559212,8,1.5534324564566762,-1.536718691640696,-0.09233510567545297,0.3928462448509911,1.588822923132567
2026-05-30 03:13:30,-2148750.1499458845,4426643.639331381,4044655.6631785836,39.608574771612155,115.89253678682859,49.98869664053799,7,1.5454939958280467,2.538364752723904,-3.1107868001121886,0.1371121962659841,4.017348614196706
2026-05-30 03:14:00,-2148744.5354604064,4426645.269460345,4044657.9640308875,39.60859641554842,115.89246968526565,50.01889042199587,9,1.537537338207665,-3.200888396966076,-0.689147344495137,0.5986706949328144,3.3285157643051795
2026-05-30 03:14:30,-2148745.0683010295,4426641.754703738,4044657.6661360585,39.608611095896315,115.89249313861829,50.98977902792655,11,1.529565666152491,-1.1960290925801862,0.9595467871389339,1.0177040701747913,1.840363334088454
2026-05-30 03:15:00,-2148747.2441041013,4426642.393308011,4044656.71124335,39.60859573214739,115.89251268338624,50.078968587058874,8,1.5215821682250599,0.47476934195953335,-0.7266436042299477,-0.26994360484930513,0.909002973280074
2026-05-30 03:15:30,-2148745.6012976696,4426640.272032159,4044654.96885208,39.6085986259835,115.89250626091726,49.65467234807097,9,1.5135900377180969,-0.0748683601654554,-0.38623459668049587,-0.43138903898074554,0.5838483861239498
2026-05-30 03:16:00,-2148745.0056455457,4426638.05557384,4044653.067533578,39.60859828848507,115.89251129156396,49.75448882801024,11,1.505592471377245,0.355109708450035,-0.40449902488897044,-0.48698570826816073,0.7258632420980131
2026-05-30 03:16:30,-2148744.162613232,4426640.452051695,4044656.351655758,39.60861091420559,115.89249027507044,50.03063816435607,7,1.5024073318775926,-1.442181305243644,1.0161557831094814,-0.12165643698070164,1.7684060001594497
2026-05-30 03:17:00,-2148746.588345829,4426637.148713768,4044655.1224266924,39.60861329920832,115.89253248183884,50.00225445295208,10,1.5104061722317763,2.1673372621219285,1.3000900842302243,0.24060053149516558,2.5387937392887365
2026-05-30 03:17:30,-2148744.693965303,4426641.683198705,4044653.9544061115,39.608586573079265,115.8924895809701,50.26146302640721,11,1.5184008502558148,-1.5010511978958563,-1.6473148396877186,0.17310544478943102,2.235344799975097
2026-05-30 03:18:00,-2148744.0318895746,4426640.305146068,4044652.864736943,39.60858773510493,115.89248965269859,50.12015262577158,7,1.526388168185092,-1.4943930103622334,-1.4991409497155588,0.1145126643662911,2.119846033756658
2026-05-30 03:18:30,-2148745.5862765308,4426639.915882909,4044658.2877661497,39.60862358839705,115.89250791450993,50.31077304003353,11,1.534364931198933,0.06800166089844972,2.499754392293251,-0.40380439334216484,2.5330720944648975
2026-05-30 03:19:00,-2148744.984127625,4426640.191824986,4044658.1130988044,39.60862245720445,115.89250020378283,49.61330538350045,8,1.542327948698487,-0.5904933218404192,2.393360044315615,-0.5390149975668868,2.5233691431232583
2026-05-30 03:19:30,-2148745.346900939,4426643.222327152,4044656.652019046,39.6085957929428,115.89248859446288,50.00103637954284,12,1.5502740355829272,-1.582194903266983,-0.5472196132655871,-0.6875780283504866,1.8098490440191137
2026-05-30 03:20:00,-2148745.9850262804,4426642.349898338,4044657.3151130104,39.608603301669746,115.89249971504867,50.05414087407637,11,1.5582000135234455,-0.6299313215234642,0.3053850588632614,-0.08183632033086177,0.7048196133327386
2026-05-30 03:20:30,-2148742.6690157778,4426642.998336646,4044656.876877896,39.608605197944044,115.89246168206634,50.55463206134786,11,1.5661027122345441,-3.880914832641782,0.5349873276922493,0.3272156768334865,3.931256984499472
2026-05-30 03:21:00,-2148748.9338083337,4426645.617257113,4044657.985831166,39.60858379291471,115.8925139902608,49.62946571578131,12,1.5739789707421072,0.5939353197211314,-1.8218780191370465,-0.12861813681038647,1.9205575507501842
2026-05-30 03:21:30,-2148744.539579289,4426645.540071383,4044657.3210154404,39.60859053894131,115.8924683524162,49.811303524889354,9,1.581825638647746,-3.3070159262326286,-1.0540018185720637,-0.4303550612235687,3.497496197085882
2026-05-30 03:22:00,-2148743.2489316305,4426640.659435802,4044655.7569249407,39.60860799106861,115.89247964958165,49.76345755396332,11,1.5896395773889198,-2.3389073461977086,0.9022231528446853,-0.8777303934691739,2.6561070827898043
2026-05-30 03:22:30,-2148745.4056099583,4426639.515234458,4044655.1923370934,39.60860456349832,115.892508059205,49.37764191194123,11,1.5974176614943165,0.09278159621090465,0.5407705426000405,-1.0291289903463152,1.1662536958615015
2026-05-30 03:23:00,-2148748.8574746414,4426640.521711198,4044659.8046550443,39.60862285577613,115.89253910039709,49.63358593067706,10,1.6051567798340007,2.749697844784052,2.5901871864011934,-0.8510533548117456,3.8722344597071237
2026-05-30 03:23:30,-2148746.024728541,4426639.859401164,4044657.495675831,39.608617272731635,115.89251279457322,49.59732016129795,11,1.6128538368638226,0.5026916142319842,1.9894064354674834,-0.2030281267520051,2.061954714524794
2026-05-30 03:24:00,-2148745.203668103,4426639.033421579,4044656.538915732,39.608616916110684,115.89250839374115,50.24524897353405,10,1.6205057538635965,0.1291047042663278,1.9687193532643734,-0.7478055518691546,2.109913993504882
2026-05-30 03:24:30,-2148746.8771323273,4426643.0590075925,4044655.1295648348,39.60858221849672,115.89250545435499,49.32521369993682,10,1.6281094701685472,-0.11932063994443198,-1.8638600193383048,-1.6295261663695184,2.47862201912423
2026-05-30 03:25:00,-2148744.0988246263,4426641.4755806085,4044655.8454607674,39.60860228531956,115.89248440245366,49.766329077663784,9,1.6356619443935339,-1.916478482482112,0.38236831193689164,-0.8036390870084631,2.113038353167827
2026-05-30 03:25:30,-2148744.3850855166,4426644.304992111,4044654.1882811137,39.608575482348314,115.8924730141639,49.88865197850043,11,1.6431601556495654,-2.8870563904000908,-2.5739979909367006,-1.101234261001978,4.021601317423291
2026-05-30 03:26:00,-2148745.978069881,4426639.514079836,4044657.4124367754,39.60861858681593,115.89251406169984,49.82608503642905,9,1.6506011047521134,0.6266686531505472,2.229311227998064,-0.6883347667703044,2.4158532453906396
2026-05-30 03:26:30,-2148741.9570240593,4426639.526872091,4044654.598147703,39.608608982193196,115.89247187544039,49.02603281782779,9,1.6579818154207482,-2.977274206628075,1.1818585316383876,-0.9030641921473066,3.328134045587399
2026-05-30 03:27:00,-2148744.532220004,4426641.129299132,4044660.0056739603,39.60863193065768,115.89249070311557,48.60275031040449,11,1.665299335469611,-1.3633466100763336,3.7477429424690585,-1.8978673971400277,4.4165814607182705
2026-05-30 03:27:30,-2148744.755170344,4426644.067732148,4044655.672531776,39.60858610597081,115.89247809728278,50.623685214715714,8,1.6725507379882483,-2.4373166630540286,-1.3202506999771106,0.41667399010542727,2.8030682547560724
2026-05-30 03:28:00,-2148744.555486612,4426644.822284984,4044657.398002619,39.60859472796823,115.8924721688289,48.971965131584824,11,1.6797331225123355,-2.9400811308672554,-0.3447233091790727,-1.139397382860849,3.1719296354180373
2026-05-30 03:28:30,-2148745.5787546267,4426643.412062405,4044655.4105047076,39.608585599422504,115.89249005841052,49.401248158086865,10,1.6868436161838276,-1.4058342911748387,-1.339569793573267,-0.7242274850258377,2.0725160400257066
2026-05-30 03:29:00,-2148745.120734349,4426642.7632918125,4044655.562115346,39.60859113620773,115.89248855941953,49.50877425788883,8,1.693879374900061,-1.529448052655132,-0.7066307805538938,-1.001331575265294,1.9598988059132174
2026-05-30 03:29:30,-2148744.299893721,4426641.025015574,4044653.380424045,39.60858695002338,115.89248879971362,49.59074764503704,9,1.7008375844513588,-1.5041458733701756,-1.1530102714939625,-1.5073265535202929,2.421553392658207
2026-05-30 03:30:00,-2148747.254915205,4426641.31482351,4044657.241053276,39.60860494040157,115.89251828049393,49.37521391145304,8,1.7077154616466743,1.0218738147861681,0.8621371646255118,-1.5326201573221712,2.0338218040439013
2026-05-30 03:30:30,-2148745.4438234023,4426639.781701821,4044654.7339301696,39.60859990753224,115.89250710456886,50.04373813116706,12,1.7145102554268337,0.07125783214523329,0.32162998813622334,-0.15374127413696403,0.3635380410408277
2026-05-30 03:31:00,-2148746.7783676204,4426640.3092195615,4044651.8006812185,39.608573451279135,115.89251840185095,49.478894793907436,9,1.7212192479649209,1.0426449292671567,-2.5969495369403504,-1.1923603524945916,3.0418708973495643
2026-05-30 03:31:30,-2148743.288429338,4426641.330468944,4044657.299593299,39.6086151735176,115.89247665127263,49.41767326827141,7,1.7278397557533733,-2.5222514498739086,2.052204150649132,-1.038019464729719,3.4133236971448127
2026-05-30 03:32:00,-2148748.088250141,4426640.780834851,4044659.185804323,39.608619137836165,115.89252972504451,49.43041385915757,7,1.7343691306773468,2.022059134993721,2.510146788418326,-1.6458347022210011,3.6191617692296214
2026-05-30 03:32:30,-2148744.153612105,4426639.69681258,4044654.240681973,39.6086001346591,115.8924940210079,50.07143753631955,12,1.7408047610739295,-1.0254099812263457,0.4186128919260038,-0.6084388732157987,1.2636851844210952
2026-05-30 03:33:00,-2148745.0021525994,4426642.281905772,4044655.736450526,39.60859512214744,115.89248976499542,48.55152959643938,9,1.74714407277677,-1.3833856541618266,-0.12004422925922364,-1.758515993931128,2.2406572665248845
2026-05-30 03:33:30,-2148747.1067987904,4426642.387980287,4044654.8793928185,39.6085833567576,115.89251127217892,48.992868175959174,9,1.7533845301457105,0.4619855219156921,-1.408360467394643,-2.141183451761646,2.604146002565465
2026-05-30 03:34:00,-2148745.394757306,4426644.675041832,4044655.3326687445,39.6085790192156,115.89248170903795,49.60442941017773,11,1.7595236370810077,-2.0598193123566073,-1.8722777739806586,-1.4613286464020463,3.1438449508992097
2026-05-30 03:34:30,-2148742.8095921925,4426640.205333733,4044654.80764179,39.608604819765866,115.89247735642677,49.424584302435484,8,1.7655589380217414,-2.425541090093622,1.0090384555529757,-1.5363232345277447,3.043303676182691
2026-05-30 03:35:00,-2148745.16210896,4426640.982614647,4044656.577837378,39.60860726189185,115.89249804717724,49.7393796522778,12,1.7714880189280051,-0.6494763542466375,1.2974723698610822,-1.0675246450803277,1.8013503138291331
2026-05-30 03:35:30,-2148747.637785684,4426644.710744223,4044656.6224648133,39.608582207756584,115.89250502361709,49.78307651651823,12,1.77730850824649,-0.04604060465662041,-1.4662784331486183,-1.0574932176631784,1.8084203289604817
2026-05-30 03:36:00,-2148744.420336163,4426642.9768811995,4044657.138736119,39.6086027563828,115.8924801365664,48.94011403455235,7,1.7830180778590734,-2.167286386729516,0.8317750842046995,-1.8773135763220596,2.985512742670836
2026-05-30 03:36:30,-2148743.2176210983,4426640.861903198,4044655.8507795315,39.60860768057354,115.89247829209597,48.783191210015,8,1.788614444014037,-2.3178481246901983,1.3954115890734218,-2.420647326754521,3.630306724310508
2026-05-30 03:37:00,-2148747.2849886864,4426638.685076405,4044657.2118693255,39.608618192583236,115.89253196722113,49.14866131735426,8,1.7940953682395366,2.279588851755422,2.5791888679573134,-1.604830360649602,3.7979232530562363
2026-05-30 03:37:30,-2148745.7288134857,4426639.286596186,4044656.897573228,39.6086167974269,115.89251260739844,48.93811692256284,9,1.79945865823896,0.6315085821504032,2.4411611472723966,-1.9833539299989136,3.2080778743546783
2026-05-30 03:38:00,-2148748.865340622,4426639.266822297,4044654.643985885,39.6085933855763,115.89254556363969,50.40684624410386,7,1.8047021687678162,3.457470566164525,-0.14083163023757528,-0.3569514780043314,3.4786995589758667
2026-05-30 03:38:30,-2148743.6347285034,4426641.813446237,4044653.4648111276,39.608585141859,115.8924778229888,48.80201486164461,10,1.8098238024918067,-2.327635297244678,-1.0392760132231782,-2.2949033683246385,3.4299507545427175
2026-05-30 03:39:00,-2148745.1005959595,4426641.057638945,4044657.0369326007,39.6086102238224,115.89249702133507,49.51396884159709,11,1.8148215108257295,-0.677874375554941,1.7613133675518067,-1.2493411618232246,2.263314336625934
2026-05-30 03:39:30,-2148747.420488013,4426642.404007637,4044653.7013557367,39.60857429426086,115.89251447663389,48.466960865589435,11,1.819693294752886,0.8229877075724104,-2.210495688507658,-2.4100233903917574,3.3722118406116803
2026-05-30 03:40:00,-2148741.6789899915,4426638.50156548,4044653.890305173,39.608610026850975,115.89247417643845,49.22911024798345,10,1.8244372056246625,-2.6150300395121384,1.772072563184505,-1.5893401283197603,3.536187964493634
2026-05-30 03:40:30,-2148745.9254330467,4426640.639419569,4044656.8624494127,39.60860910155141,115.89250778820963,48.570126148534975,12,1.8290513459399602,0.2677914167213904,1.6854911943896957,-2.089725091764265,2.698062965978374
2026-05-30 03:41:00,-2148745.8413948533,4426641.018489938,4044656.610482456,39.60860560793124,115.89250498040369,49.83336857362236,9,1.8335338701041748,0.03630031429909475,1.313700050401808,-1.5617171737614686,2.041099229842938
2026-05-30 03:41:30,-2148747.733060327,4426641.800583755,4044656.848263221,39.608598513972865,115.89252081916395,48.5600008441081,8,1.8378829851674068,1.3995508140339714,0.5421428735188418,-2.6166153815418847,3.0165108041066255
2026-05-30 03:42:00,-2148746.3024064708,4426642.685014817,4044657.5923911934,39.6086027140571,115.89250133566979,49.06011333076779,10,1.8420969515416183,-0.2576747224255256,1.0240936482331198,-2.286216443555298,2.518322792993608
2026-05-30 03:42:30,-2148743.8948906185,4426643.148804619,4044655.5412627496,39.608592069154454,115.89247375823602,48.73888607816593,10,1.8461740836964449,-2.606911572695787,-0.1418821652138511,-2.207299137237134,3.418813826155029
2026-05-30 03:43:00,-2148742.4766083867,4426640.635269049,4044656.051747395,39.60861209561392,115.89247168223226,49.469254447209124,9,1.8501127508333859,-2.775207770038822,2.0965279235219456,-1.2711631570235509,3.7031153469430538
2026-05-30 03:43:30,-2148740.593350585,4426642.932466086,4044656.147735052,39.608605647564104,115.8924402740201,49.42461269951655,8,1.853911377538101,-5.451737074553964,1.3961299615045908,-2.0177104793017513,5.978442236716948
2026-05-30 03:44:00,-2148741.886695012,4426643.068617187,4044655.003631989,39.608593756441806,115.89245312974968,49.04795950118365,11,1.857568444410557,-4.342826950078151,0.0914112254472077,-1.7075132554683754,4.667344367845923
2026-05-30 03:44:30,-2148743.6144525926,4426640.770597296,4044656.0753058083,39.6086087214843,115.89248291325076,49.194559493963204,10,1.861082488672764,-1.7861681803291454,1.767584864797799,-1.745710956812416,3.059780999911187
2026-05-30 03:45:00,-2148742.5668345336,4426642.228677133,4044654.4863983695,39.60859278055458,115.8924645252439,49.36636201698025,12,1.864452104753871,-3.3488147088022755,0.013051503568547007,-1.5081572422523375,3.6727739602368734
2026-05-30 03:45:30,-2148743.8727444094,4426645.132444729,4044655.03759151,39.608578413948564,115.89246343988953,48.24652828300521,12,1.8676759448523728,-3.4316569482482473,-1.566878157968367,-3.2236770209361336,4.9622041582033365
2026-05-30 03:46:00,-2148746.2345998,4426640.544950373,4044656.3704831456,39.60860539243967,115.89251150714338,48.55601109749791,9,1.8707527194752145,0.6889955213898478,1.4423496038104477,-2.755300530172145,3.185399224535965
2026-05-30 03:46:30,-2148744.778172434,4426638.288980246,4044653.720475225,39.6086021987628,115.89250772191846,48.6749746761033,9,1.8736811979535697,0.3755552065647453,1.1023162584048827,-2.6755160306567154,2.9179665654394835
2026-05-30 03:47:00,-2148743.1934323097,4426641.598842847,4044656.9166507083,39.6086113655051,115.89247429153934,48.930238627760346,10,1.876460208935093,-2.472890102542463,2.1341368951842545,-2.709997939972802,4.244268438882724
2026-05-30 03:47:30,-2148743.672669413,4426641.551974542,4044656.4197693937,39.60860695253361,115.89247954995236,48.4482075414233,12,1.8790886408524448,-2.0126724587799925,1.6584546965383258,-2.9913910285751424,3.9685945487844156
2026-05-30 03:48:00,-2148747.1754849246,4426639.434278622,4044654.9733412405,39.60859903601885,115.89252701061474,48.44291200808857,10,1.8815654423679036,2.056664648238346,0.7937225497572442,-2.5734921035965295,3.3886172059676776
2026-05-30 03:48:30,-2148743.7633836493,4426642.850342839,4044655.7720006164,39.60859553864981,115.89247389828755,48.1833954451699,9,1.8838896227938864,-2.4744971506987166,0.41935691702803535,-2.8976205711385767,3.833432058477204
2026-05-30 03:49:00,-2148742.985469901,4426644.135712836,4044655.2083934736,39.60858694662383,115.89245921368187,48.795368229876296,12,1.8860602524892118,-3.719326412770326,-0.5206762893319061,-2.2484712726936387,4.377226956319717
2026-05-30 03:49:30,-2148745.6732363175,4426642.477282834,4044652.5699796416,39.60857040907568,115.89249580127029,48.83105953042697,9,1.8880764632309428,-0.5794123451957095,-2.3428250806926085,-2.590389263067767,3.540432820815033
2026-05-30 03:50:00,-2148744.3615659233,4426643.02836649,4044656.616845765,39.60859900703519,115.89247925914623,48.39840015412897,9,1.8899374485616656,-1.9828261781887848,0.8449029068915312,-2.39194798415344,3.2197633040147857
2026-05-30 03:50:30,-2148743.2758558886,4426641.531476746,4044655.4597740844,39.608601369545084,115.89247549748336,49.18239707356341,8,1.8916424641120602,-2.293172265152141,1.1203294939764599,-1.7577747121853642,3.098959365905738
2026-05-30 03:51:00,-2148746.474393086,4426639.447278185,4044655.9100181335,39.60860723736242,115.89251960044909,48.62554370095239,7,1.8931908278986398,1.4898175843887955,1.7846768140622304,-2.6631949180988403,3.5351428453731355
2026-05-30 03:51:30,-2148746.464278409,4426642.336431482,4044655.0622864487,39.608586499221644,115.89250480377713,49.056659361239916,7,1.8945819205965344,0.23605171005499426,-0.5044074839312966,-2.3745836692157356,2.4390151540676936
2026-05-30 03:52:00,-2148744.312077902,4426643.716670302,4044657.467495499,39.60860150791301,115.89247524087965,48.81057707237483,10,1.8958151857872125,-2.2803433815493985,1.1742344676765293,-2.501475616193158,3.582760497335074
2026-05-30 03:52:30,-2148743.255373782,4426642.423574074,4044653.0084340223,39.608579774718734,115.89247074681374,48.40149607846436,8,1.8968901301810415,-2.6528208249095906,-1.2256468298314844,-2.324559289898241,3.734065394821331
2026-05-30 03:53:00,-2148745.958411626,4426643.751381908,4044653.8223892734,39.60857185553868,115.89249231002154,47.99967297944107,9,1.8978063238145957,-0.7968543653700902,-2.0923482931065713,-3.890530042442141,4.488777369219841
2026-05-30 03:53:30,-2148746.469505612,4426641.448879873,4044654.961822332,39.60859035370594,115.8925093715391,48.596108378727706,12,1.8985634002226375,0.6742633213815159,-0.02690172271718483,-2.63740939204071,2.7223671740729856
2026-05-30 03:54:00,-2148745.0515163024,4426644.707316115,4044658.354410685,39.6086007351938,115.89247794941963,49.18460386730409,12,1.8991610565846981,-2.000644915738787,1.1374141645503941,-2.4287980166643908,3.345945436845049
2026-05-30 03:54:30,-2148741.1216999935,4426643.937372155,4044659.6116916155,39.6086232592991,115.89244069886313,48.56864677209012,8,1.8995990538462015,-5.173863960415768,3.6493795964529507,-2.641957635348188,6.8605232939529355
2026-05-30 03:55:00,-2148743.073818106,4426639.308407842,4044654.867911225,39.60860919399584,115.89248468491466,47.96447561656209,7,1.8998772168140827,-1.399911008007615,2.099737987478993,-3.410584204370176,4.242727314063747
2026-05-30 03:55:30,-2148744.416203813,4426641.655491581,4044655.771817097,39.60860005460166,115.89248681225189,48.614194309035994,12,1.8999954342268632,-1.205450108956228,1.0966879251190247,-3.44784389601757,3.8135891102201964
2026-05-30 03:56:00,-2148743.8048366494,4426641.72693932,4044652.535576551,39.60857869663309,115.89248004477167,47.754373533663994,11,1.8999536587991546,-1.7715310360531955,-1.2628099008678288,-3.1967417958697313,3.866803481803796
2026-05-30 03:56:30,-2148741.213070705,4426644.817552406,4044653.8050590586,39.60857810086187,115.89243718047496,48.33564008314553,7,1.8997519072405704,-5.424371192842898,-1.317891445174523,-3.1748733852135467,6.421873691621893
2026-05-30 03:57:00,-2148742.3633758547,4426639.792650065,4044655.246580097,39.6086111115604,115.89247478063102,48.2040500518164,7,1.8993902602490444,-2.196078503055137,2.357155937294822,-3.1536634602658458,4.508274406568557
2026-05-30 03:57:30,-2148745.2417733883,4426643.038756569,4044657.404807635,39.60860223777086,115.89248842664834,48.38026251961033,8,1.8988688624785515,-1.0161512915162718,1.38283436481964,-2.9112613970129004,3.37938415240319
2026-05-30 03:58:00,-2148746.0550510436,4426637.722211589,4044655.96721934,39.60861755833464,115.89252397936026,48.088407781746895,12,1.8981879224812475,2.0372594970720423,3.0938936956319925,-3.8012351651336633,5.30772957477398
2026-05-30 03:58:30,-2148747.0147324027,4426641.888923892,4044653.478258478,39.608576405523216,115.89251284535999,48.76509966595162,9,1.8973477126240526,1.0982944247560156,-1.4637854460147883,-2.4546084514002318,3.061702324704396
2026-05-30 03:59:00,-2148743.979803867,4426640.365150157,4044652.1980094826,39.60858291747489,115.8924888019834,48.64662587179496,9,1.8963485689797068,-0.9445340398475588,-0.7308711882365515,-2.441112428465529,2.7175995169696967
2026-05-30 03:59:30,-2148745.69745892,4426642.933431822,4044652.895519111,39.608570266695025,115.89249373558965,48.128603678310874,11,1.8951908911923465,-0.5092593984535669,-2.125216888899973,-3.805844197566307,4.388660617537894
2026-05-30 04:00:00,-2148743.6828255327,4426644.181988359,4044656.203400479,39.608591889986805,115.89246628330926,48.04115793533114,7,1.8938751423176508,-2.8434119956890718,0.2846611812665909,-3.863282880940993,4.8053073141600775
2026-05-30 04:00:30,-2148744.363871422,4426638.078876721,4044655.4363733185,39.60861625343653,115.89250445036826,48.10965209631314,10,1.8924018486376264,0.43405511562749266,2.9984972059532096,-3.393876053631967,4.549481729266323
2026-05-30 04:01:00,-2148748.032639812,4426640.990801646,4044653.5793655957,39.608579187723855,115.89252807488018,47.71783471678697,7,1.890771599450102,2.4679883074748066,-1.10650474026487,-3.9825078758330243,4.814113418598803
2026-05-30 04:01:30,-2148743.0695866533,4426638.396035087,4044653.261589677,39.60860272229618,115.89248927980618,47.73827080083786,11,1.8889850468330163,-0.8358838348506072,1.514922666379528,-3.1341976034812475,3.580068028423847
2026-05-30 04:02:00,-2148745.816419411,4426644.2151407385,4044659.5649869577,39.60860978013666,115.89248846451758,48.01294124266279,7,1.8870429053835953,-0.8917758480623758,2.307229246128773,-3.689704392739605,4.442126682477803
2026-05-30 04:02:30,-2148745.1691920585,4426639.641913689,4044656.1962021994,39.60861148690644,115.89250493854692,48.62793804399447,7,1.884945951932524,0.5309370889916237,2.505362107383011,-2.8709064016931185,3.8471856010413727
2026-05-30 04:03:00,-2148745.2736435295,4426641.151554906,4044658.275119077,39.608617923527525,115.89249835649812,48.31204622751388,11,1.882695025233224,-0.017937904867376342,3.2283023423599255,-3.216058378457675,4.5568946965851005
2026-05-30 04:03:30,-2148742.7700227667,4426645.465716855,4044658.4293209286,39.60860305237124,115.89245019406796,48.1579700322717,8,1.8802910256263632,-4.122533582267851,1.5858719472715184,-3.455881621944103,5.6083322614624
2026-05-30 04:04:00,-2148747.282142901,4426641.526107296,4044655.9560863,39.60859484472898,115.89251749137661,48.21081908166599,8,1.8777349146797313,1.6466453888815917,0.6828830771905707,-3.4854291360142144,3.9148418353766306
2026-05-30 04:04:30,-2148745.565999269,4426641.521253844,4044652.914667895,39.608577994063815,115.89249953913989,48.375788408587724,12,1.8750277148036256,0.1256722422610932,-1.179691027697958,-3.125475417734462,3.343061623746772
2026-05-30 04:05:00,-2148743.280167332,4426639.853337449,4044658.3720972724,39.608630256474754,115.89248407561428,48.598241724416255,9,1.8721705088419014,-1.1823999148189426,4.629075491599189,-3.5345751112207004,5.943032111838951
2026-05-30 04:05:30,-2148745.117367913,4426641.437148588,4044658.7951728785,39.60862046286279,115.89249526730103,48.324833775039764,12,1.8691644396388478,-0.21094224324243488,3.5494115453762474,-3.1723893175666156,4.765172917182033
2026-05-30 04:06:00,-2148741.688497237,4426639.376099566,4044656.3143414734,39.60862236958512,115.89246982921519,48.33255685282996,11,1.8660107095820655,-2.3718575281394894,3.7682717137026147,-3.7895653353503813,5.846912456414279
2026-05-30 04:06:30,-2148743.3166964496,4426638.878985773,4044655.5260683014,39.6086153761866,115.89248941262925,48.56613585915503,9,1.8627105801215282,-0.682629325594436,2.999004435958739,-3.001032133750366,4.297232163947392
2026-05-30 04:07:00,-2148743.894143272,4426638.918683536,4044654.3101216634,39.60860526939812,115.89249525964006,47.65158533285289,11,1.8592653712650187,-0.16802094318197297,1.883935833546798,-4.0540349836843,4.473549475663099
2026-05-30 04:07:30,-2148745.5018484853,4426640.070100805,4044653.6508231005,39.60859074268041,115.89250624594588,47.93607539213969,8,1.8556764610501444,0.7861462738923136,0.2780390707147644,-3.6213691640780614,3.7161332472523285
2026-05-30 04:08:00,-2148744.2473308383,4426638.657118096,4044659.148055943,39.608639394665204,115.89250028935048,48.0924549772511,8,1.8519452849931397,0.29148146580001183,5.684761322843023,-3.5049852389985263,6.684788273998994
2026-05-30 04:08:30,-2148744.0600865562,4426640.526376474,4044657.559193422,39.60861918970846,115.89248882315914,48.1996393581451,11,1.848073335514679,-0.6742829885006344,3.4481451880596206,-3.9186885534981704,5.2631248100190104
2026-05-30 04:09:00,-2148743.4290848603,4426641.118230287,4044652.738724006,39.60858418041907,115.89247920385208,47.718080913302835,8,1.844062161342928,-1.4820499055816039,-0.4319706311112441,-4.050469754343741,4.334671357742192
2026-05-30 04:09:30,-2148742.3257424906,4426640.247084819,4044653.908227261,39.60859955538161,115.89247207571404,48.25166237204241,8,1.8399133668940744,-2.0767245441869093,1.2803459017371108,-3.584155464986463,4.3356938150330295
2026-05-30 04:10:00,-2148744.736919866,4426639.71492288,4044653.152215889,39.60859101129119,115.89250003917913,47.98438325544915,9,1.835628611630581,0.3295609745815616,0.3374271242118747,-4.277115010736626,4.30304314586661
2026-05-30 04:10:30,-2148744.079170184,4426638.169380093,4044656.765908036,39.6086257495184,115.89250100787842,48.482197315142685,7,1.831209609397424,0.42740504943815644,4.19862438347599,-3.424277480154955,5.434776725027509
2026-05-30 04:11:00,-2148746.068540154,4426641.558329257,4044657.707223057,39.60860989404411,115.89250461482692,47.91594413363884,10,1.8266581277365768,0.7509127028140179,2.4436987980701947,-3.917410745998998,4.6777815955648885
2026-05-30 04:11:30,-2148744.4889266095,4426641.02444708,4044654.8626135373,39.60859679367944,115.8924907827589,48.626039278955766,12,1.8219759871800187,-0.4168526485636802,0.9943676794638969,-2.956109407979785,3.146603890629319
2026-05-30 04:12:00,-2148743.252370185,4426640.997476365,4044654.412803817,39.60859689104155,115.89247796673966,48.253806776388586,8,1.817165060521545,-1.4976834170682802,1.009760839124689,-3.657941902956952,4.079609238076539
2026-05-30 04:12:30,-2148746.9337846767,4426640.453002641,4044660.6396766063,39.608633823653314,115.89251929876689,48.162183306079726,8,1.8122272720676735,2.0520725489615232,5.113642655515372,-3.7315956040418765,6.654708761967905
2026-05-30 04:13:00,-2148747.764713551,4426640.063098282,4044658.3501941254,39.608617824667334,115.89252998547767,48.736861830166184,11,1.8071645968679495,2.9811944437137416,3.3418924396425904,-2.998282877436527,5.3893845290996865
2026-05-30 04:13:30,-2148744.1290276623,4426640.303261765,4044654.2795119085,39.608597345979945,115.89249067981953,48.45942933540548,7,1.8019790599249519,-0.3648091728652406,1.072670088747901,-3.5458651781645103,3.7224812576587523
2026-05-30 04:14:00,-2148745.002575468,4426641.214576067,4044651.8740210286,39.608573738447625,115.89249519656147,48.59350696435853,12,1.7966727353843182,0.03675580859491753,-1.5440798913002178,-3.0709099498251122,3.437444053380074
2026-05-30 04:14:30,-2148744.221677194,4426640.0923886495,4044655.5250461455,39.60860686578401,115.89249272258442,48.076203683044184,9,1.7912477457051144,-0.1594651219728202,2.1365141824957465,-3.846220363480208,4.4026733993769165
2026-05-30 04:15:00,-2148747.5706372387,4426640.679454735,4044652.990739931,39.60857784792594,115.89252481845249,47.863129106340814,7,1.7857062608108796,2.6006334336536376,-1.081235199087292,-3.634147219977972,4.5977592181905385
2026-05-30 04:15:30,-2148743.209491271,4426641.6351253,4044654.8345428524,39.608596651747426,115.89247427527177,48.116379693318656,12,1.780050497221687,-1.7062271434689527,1.00899451317561,-4.075368745389889,4.531877249400017
2026-05-30 04:16:00,-2148747.458166339,4426640.538510793,4044653.4134870917,39.608581795403154,115.89252435696922,47.714791031418805,10,1.7742827171675626,2.5920124398035074,-0.637281942532425,-4.0527712441534645,4.852794197141606
2026-05-30 04:16:30,-2148742.0411010296,4426641.233556807,4044655.3213865287,39.608605023298026,115.89246407805007,47.80086649570422,11,1.7684052276836253,-2.547358755154604,1.9435639775591922,-4.297950603392323,5.360863452050328
2026-05-30 04:17:00,-2148744.3555398313,4426640.726613481,4044650.898445962,39.608571077141065,115.89249089992607,47.792548974513366,8,1.762420379687303,-0.23816441066505392,-1.8221383920352132,-4.133771978833775,4.52382375642856
2026-05-30 04:17:30,-2148743.6842627884,4426642.1356351925,4044658.8935586503,39.608621132800685,115.89247670361051,47.71772766746752,8,1.7563305670379974,-1.436674441670427,3.736132008435458,-4.818948171103908,6.264581176071606
2026-05-30 04:18:00,-2148746.0309175695,4426641.90698429,4044658.5805111593,39.608614270332524,115.89250244788893,48.04191798184316,12,1.750138225579572,0.7804084904771887,2.9762610532664997,-4.20177057084004,5.20788279430109
2026-05-30 04:18:30,-2148744.5787502457,4426642.990741021,4044659.0502830828,39.608615589664275,115.89248172550876,47.91522111452523,8,1.743845832166047,-0.9761504163096997,3.1243404484053285,-3.7946116900196385,5.011332233132912
2026-05-30 04:19:00,-2148745.098368112,4426639.647615402,4044658.152893252,39.60862524879335,115.89250416766093,47.984366102787455,8,1.7374559036708899,0.9585785969213132,4.1979076714065915,-4.360901528005451,6.128520529547911
2026-05-30 04:19:30,-2148742.912465095,4426638.342701973,4044659.1292147273,39.60864421511027,115.89248790511498,48.611579776342694,7,1.7309709959803004,-0.416564205629203,6.304342867008716,-3.604275911379631,7.273862080598355
2026-05-30 04:20:00,-2148741.499756744,4426642.589496935,4044658.715701031,39.60862301592479,115.89245151271622,47.088227961888634,11,1.7243937029708916,-3.513128153526106,3.952177250744524,-4.683598069311788,7.063842107469659
2026-05-30 04:20:30,-2148743.4975028215,4426641.603952645,4044652.5212209127,39.608579997095184,115.89247745075255,47.16464734336626,9,1.7177266554721704,-1.2794129241865448,-0.8221990466417899,-4.830009422794476,5.063783143772812
2026-05-30 04:21:00,-2148742.4087260524,4426641.383882469,4044654.171936756,39.608595334022546,115.89246716461938,47.85926621296868,11,1.7109725202142438,-2.1434504956748106,0.8806833944059307,-4.160596993264918,4.762410168072047
2026-05-30 04:21:30,-2148747.956725487,4426645.273633494,4044652.9877954912,39.608553225631155,115.89250550240004,47.94395389005769,9,1.7041339987611603,1.150654997103254,-3.7930949009100337,-4.206777380066399,5.7800131293195784
2026-05-30 04:22:00,-2148747.2905304586,4426643.701698755,4044660.2876430294,39.608613768381936,115.89250651683068,47.62231919669444,9,1.6972138264303234,1.253005294605817,2.9271731935049856,-4.7370522946946005,5.707716672694587
2026-05-30 04:22:30,-2148746.7492909073,4426638.841785439,4044661.7969066245,39.608650626137994,115.89252555885602,47.37722802716009,9,1.690214771198397,2.8970087295158717,7.018176479121337,-4.810474804451748,8.988221654768434
2026-05-30 04:23:00,-2148746.08130865,4426640.960631948,4044659.9692324325,39.60862867606461,115.89250778773987,47.40443613884102,8,1.6831396325941543,1.3928836466729726,4.581280332243394,-4.665476296266566,6.685426194850582
2026-05-30 04:23:30,-2148744.244516036,4426640.267766005,4044657.972657681,39.60862293649371,115.89249207007003,48.23234615892689,9,1.6759912405787025,0.06435639698205983,3.9435196590412147,-3.491623238041658,5.267534706436168
2026-05-30 04:24:00,-2148744.7307582363,4426643.826642361,4044654.2901095944,39.60857778870108,115.8924790674489,48.1682546895867,11,1.6687724544135385,-1.0319974443915778,-1.0687838308957798,-4.624370305955807,4.85717184470766
2026-05-30 04:24:30,-2148741.891289372,4426640.59652803,4044657.2011068785,39.6086217538333,115.89246574789361,47.36386765143745,8,1.6614861615168786,-2.1554642196742995,3.8102172604481863,-4.9818702848531915,6.631953943538559
2026-05-30 04:25:00,-2148745.066662445,4426639.080787351,4044654.472738826,39.608602638450414,115.8925067177365,47.591048707896185,8,1.6541352763087318,1.363687876149772,1.6870512624942293,-4.20166759770403,4.728614721822576
2026-05-30 04:25:30,-2148743.884814195,4426642.053125522,4044656.1338183233,39.60860185462111,115.89247922396694,47.82914241431812,7,1.6467227390451706,-0.9719324095796619,1.5984579936853933,-4.0829773041223945,4.491149544642957
2026-05-30 04:26:00,-2148742.8765100115,4426642.420150941,4044654.923122913,39.60859406064603,115.8924667955511,47.514083176953925,8,1.639251514642269,-2.0192352888294094,0.7315090550098984,-4.34262995477211,4.844672493915298
2026-05-30 04:26:30,-2148747.7276945137,4426642.709681606,4044653.6066581905,39.608571295395585,115.89251614039102,48.04751265377135,11,1.6317245914901728,2.216066147289343,-1.7974806763012297,-3.634381636559358,4.620672660013695
2026-05-30 04:27:00,-2148750.178701731,4426641.307252488,4044654.729034454,39.60858019896687,115.89254894617298,47.54165531423975,12,1.624144980257785,5.0369866946532085,-0.8114601285784042,-4.774844145282406,6.987763527347187
2026-05-30 04:27:30,-2148745.496051411,4426640.62518303,4044659.3560543866,39.6086275972776,115.89250336274777,48.02301942746327,12,1.6165157126885374,1.1543253219491878,4.447247892319794,-4.257361480656831,6.2638332945263215
2026-05-30 04:28:00,-2148744.0021714303,4426637.170325695,4044653.9515811447,39.60861150043605,115.89250528127945,48.17008175881653,11,1.6088398403877375,1.3338322307151314,2.6577657663529775,-4.313369443512311,5.23908229031746
2026-05-30 04:28:30,-2148743.863922858,4426642.9088767,4044657.9178265887,39.60860991669966,115.89247465382269,47.60198753327002,11,1.6011204336019609,-1.269902646665027,2.4790104628030267,-4.611793774530398,5.3876513830695325
2026-05-30 04:29:00,-2148744.010931709,4426643.521836496,4044656.247637125,39.60859477489013,115.89247307700445,47.841889619747946,12,1.593360579990998,-1.3893630226562361,0.795081615200711,-3.89406413709824,4.210251760570775
2026-05-30 04:29:30,-2148742.373160007,4426640.886117135,4044654.5142302103,39.608600365533285,115.89246932308406,47.760163863013595,11,1.58556338339283,-1.6950334115271084,1.4122280507681098,-4.261000117980074,4.798296399660584
2026-05-30 04:30:00,-2148744.6401974494,4426641.496103255,4044654.4627923844,39.60859120726326,115.89248996908105,47.58288580938282,10,1.577731962582134,0.08585359411828017,0.39201864965145283,-4.284290606112989,4.303044905520459
2026-05-30 04:30:30,-2148741.812987183,4426643.542025395,4044657.041676856,39.6086056851757,115.89244995047348,46.85967723013799,7,1.569869450022818,-3.32111136225749,1.9951995525240835,-5.779772073517806,6.958187059624398
2026-05-30 04:31:00,-2148744.656272774,4426644.855737296,4044656.64091701,39.60858903646073,115.89247305448465,48.18181479956267,7,1.5619789906150734,-1.33009937592247,0.14309942101468942,-4.277013338587103,4.481348557362625
2026-05-30 04:31:30,-2148747.0504090805,4426640.614424598,4044654.096792519,39.60858717752448,115.89251969963274,47.23773129428047,8,1.554063740437458,2.674023634924341,-0.06756007591468505,-4.783852444870902,5.480895089151852
2026-05-30 04:32:00,-2148745.4287494523,4426642.544512442,4044655.989112465,39.6085944635622,115.89249289837831,47.859110591867804,12,1.5461268654845073,0.39723543526531135,0.7366483568172848,-4.411419473411093,4.490107856502183
2026-05-30 04:32:30,-2148746.760120056,4426641.180552844,4044659.537176244,39.608622843038276,115.89251378016274,47.95638082247746,12,1.5381715404003802,2.1980811462645327,3.882004919754791,-3.8640488559890738,5.901897701928972
2026-05-30 04:33:00,-2148747.806153207,4426637.596376803,4044661.1416474027,39.60864983520661,115.8925429623244,47.82594628738963,11,1.53020094720904,4.7086972445688655,6.873147482359142,-4.700140036138373,9.5657358532724
2026-05-30 04:33:30,-2148743.9197810185,4426639.626946199,4044654.5520173665,39.60860324434577,115.89249192683856,47.22676955051661,9,1.5222182740414902,0.3593434722157394,1.6963516834393355,-4.980496126822276,5.273715809012012
2026-05-30 04:34:00,-2148744.5155481873,4426644.851073854,4044659.1381861265,39.608606787503085,115.89247160408185,48.03326453735795,12,1.5142267138605627,-1.363621788211807,2.08421052692215,-3.9731802011743715,4.689302593437866
2026-05-30 04:34:30,-2148742.211284518,4426638.095497676,4044658.008030113,39.608639437186376,115.89248181709313,47.611580592132405,7,1.5062294631837787,-0.4753337612756503,5.702673163621508,-4.206645456153173,7.1022735366551135
2026-05-30 04:35:00,-2148745.4057896454,4426643.95852848,4044653.2768665343,39.60856837425778,115.89248546791323,47.44596947364571,12,1.5017702791952203,-0.1482765309223536,-2.191183895853139,-4.814018629578095,5.291318187464582
2026-05-30 04:35:30,-2148743.0053318697,4426638.451916727,4044655.422550353,39.608617630879586,115.89248832257898,47.59216246004355,12,1.5097693134861447,0.11063816791499803,3.2702102086321023,-5.016668960640259,5.989447643438635
2026-05-30 04:36:00,-2148743.679737088,4426644.599805473,4044653.232027932,39.608569073647075,115.8924641264521,47.64130211563099,9,1.5177644401819312,-1.9437925447204414,-2.125951570006623,-4.523075998453774,5.3624822631606905
2026-05-30 04:36:30,-2148739.8874033624,4426637.897739699,4044656.454698645,39.60863545074092,115.89245847953777,47.80775652990605,9,1.5257524613385003,-2.4120249376032907,5.235379731348562,-4.6952436432282925,7.434539535190541
2026-05-30 04:37:00,-2148743.739082697,4426642.66901566,4044654.6523061655,39.60858874163509,115.89247456573868,47.334628102727784,11,1.5337301818538953,-1.0217853969605937,0.04392666305617765,-5.184507072936957,5.28441941356877
2026-05-30 04:37:30,-2148746.595077188,4426640.202531349,4044655.838950343,39.608602555611476,115.89251702433684,47.68633159005629,9,1.5416944107462787,2.623658421500409,1.5703204862851088,-4.744424507687839,5.644382504003933
2026-05-30 04:38:00,-2148743.318888937,4426640.869584951,4044655.888850306,39.60860765302399,115.89247931383564,47.434640521763434,8,1.5496419624302824,-0.5867351356459883,2.128961486383794,-4.5202869518451285,5.030877583178539
2026-05-30 04:38:30,-2148743.2657358414,4426638.43868008,4044656.7579207174,39.608626339918004,115.89249111766601,47.34782696449749,9,1.5575696579911973,0.4370850870596187,4.195821733319587,-4.777371146835843,6.373322404032806
2026-05-30 04:39:00,-2148748.9965514205,4426644.719357852,4044654.072076729,39.60856102473179,115.89251921312483,48.0370769264725,8,1.5654743264565008,2.854032816842956,-3.061761061863521,-4.176269605706486,5.912792228643586
2026-05-30 04:39:30,-2148746.4961552313,4426643.308855791,4044656.720570001,39.608592954448014,115.89250019312901,47.60401244515539,10,1.573352806064201,1.2417638923288692,0.47462927042227676,-4.424206678505355,4.619616352335409
2026-05-30 04:40:00,-2148745.126122284,4426640.8679539,4044656.693318633,39.60860874521126,115.892498253235,47.10542577261087,9,1.5812019455275008,1.0900457218800192,2.2193859035936354,-5.629871157726722,6.148928582888428
2026-05-30 04:40:30,-2148745.854886373,4426637.103533154,4044655.872574936,39.6086205828991,115.89252502844708,48.35118849666184,8,1.589018605295267,3.393859323211174,3.525142403609599,-4.0443232552579005,6.3483431432535005
2026-05-30 04:41:00,-2148751.519386252,4426638.4303112235,4044655.147798817,39.60859456647329,115.89257761872567,47.2893971514922,10,1.5967996588078142,7.905201876889802,0.6288847093274057,-4.610704360409975,9.173129639938129
2026-05-30 04:41:30,-2148743.935182369,4426639.697718521,4044656.552854449,39.608616763254666,115.89249172830877,47.00639761358213,10,1.604541993747483,0.5740980242331251,3.0840866473522164,-5.3751047247880575,6.223578535878174
2026-05-30 04:42:00,-2148746.6576160435,4426642.195806562,4044655.7119094417,39.608591259864575,115.89250754407055,47.674575872036,8,1.6122425132835274,1.940449758702927,0.24436443248324347,-4.601064832627433,4.999485657140544
2026-05-30 04:42:30,-2148740.35815128,4426640.763034476,4044655.1825912916,39.6086106816397,115.89244884132935,47.541902516590184,11,1.619898137310806,-3.065835884672821,2.3911317104623855,-4.837904728337776,6.206624097607278
2026-05-30 04:43:00,-2148747.0487145158,4426643.067983243,4044659.6756765344,39.60861337489335,115.89250720606972,47.43061351024878,11,1.62750580368178,1.9389725872173944,2.6808305607430154,-5.010851055421625,6.004589535431564
2026-05-30 04:43:30,-2148742.99587048,4426641.895575186,4044648.6432181424,39.60855276693895,115.89247071322447,47.64121281724052,11,1.6350624694313363,-1.1681843103388283,-4.05610589376959,-4.852006080544529,6.431066210982071
2026-05-30 04:44:00,-2148744.5298545603,4426636.6133179255,4044653.743370287,39.60861159971765,115.89251364112776,47.74956297952153,11,1.6425651119939289,2.516337911499739,2.464679176157781,-4.569729499083781,5.769664428806339
2026-05-30 04:44:30,-2148746.158946465,4426639.497348492,4044651.073728541,39.608574117428525,115.89251604149078,47.42371886862435,9,1.6500107304125673,2.7349978598004174,-1.7057067418637075,-4.70170729671963,5.700500003190841
2026-05-30 04:45:00,-2148743.318567704,4426640.428770085,4044661.072983167,39.60864599221887,115.89248155191696,47.33691675239399,12,1.6573963465391564,-0.20113183652732003,6.262346119811159,-5.072322929075307,8.061382811701838
2026-05-30 04:45:30,-2148747.297101328,4426640.197597675,4044658.4713850343,39.608619143742416,115.89252440325423,47.6556275467023,8,1.6647190062257198,3.4765517014649583,3.2719207731362223,-3.965684767638658,6.206330071380389
2026-05-30 04:46:00,-2148743.667400425,4426639.34065409,4044655.128515168,39.608609358853485,115.89249073883714,47.66088934062034,8,1.6719757805060171,0.6107866321352442,2.1753595223735864,-4.510142576640156,5.044465821392673
2026-05-30 04:46:30,-2148745.4699701197,4426639.031166317,4044656.4467799705,39.60861562155835,115.89251119477208,47.578829923752345,7,1.6791637667670924,2.3730936333762997,2.8598885672182,-4.9435194162214,6.184571143437067
2026-05-30 04:47:00,-2148744.7111357674,4426643.634220711,4044657.6656717327,39.60860231435718,115.89247984032092,47.05475240574758,10,1.6862800899102788,-0.2953388927053342,1.3719669570750672,-5.457774200587736,5.6353187680424375
2026-05-30 04:47:30,-2148746.818121418,4426640.292836065,4044650.1136370413,39.60856169809423,115.89251890158577,47.9978878478228,8,1.6933219035012024,3.0578169221149447,-3.147450036933706,-3.9497834287782734,5.904021951044725
2026-05-30 04:48:00,-2148745.394740402,4426641.161060562,4044658.7483125213,39.60862086458264,115.89249957667592,46.89221371589289,10,1.7002863909083166,1.41789209602165,3.4088304295326624,-5.71325635342945,6.8023408510064005
2026-05-30 04:48:30,-2148746.114099366,4426645.309983048,4044658.4727196065,39.60859580378099,115.89248601574052,47.90292826906676,10,1.7071707664295175,0.27077120063508087,0.6156953712913704,-4.039077244589299,4.094696914434824
2026-05-30 04:49:00,-2148744.928941258,4426644.969674447,4044655.9348062254,39.60858285624806,115.89247533139128,47.77215196915145,12,1.713972276406386,-0.6304664708800904,-0.8330515478541927,-4.522068789628516,4.641181852763213
2026-05-30 04:49:30,-2148740.6362424614,4426641.740450444,4044657.1231898544,39.60861846056029,115.8924467844487,47.9140026564725,12,1.7206882003256179,-3.0593615767369724,3.1072733227832177,-4.589472158690338,6.330726297597184
2026-05-30 04:50:00,-2148741.8748181057,4426639.853215263,4044656.1682592486,39.6086184330149,115.89246935493432,47.99799493862491,7,1.7273158519071894,-1.116996454781813,3.0922806684961177,-4.469537261447165,5.548571360649024
2026-05-30 04:50:30,-2148744.234159708,4426643.129002039,4044656.9901542543,39.60860140487068,115.89247741283357,47.710685960204486,12,1.7338525801788363,-0.41581194493310136,1.190041933608434,-4.527017333501371,4.699253697675559
2026-05-30 04:51:00,-2148746.0223414954,4426641.10103069,4044656.856570882,39.608606443578694,115.89250645615108,47.74762218757551,8,1.740295770536404,2.079849880975133,1.7370459289950737,-4.253063353748705,5.0429804657395625
2026-05-30 04:51:30,-2148744.238256898,4426642.7843005685,4044654.1588734244,39.60858346856764,115.89247920848226,47.69764122004435,8,1.746642845789658,-0.2384085083889781,-0.8256489886152858,-4.5709269699366475,4.6510115280192466
2026-05-30 04:52:00,-2148742.41192463,4426641.246790158,4044653.8928738893,39.60859408971451,115.8924678952089,47.10394483216706,8,1.7528912671931236,-1.1941380320519066,0.3406553225683948,-5.776731631845311,5.9086919055531375
2026-05-30 04:52:30,-2148747.7938051336,4426643.592337877,4044654.384621751,39.60857200186837,115.89251234479747,47.42849881136871,7,1.759038535461551,2.6186445658229927,-2.1239110709753293,-4.969699598875283,6.005515107181649
2026-05-30 04:53:00,-2148744.992923296,4426639.477281539,4044652.730459407,39.60858866009837,115.89250392921767,47.48858663011817,8,1.7650821917695942,1.910465313716102,-0.28783364773893827,-4.810938533231437,5.184385739334422
2026-05-30 04:53:30,-2148744.6846944843,4426640.255507884,4044654.9547455404,39.60860090206956,115.89249674335132,47.62048545742414,9,1.771019818735312,1.3073192243027354,1.05787028234267,-4.333663217744654,4.648527721045473
2026-05-30 04:54:00,-2148744.2360730325,4426643.562833463,4044656.2584599354,39.608594076969524,115.89247522694055,48.157300324457154,9,1.7768490413870848,-0.5214517446478598,0.28696243520901366,-3.814083150449136,3.8602447642289976
2026-05-30 04:54:30,-2148744.108693897,4426643.893714591,4044654.7672411236,39.60858231701632,115.89247221016487,46.80788459261523,7,1.7825675281135742,-0.7683321985035215,-1.0318790658992067,-5.158956812947272,5.3169487651992045
2026-05-30 04:55:00,-2148744.9314113115,4426640.788783451,4044659.547833193,39.608629500089364,115.89249661616603,47.31036494445578,9,1.7881729915963356,1.3297507471959158,4.191792335882324,-5.453407940692652,7.005641883827603
2026-05-30 04:55:30,-2148747.3818734544,4426641.067371647,4044653.797795903,39.608581938856844,115.89252086864377,47.64571520537448,10,1.793663189724713,3.4145710598774186,-1.101315224844946,-4.763461335661692,5.96345157134453
2026-05-30 04:56:00,-2148742.9903272605,4426639.348925304,4044656.3803768377,39.60861971754209,115.8924836043097,47.459732415267915,9,1.7990359264926576,0.2385629350931433,3.078149030364621,-4.494734027462041,5.452939363752365
2026-05-30 04:56:30,-2148745.89518564,4426642.392376534,4044658.370239037,39.60861064888615,115.89249855795944,47.04238367766108,11,1.8042890528770978,1.5279090437098395,2.0574013690568558,-5.7580014013916205,6.30253810600739
2026-05-30 04:57:00,-2148747.8225057763,4426642.700631462,4044656.1895868103,39.608589076773534,115.89251717957379,47.29474146824427,8,1.809420467697521,3.1307875910311362,-0.35138499336615436,-5.241168123720937,6.115157042531772
2026-05-30 04:57:30,-2148745.853322486,4426639.362924204,4044655.9261332755,39.608609334625704,115.89251352354172,46.762205050634236,10,1.8144281184564157,2.8284232093525907,1.8828017816939118,-5.823629210864538,6.742371807160215
2026-05-30 04:58:00,-2148747.8943465487,4426642.110104752,4044658.0860608006,39.60860513103405,115.89252093481859,47.62140485403937,10,1.819310002160247,3.4723531784987847,1.401617416569952,-4.6351009914783035,5.958685188853829
2026-05-30 04:58:30,-2148740.6562009943,4426639.040550259,4044653.6917889956,39.60860842688079,115.89246072190548,46.979834357306224,7,1.824064166120624,-1.666833464305936,1.7527219393660498,-5.213626913552821,5.747371015358894
2026-05-30 04:59:00,-2148744.959073194,4426642.3206869215,4044650.702465643,39.60856000452737,115.89248911653722,47.135102427948645,10,1.8286887087353514,0.7712290394499862,-3.6370404097061666,-5.482597265257733,6.624328641163429
2026-05-30 04:59:30,-2148742.7165564457,4426639.112540039,4044654.4386429912,39.60860810723953,115.89248193847544,47.82674912725524,8,1.8331817802490415,0.16709895463348756,1.687335011053091,-4.474932755704395,4.785399112742977
2026-05-30 05:00:00,-2148744.072146618,4426639.05265953,4044657.464792213,39.60862608520626,115.89249644301991,47.74436175810232,11,1.837541583492997,1.4170389468769147,3.667721341798047,-5.036002373394005,6.389170456552005
2026-05-30 05:00:30,-2148743.902869187,4426640.79376683,4044656.764245338,39.60861267548433,115.89248581665659,47.331368235049126,8,1.8417663746040493,0.5177269435672194,2.1639340690487794,-4.840313431753611,5.327221223198815
2026-05-30 05:01:00,-2148743.6425798927,4426643.420226584,4044654.642960931,39.608585052562276,115.89246973511523,47.92004791426702,8,1.8458544637220848,-0.8482418849876012,-0.9176563756245476,-4.362003926423168,4.5374757049821035
2026-05-30 05:01:30,-2148744.871424829,4426643.002656068,4044653.3096867204,39.608574855260855,115.89248473074299,47.705839840718205,10,1.8498042156659624,0.443243992360834,-2.065138663876919,-5.341569100689195,5.744007607519413
2026-05-30 05:02:00,-2148741.9304834153,4426640.63766745,4044657.7983716736,39.60862559995069,115.89246594927388,48.082099922035226,11,1.8536140505875678,-1.153916631912907,3.5518065873428264,-4.3198464064011075,5.710335069170082
2026-05-30 05:02:30,-2148742.914237779,4426640.971895695,4044656.2573427567,39.6086107011508,115.89247455481113,47.68162610511954,9,1.857282444603729,-0.4091943921065728,1.8821932517418312,-5.033144733140289,5.389122135577536
2026-05-30 05:03:00,-2148741.9323592894,4426646.47060698,4044655.9662634376,39.60858283660482,115.89243630975726,48.31753890251921,12,1.8608079304057517,-3.6711186789413777,-1.2267468456473178,-4.073566591156355,5.619249500668496
2026-05-30 05:03:30,-2148745.4332834966,4426640.272538199,4044655.3492700015,39.60860168988293,115.89250449836467,47.45513286212847,12,1.86418909784632,2.1686185310881396,0.849864887008867,-4.978399177919408,5.496329232702323
2026-05-30 05:04:00,-2148745.4395635757,4426639.06426887,4044657.930128924,39.608625848084564,115.89251070793847,47.41318864780049,12,1.8674245945035395,2.707977611489877,3.515198804119352,-4.929807577937209,6.632704435771254
2026-05-30 05:04:30,-2148744.424031877,4426642.270059567,4044656.8784634527,39.60860457289563,115.89248376931025,47.36665888991997,9,1.870513126221887,0.41246475132646165,1.1373043786005805,-5.0597675493804415,5.2023875359717495
2026-05-30 05:05:00,-2148745.926209861,4426644.749293381,4044656.737609164,39.608587085230404,115.89248689854557,47.608076035175955,11,1.8734534576298552,0.6880857517627497,-0.8202945505708237,-3.97026191638266,4.112094944934225
2026-05-30 05:05:30,-2148744.2547140243,4426639.41406654,4044660.9355469747,39.608647918703326,115.89249651777168,47.88023607876334,10,1.8762444126340843,1.518545916340664,5.915635590561248,-4.745884481342209,7.734607013326187
2026-05-30 05:06:00,-2148743.7134025153,4426638.852074668,4044652.7912085485,39.6085954951489,115.89249370503796,48.585567753074386,12,1.8788848748897848,1.2857080261053306,0.07992081990991717,-3.6241853700506987,3.846316687733377
2026-05-30 05:06:30,-2148740.230041442,4426641.411189052,4044655.224026541,39.6086079550611,115.89244420363447,47.85347018304194,9,1.8813737882472605,-2.9399377129299724,1.4461583747512947,-4.474876495118331,5.546091186352217
2026-05-30 05:07:00,-2148741.052738577,4426643.065367847,4044655.7804462076,39.60860126091245,115.89244441042128,48.120550703236546,12,1.8837101571743535,-2.914885079361072,0.6861851243279343,-4.384628414350492,5.309648894480731
2026-05-30 05:07:30,-2148743.679735221,4426643.758015919,4044652.7096528118,39.60856977014941,115.89246840674157,47.174286008232095,9,1.885893047154644,-0.8556039762063885,-2.826319936562116,-5.129916298210256,5.919137080229844
2026-05-30 05:08:00,-2148741.070076633,4426642.2376114,4044655.8763097543,39.60860614351775,115.89244880099375,47.82638920674786,9,1.8879215850612445,-2.525179006939461,1.1939884250506585,-4.260933183372986,5.094868886380862
2026-05-30 05:08:30,-2148742.5798143838,4426638.73470273,4044655.1922706063,39.60861563639265,115.89248242729626,47.67567635783544,11,1.8897949595060393,0.3572888592445125,2.230459321896058,-4.330523190600175,4.884264040763888
2026-05-30 05:09:00,-2148743.677137606,4426638.682635009,4044657.2576433187,39.608627534253486,115.89249418672009,47.89913398287021,11,1.8915124211642285,1.3696125839726727,3.5337834464630395,-4.662348728761968,6.008407421710086
2026-05-30 05:09:30,-2148741.8777498696,4426641.309806826,4044652.1055710204,39.60858266381225,115.8924619792014,48.21785806796317,11,1.8930732830740482,-1.3781255178645768,-1.4642716734544647,-3.799212201262645,4.29852705317689
2026-05-30 05:10:00,-2148745.872045522,4426641.833766487,4044653.725545805,39.60858126376172,115.89250115597187,47.14018819393556,10,1.8944769209115455,1.978489530906835,-1.6372086284062544,-5.183300977732307,5.784590041013843
2026-05-30 05:10:30,-2148742.408667161,4426643.918371502,4044656.5133803575,39.60859858532156,115.89245427669795,47.987185369070914,10,1.8957227732403001,-2.024265331359169,0.26786048827972053,-4.443548536969482,4.890247741508371
2026-05-30 05:11:00,-2148745.427561166,4426642.007942228,4044656.1113099195,39.60859807747461,115.89249561427197,46.86183984413736,8,1.896810341735992,1.516790082381136,0.1937753104068496,-4.938511326381527,5.169825446350358
2026-05-30 05:11:30,-2148745.2982810037,4426641.569124739,4044656.0294914767,39.608600088838095,115.8924964913291,47.23799381085721,8,1.8977391913857238,1.5976367650416758,0.3992349001676214,-4.917672946757796,5.186071629836806
2026-05-30 05:12:00,-2148745.7534099263,4426642.638548209,4044654.7350214133,39.60858444313327,115.8924958211045,47.34310604720162,11,1.8985089506620194,1.5459915834185707,-1.355325119767273,-5.083016674958188,5.483069822113906
2026-05-30 05:12:30,-2148747.4223838584,4426643.622014905,4044654.091071071,39.60857073432234,115.8925083031931,47.05935389615215,10,1.8991193116714322,2.618909375764008,-2.8949723679207024,-5.175758345660208,6.4829025738599775
2026-05-30 05:13:00,-2148743.1376635195,4426642.51756476,4044654.981509983,39.60859331345834,115.89246903585531,46.84312941417312,8,1.8995700302776963,-0.7337703099200426,-0.40673737105705376,-5.509925242671178,5.57343075103294
2026-05-30 05:13:30,-2148743.013886651,4426641.085817518,4044654.0497941375,39.608594506364426,115.89247501938462,48.146101197178425,11,1.8998609261993789,-0.21693751549126983,-0.2924511598325972,-4.476246601556799,4.491032532109264
2026-05-30 05:14:00,-2148739.4487698046,4426644.432785566,4044652.7491836334,39.60857714024649,115.89242065554134,47.569767744810775,10,1.8999918830819893,-4.86096865419093,-2.2382912695208805,-4.595157386982062,7.053682405338079
2026-05-30 05:14:30,-2148746.862531978,4426643.731059606,4044655.854242613,39.60858383937091,115.89250188417752,47.90063921124442,12,1.899962848544521,2.090195874119301,-1.5129615112708898,-3.7698444823295745,4.568336540549873
2026-05-30 05:15:00,-2148744.6629887535,4426644.513743972,4044651.585868451,39.60855560705505,115.8924748637944,47.26330146482656,7,1.8997738342004018,-0.21587876195406008,-4.665091026006546,-4.8364352631313094,6.723152829978628
2026-05-30 05:15:30,-2148745.2504513036,4426641.430860964,4044654.8278165734,39.60859255861362,115.89249669334517,47.68049952533373,8,1.8994249156528493,1.6553353161119146,-0.5818772405735273,-4.287658486261997,4.632788731064618
2026-05-30 05:16:00,-2148742.3324135775,4426644.846648393,4044655.901418176,39.60858974173963,115.89244875785222,47.54174036342415,9,1.89891623246463,-2.439682074065985,-0.9130235800691464,-4.752481413376409,5.419570118078501
2026-05-30 05:16:30,-2148745.723660136,4426639.465505725,4044656.072124478,39.60861014644746,115.89251164369958,46.90121712220928,7,1.8982479881022372,2.9421562758877933,1.333364213148758,-5.240902909369039,6.156395616112125
2026-05-30 05:17:00,-2148741.783282178,4426641.637511983,4044654.7777555645,39.60859980630552,115.89245932332722,48.35118898774842,7,1.8974204498545058,-1.5282014021994277,0.16701490036412908,-4.008888571847729,4.293539458782143
2026-05-30 05:17:30,-2148741.9601809736,4426638.35770162,4044658.630542482,39.60864304658684,115.89247785348486,48.04001761992961,7,1.8964339487257011,0.06013784358786256,4.948036466041566,-4.294514692116242,6.5520636344827095
2026-05-30 05:18:00,-2148747.616947301,4426643.30280367,4044657.906631056,39.60859843882811,115.89251196439845,47.83139952215834,11,1.895288879303122,2.9807043193032072,-0.02212783233851967,-4.089504072746651,5.060546555569689
2026-05-30 05:18:30,-2148745.0457827765,4426638.5241161,4044658.8368707,39.60863591966391,115.89250932957181,47.55885951890871,10,1.8939856995992694,2.758726729782219,4.119491137330472,-4.2161951794379995,6.508231879034076
2026-05-30 05:19:00,-2148746.8608879317,4426639.860851592,4044653.3730990817,39.608586492727056,115.89252154612123,47.28505987240454,11,1.89252493086865,3.8066014786194393,-1.3857006821353735,-4.6717232979685726,6.183476349941067
2026-05-30 05:19:30,-2148746.2906652223,4426637.797629068,4044654.357821025,39.60860538391718,115.89252606398094,48.0830833089368,11,1.8909071573992788,4.195928867914844,0.6923742759225597,-4.1255261171375475,5.924961345506352
2026-05-30 05:20:00,-2148746.374536445,4426641.37016009,4044655.385126239,39.60859394119478,115.89250877699283,47.794127732884554,8,1.8891330262789743,2.7204013622280514,-0.5966576587549131,-4.214690523921449,5.051752185707094
2026-05-30 05:20:30,-2148745.6051627197,4426641.5264373785,4044655.0260729836,39.60859256040676,115.89249992302707,47.04010799374795,10,1.887203247136529,1.9658507484433967,-0.7688547607226917,-4.869638800129843,5.307455967972926
2026-05-30 05:21:00,-2148742.3257611156,4426642.928040112,4044658.810438367,39.60861987030377,115.89245844385177,47.285104077580314,10,1.8851185918578703,-1.5788733435654287,2.243577018256898,-4.67089922409421,5.416989794481423
2026-05-30 05:21:30,-2148743.571662547,4426641.6936363075,4044656.572922772,39.608607541548565,115.892477771568,47.45796451782922,11,1.8828798942773146,0.07620068571886951,0.8560839758404868,-4.933864116920302,5.008163480002288
2026-05-30 05:22:00,-2148743.1760749714,4426636.064210928,4044656.789323566,39.60863899927093,115.8925022521173,47.44795204067748,12,1.880488049844045,2.171740755539016,4.32885825378607,-4.703889631253253,6.751447944970977
2026-05-30 05:22:30,-2148742.4246784723,4426638.661074789,4044653.7442697957,39.608606327707555,115.89248117659972,47.31777020727112,12,1.8779440152639442,0.3713067024570653,0.6832528655447465,-4.276184989494866,4.346315820317923
2026-05-30 05:23:00,-2148745.281386785,4426641.264232654,4044655.3865308794,39.60859722611903,115.89249786466847,47.57203605196593,10,1.8752488081169243,1.8000906072340874,-0.34611151856366285,-4.784489881708443,5.1236181362105135
2026-05-30 05:23:30,-2148748.4215393537,4426645.244114564,4044654.95335938,39.60856589271845,115.89251052150262,48.22042678410035,10,1.8724035064499085,2.8839518303927374,-3.8432304961924997,-3.638793211871593,6.027305770047878
2026-05-30 05:24:00,-2148740.3771879384,4426640.043200272,4044656.6409901716,39.608624485035556,115.89245270093733,47.65442872881704,8,1.8694092483456262,-2.05934310997776,2.6413844852350925,-4.747160537368572,5.809762405727363
2026-05-30 05:24:30,-2148745.58571963,4426642.7175365,4044655.6633729446,39.60859091485772,115.89249366288031,47.83441806362641,7,1.866267231467397,1.4446945444613006,-1.1040554198977308,-3.84989422059551,4.257671453597202
2026-05-30 05:25:00,-2148741.754068179,4426640.560163153,4044654.50542435,39.60860352751619,115.89246449538268,47.85170571657624,11,1.8629787125800785,-1.0486681477647308,0.27678431332154496,-4.437240171141627,4.567867640007772
2026-05-30 05:25:30,-2148742.1056316053,4426639.15435039,4044658.540223272,39.60863795604367,115.8924753263239,47.57889629278724,10,1.8595450070473798,-0.12169740157986553,4.079173076452057,-4.0944785670593955,5.780935735788056
2026-05-30 05:26:00,-2148749.5131488317,4426641.684587285,4044654.4783454044,39.60857817550431,115.89254005572279,48.1918624783052,7,1.8559674883057313,5.414285503064837,-2.5756542497729886,-3.635877244070781,7.0119958397751105
2026-05-30 05:26:30,-2148747.198666109,4426635.600814039,4044659.1659941953,39.60864787354598,115.89254674580728,47.701032821944054,9,1.8522475873149309,5.9867711630215235,5.14163401170172,-4.372298777774508,9.021908105872198
2026-05-30 05:27:00,-2148744.549348538,4426640.977269357,4044652.961744068,39.60858365955989,115.89249165557817,48.21502941844749,7,1.8483867919857762,1.275842939505369,-2.005316951264456,-3.922186888059592,4.586133585732197
2026-05-30 05:27:30,-2148742.4482155563,4426642.623779591,4044656.206296844,39.60860301073656,115.89246127368088,48.44939557054616,8,1.8443866465849226,-1.3223062084540085,0.12346377410665059,-3.639394380015405,3.874135834701771
2026-05-30 05:28:00,-2148749.6490621795,4426642.6126244385,4044656.473135763,39.60858694063936,115.8925367605688,47.59417445534935,10,1.8402487511171954,5.132869188170714,-1.6795155128468633,-4.5098971584954795,7.0360706961322625
2026-05-30 05:28:30,-2148745.0695134993,4426641.707245159,4044655.9665133385,39.60859951134793,115.89249339263556,47.944426380414676,9,1.8359747606856112,1.4238273257358576,-0.3033612086012308,-3.8341382003166773,4.101210554887878
2026-05-30 05:29:00,-2148743.032645115,4426643.64019091,4044658.3618081613,39.608611319269535,115.89246222746735,47.65431470000154,11,1.8315663848293564,-1.2418657649219473,0.9881306573271924,-4.059164987968335,4.358377355574322
2026-05-30 05:29:30,-2148744.567602528,4426641.84521692,4044656.6080680112,39.60860451882423,115.89248743346994,47.93173853363863,7,1.8270253868399962,0.9129106968388825,0.21410347455530654,-4.059686737995751,4.1665696500692375
2026-05-30 05:30:00,-2148744.0785083883,4426643.897763904,4044656.862877675,39.60859695267269,115.89247187337634,47.64061267092719,12,1.82235358305618,-0.4186673808331909,-0.6449046604094467,-4.464688050876857,4.530410995531657
2026-05-30 05:30:30,-2148743.8643716616,4426648.205377985,4044655.279147525,39.60856430498631,115.89244772702806,47.81362778496474,11,1.817552842137132,-2.4846973803472174,-4.287947963623224,-3.991619406441312,6.3634302303493335
2026-05-30 05:31:00,-2148744.434996141,4426637.405484064,4044659.9795426475,39.60865115112385,115.892508619471,48.4091072237741,9,1.8126250843152107,2.7212927437174956,5.332841145683298,-4.356032845033647,7.404029377920793
2026-05-30 05:31:30,-2148744.976552362,4426635.587734156,4044651.023422,39.608596835856595,115.89252353525104,47.56618236214409,12,1.8075722806278423,3.9953401838666283,-0.7152649656201535,-4.266473459925489,5.888730163635586
2026-05-30 05:32:00,-2148746.110557017,4426644.554968912,4044661.2091490007,39.608618736878704,115.89248981771108,47.61568615552127,8,1.8023964521291311,1.1102575456862318,1.6966605065956908,-4.381624692398322,4.828039316060863
2026-05-30 05:32:30,-2148744.8218971076,4426640.8711439455,4044657.5645506666,39.6086155504922,115.89249505019937,47.69071804207951,8,1.7970996690814678,1.5558530447556453,1.3239098358275905,-3.8507809476325034,4.359120307691213
2026-05-30 05:33:00,-2148745.2174854893,4426640.69466683,4044656.828578526,39.608610349729915,115.89250009140838,47.73823741507974,11,1.791684050127448,1.9849053249536563,0.7275924100939407,-4.38834525200708,4.871017749410155
2026-05-30 05:33:30,-2148743.4946898543,4426643.01352425,4044655.2018467616,39.60859140308568,115.89247025392967,48.11054281200698,12,1.786151761442446,-0.5689257628024973,-1.3944862132130853,-3.147019935493741,3.488839749374683
2026-05-30 05:34:00,-2148747.1183777167,4426638.6890870845,4044658.176735122,39.608625301439,115.89253020154715,48.28946717988538,10,1.7805050158681732,4.555151465911787,2.3492643255857697,-4.025287866817445,6.517007761205751
2026-05-30 05:34:30,-2148745.206791142,4426643.95860412,4044658.414194445,39.608604615567934,115.89248338298353,47.62071715782447,10,1.7747460720275694,0.5487901924650327,0.034203123741331276,-3.8587760327424347,3.897754866572155
2026-05-30 05:35:00,-2148743.25451486,4426638.504582676,4044654.1409005406,39.608607820054985,115.89249066502367,49.04284613940161,9,1.7688772334213874,1.1687305355186475,0.37101156395333196,-3.0955994185637254,3.3296120502924778
2026-05-30 05:35:30,-2148743.3155129724,4426641.105496974,4044660.897907363,39.608641299860366,115.89247807891134,48.54195193394406,10,1.7629008475068186,0.08943509505776204,4.068422950232486,-3.2486805428599634,5.207109486823117
2026-05-30 05:36:00,-2148742.4138429705,4426643.32747259,4044654.423521276,39.60858707173252,115.89245733550202,48.00974708059139,8,1.756819304758545,-1.6876261222966669,-1.9697009262110077,-4.364068479491347,5.076701425243019
2026-05-30 05:36:30,-2148751.1298282733,4426639.169001098,4044658.726135351,39.608616636242445,115.8925697819511,48.3839544697334,8,1.7506350377125792,7.925039681487558,1.2932060222092323,-3.384450348388908,8.71396235530889
2026-05-30 05:37:00,-2148743.636672504,4426638.833510637,4044653.9670674424,39.608603963739036,115.89249299567058,48.354621672386756,12,1.744350519993285,1.3550311746685728,-0.13214477602459446,-3.0397268918335736,3.3306923158842636
2026-05-30 05:37:30,-2148744.950256999,4426640.6190860495,4044658.520836982,39.60862318046435,115.8924976764523,48.54074018833984,8,1.7379682653239568,1.751606109463333,1.9822622403492673,-3.6815552087047054,4.533358171043241
2026-05-30 05:38:00,-2148742.0812885044,4426640.023054079,4044656.620321035,39.60862018888768,115.89247065415856,48.61832811672869,11,1.731490826521367,-0.5631317080010003,1.631603848292173,-2.992882078264241,3.454937274787089
2026-05-30 05:38:30,-2148747.574518144,4426639.852843459,4044659.4592073984,39.60862709779798,115.89252906224732,47.779444018795765,7,1.7249207944746714,4.4276436803117125,2.3799582994936705,-3.96235532074053,6.400663227739281
2026-05-30 05:39:00,-2148745.143101771,4426643.360440101,4044654.7487859037,39.60858234893366,115.89248575735617,47.583337016789294,8,1.7182607971090902,0.7201162016127918,-2.6056387738260813,-4.281289068105396,5.063334558190866
2026-05-30 05:39:30,-2148743.0372237395,4426638.797681089,4044652.8778919973,39.60859806689773,115.89248689851581,47.47816426097169,12,1.7115134983347706,0.8132728085590026,-0.879353777824976,-4.006872763129515,4.182069471879402
2026-05-30 05:40:00,-2148743.5275258366,4426638.313926205,4044652.5878826366,39.60859731350309,115.89249449431279,48.297829242962834,11,1.7046815969812597,1.4582272545267287,-0.9813228288955984,-3.2445467967252153,3.690054896135839
2026-05-30 05:40:30,-2148742.446905456,4426638.365330992,4044656.2178831566,39.608625004843475,115.89248291322438,48.52231172863215,12,1.697767825718007,0.46306602192355295,2.0741431180129792,-3.1829192502540247,3.8272019502893166
2026-05-30 05:41:00,-2148740.566360029,4426647.047417916,4044659.436792701,39.60860742779464,115.89241906771684,48.020190670559316,12,1.690774949961337,-5.001735207968068,0.10488990301423062,-3.9642992893621694,6.383104717770116
2026-05-30 05:41:30,-2148746.2350999746,4426637.372431459,4044657.3920444925,39.60862882202565,115.8925276439648,48.133178576644966,12,1.6837057667683144,4.278165084466418,2.4615234139221034,-3.647648849391938,6.137355793475282
2026-05-30 05:42:00,-2148744.419422688,4426636.823772239,4044653.2622483564,39.60860744513794,115.8925114142171,48.53849989866519,10,1.6765631037179622,2.8849362294617844,0.07064001950510324,-2.4663391870620015,3.7961396241516874
2026-05-30 05:42:30,-2148740.6571790366,4426640.313912511,4044653.8292792765,39.60860282947288,115.8924542573873,47.94209217356619,8,1.6693498177802655,-2.008402755885793,-0.45966778941924724,-3.268513415906729,3.8636972004081143
2026-05-30 05:43:00,-2148741.512468017,4426642.177642888,4044656.1473891344,39.608607233318466,115.8924537400537,48.20804597306195,9,1.662068794173425,-2.0583137466128436,0.011272543007284086,-3.835114260439215,4.35257210627756
2026-05-30 05:43:30,-2148743.8567710533,4426638.467537829,4044655.2369702645,39.60861413279915,115.89249716213732,47.6944105967531,11,1.6547229452098031,1.649139717837268,0.7593134057720385,-3.84226329816579,4.2496124422781625
2026-05-30 05:44:00,-2148741.968339211,4426641.495941053,4044651.519332416,39.60857740092555,115.8924619816911,47.78273908191332,8,1.6473152091310428,-1.3653811491014285,-3.3356384583417977,-3.846306027498361,5.27113077662285
2026-05-30 05:44:30,-2148748.6451561283,4426642.541690788,4044654.331067962,39.60857490869388,115.89252660515997,48.240912665315115,7,1.6398485489328056,4.154791914018467,-3.6298999187198033,-3.0643613073987344,6.311004634049776
2026-05-30 05:45:00,-2148745.751978423,4426643.337357189,4044658.743202716,39.60860873953404,115.89249225282036,48.42721788564829,10,1.6323259511796189,1.2107440440080872,0.1077922803091883,-3.6091612612713466,3.8083546743517847
2026-05-30 05:45:30,-2148744.225052094,4426641.105242184,4044657.7182473843,39.6086169060473,115.89248760779901,47.69159261405735,7,1.6247504248102824,0.8069870357731213,0.9968394048990621,-4.233683099896853,4.423685054953351
2026-05-30 05:46:00,-2148746.762704551,4426643.956471395,4044655.2028417415,39.60857839657869,115.89249969229854,48.824475759617044,7,1.617124999934339,1.833708009750294,-3.2950497361512796,-2.857636947362559,4.731376834671342
2026-05-30 05:46:30,-2148742.288508527,4426645.076529544,4044653.3610644834,39.608570993250844,115.89244712904602,48.77091447105035,9,1.6094527266200673,-2.6681791533363874,-4.134057034166812,-2.615028275777295,5.572071467520652
2026-05-30 05:47:00,-2148747.615078068,4426639.527979432,4044652.106066055,39.60857750598114,115.89253113898437,48.939830991818575,12,1.6017366736744973,4.509006450637335,-3.428279177297569,-2.655590479294013,6.255909053294989
2026-05-30 05:47:30,-2148746.966116515,4426641.173798571,4044653.5134743056,39.60858045136723,115.8925159723569,47.75301643984992,9,1.5939799274159292,3.2048079124555997,-3.118371358445097,-3.8784794248927197,5.919259779248153
2026-05-30 05:48:00,-2148748.1634699693,4426640.516988257,4044663.419242155,39.608649763043815,115.89253185458924,48.87492368116307,9,1.5861855904394437,4.555628912457907,4.558302325410944,-2.5825578752659997,6.942728574340759
2026-05-30 05:48:30,-2148745.6224672417,4426638.857405047,4044653.992913195,39.608599061102986,115.89251367574668,48.207884508559616,9,1.5783567803759082,2.99350676524429,-1.0864254660330752,-3.2260217609183943,4.53305850929894
2026-05-30 05:49:00,-2148746.0650160676,4426638.732958281,4044653.8768536164,39.608597788604456,115.8925189443133,48.82851436898145,9,1.5704966286449649,3.436358014636834,-1.2443726838802145,-2.622672920436909,4.4983811564538545
2026-05-30 05:49:30,-2148745.149128818,4426642.851970158,4044655.798005009,39.60859225031492,115.89248840594705,48.585229320377834,8,1.5626082792025067,0.8169689145018963,-1.875707820232207,-2.8939634349086094,3.5441137674644
2026-05-30 05:50:00,-2148748.9687860887,4426636.170289896,4044654.8563659242,39.60861053693751,115.89256239247587,49.10291855891911,10,1.5546948872831334,7.136005843584278,0.13763956082697193,-2.309391709679323,7.501654092072574
2026-05-30 05:50:30,-2148748.8186739157,4426644.11814663,4044657.2608417314,39.608586749190195,115.89252040685437,49.196666298017114,11,1.5467596181381025,3.5373681822504244,-2.5191484752435622,-2.5411705895256675,5.031563441137344
2026-05-30 05:51:00,-2148742.1139791245,4426639.34725502,4044654.572586503,39.60860933649824,115.89247443288812,48.660676298859876,9,1.5388056457692687,-0.4024969531217655,-0.028183369355953447,-3.3152648604970203,3.3397274132519987
2026-05-30 05:51:30,-2148742.0020147264,4426643.253123614,4044653.4687489984,39.60858183965118,115.89245339957203,48.3014785568714,7,1.5308361516595297,-2.2096864027443983,-3.0964351469263187,-3.390695552247901,5.09582583548808
2026-05-30 05:52:00,-2148745.3213911797,4426642.4425216215,4044653.8973703426,39.60858070243522,115.89249229238168,48.4724007539242,7,1.52285432350027,1.1076311142196429,-3.238641220467167,-3.123069847711728,4.63348776989674
2026-05-30 05:52:30,-2148746.9473938104,4426642.344709722,4044651.3249126123,39.60855924598785,115.89250982240462,47.885176767531284,8,1.5148633539163305,2.597926027463458,-5.636153028247894,-3.2020057558753723,6.983429061904974
2026-05-30 05:53:00,-2148741.9422844583,4426640.395344643,4044653.227629762,39.608595014762635,115.89246730504965,48.54574637553486,8,1.5068664391889992,-1.046965308370388,-1.6815339424391462,-2.762417523666948,3.3992121633649575
2026-05-30 05:53:30,-2148746.248056831,4426644.918938111,4044653.5449774032,39.60856319475734,115.89248940734416,48.32090988571139,10,1.5011332220224556,0.834027131566853,-5.229135948891269,-2.9266435814397127,6.050182367578592
2026-05-30 05:54:00,-2148741.292927519,4426641.584190214,4044651.3496831236,39.60857745331861,115.89245445789813,48.6793792922651,7,1.509132429960211,-2.163988110261318,-3.6618813253905014,-2.2939793452388058,4.832655648706858
2026-05-30 05:54:30,-2148746.561946342,4426638.362409474,4044650.723558328,39.608576513894796,115.89252603391218,48.799287494838495,12,1.5171279850477464,3.9475148981990937,-3.7814650814907735,-2.685754030885849,6.090617928294091
2026-05-30 05:55:00,-2148742.2917757593,4426645.321369207,4044662.177067385,39.608631065669336,115.89244591831765,49.27711665499321,8,1.5251166891696335,-2.9132428499055387,2.2586143487470456,-1.909243221882269,4.151328987107041
2026-05-30 05:55:30,-2148746.713201339,4426645.778333973,4044662.6265347647,39.60862079935609,115.89248990997976,48.4422987960864,9,1.5330953469507367,0.8390513950363903,1.1040283880140092,-2.935597174711282,3.246631592470292
2026-05-30 05:56:00,-2148742.4540726715,4426638.439100344,4044657.4651753358,39.608633285849805,115.89248261320125,49.124409669589085,12,1.541060767034325,0.20519977865079086,2.475148517048168,-2.250672900617979,3.3517153274376135
2026-05-30 05:56:30,-2148743.9534418746,4426639.4984577065,4044662.752786178,39.60866088097364,115.89249293277837,48.23912948959275,12,1.549009763358569,1.0776901634354665,5.523473248616479,-2.9043809133856895,6.332898333826821
2026-05-30 05:57:00,-2148747.1731467596,4426640.219927118,4044652.604754018,39.60857851935074,115.89252299126719,48.60091761639489,8,1.5569391564309254,3.638037231518208,-3.6332521251054812,-2.7116981235107263,5.8128429030507744
2026-05-30 05:57:30,-2148741.419318312,4426638.741232978,4044648.9785375507,39.6085752669358,115.8924702376705,48.77389494808117,10,1.5648457745998874,-0.8835441863601803,-4.008704534519953,-2.6777610804665364,4.901098527717333
2026-05-30 05:58:00,-2148742.1240022294,4426639.00056023,4044653.419753404,39.60860307401945,115.89247630074891,48.421692218801326,10,1.572726455323608,-0.37547841604402266,-0.9363996404361223,-3.2711256511687394,3.423169781541362
2026-05-30 05:58:30,-2148745.247525844,4426640.522360523,4044653.917653058,39.608590907484505,115.89250128222668,48.542901708326795,10,1.5805780464348724,1.750281262092987,-2.301011393367661,-2.4703870766456317,3.802755611040414
2026-05-30 05:59:00,-2148747.150556559,4426645.377353634,4044653.9761915654,39.60856158248861,115.89249653024687,48.7577735898482,9,1.5883974074019225,1.3332073067852703,-5.570055260852242,-2.177515631119611,6.127359272605419
2026-05-30 05:59:30,-2148746.6236897167,4426644.556130401,4044657.640720847,39.608592620824446,115.89249518696096,49.185787247796455,12,1.5961814105846288,1.2074969724110356,-2.1386102443133472,-1.824314443697155,3.059383255649065
2026-05-30 06:00:00,-2148747.7571505904,4426642.890421459,4044653.202527026,39.60856748002166,115.89251552992594,49.54635794637178,11,1.6039269424855023,2.936181721991054,-4.942888563328684,-1.5043580677517077,5.942760608509273
2026-05-30 06:00:30,-2148741.4882411445,4426644.984365858,4044655.6733950656,39.6085895549356,115.8924392147286,48.76310198589514,8,1.6116309049950557,-3.601118734892888,-2.506059310022173,-2.890908993379254,5.254116882611807
2026-05-30 06:01:00,-2148748.51400427,4426639.258253324,4044655.284441391,39.6085987633165,115.8925419268995,49.258891111591666,7,1.6192902166310035,5.171216608939662,-1.4972502650081583,-1.3640436257192818,5.5537243886878125
2026-05-30 06:01:30,-2148738.7971532964,4426640.915710984,4044657.249510526,39.608628175982226,115.89243171324578,48.549362655311725,8,1.6269018137708142,-4.265215752309319,1.7544012720351998,-3.2007133660182836,5.613782618562494
2026-05-30 06:02:00,-2148746.268561778,4426646.28065984,4044655.061629912,39.60856668996637,115.89248269808932,48.81420294582154,7,1.634462651877118,0.0833310282579609,-5.0835320751168664,-2.778782103652652,5.794037659404086
2026-05-30 06:02:30,-2148746.9108295897,4426644.087712458,4044655.7156313485,39.60858091929461,115.89250057660279,49.565771370721414,8,1.641969706715482,1.6006196293149724,-3.516891587638548,-1.392905943810938,4.107395355362693
2026-05-30 06:03:00,-2148740.9081638497,4426638.589613969,4044652.973155381,39.608605117584176,115.89246565417704,48.88793126014369,9,1.6494199755640642,-1.3975592978241032,-0.843523906488322,-2.219457560860398,2.7551218550569243
2026-05-30 06:03:30,-2148744.6282514585,4426646.13178873,4044656.0819314,39.60857865168613,115.89246627252547,49.04330800113697,9,1.6568104784146611,-1.356543475972779,-3.7937067436003677,-2.2164451497595605,4.598374730329826
2026-05-30 06:04:00,-2148751.774140437,4426641.242279257,4044662.4775705505,39.608630461682644,115.89256598904473,49.74911368911941,12,1.66413825916467,7.1588651710884195,1.9449108173388985,-1.0408310109247112,7.491018476717785
2026-05-30 06:04:30,-2148745.8130748374,4426640.956966606,4044655.5782203795,39.60859881289132,115.89250499657909,48.19537651255129,12,1.671400386799494,1.9309095694010798,-1.5802191993085526,-2.5144056330050626,3.542278951516328
2026-05-30 06:05:00,-2148744.187935873,4426636.446577899,4044653.832676125,39.60861393293444,115.89251090730154,48.25167534130139,11,1.6785939565649062,2.4241529550205954,0.0861710230326802,-2.8513703810150757,3.7435619460983465
2026-05-30 06:05:30,-2148744.6735249883,4426642.584920718,4044653.740635799,39.608580497286745,115.89248478179734,48.60175887353649,8,1.6857160911289142,0.1776597961577847,-3.636939099555579,-2.8314751441652977,4.612606693516462
2026-05-30 06:06:00,-2148740.9602572485,4426642.729169292,4044657.0946032023,39.60861236535794,115.89244515115479,49.39519835897627,11,1.6927639417326514,-3.2238571581358455,-0.11115339776962485,-1.2643599201138143,3.464710097755608
2026-05-30 06:06:30,-2148748.378131278,4426644.346369228,4044652.8747695056,39.60855615762787,115.8925146316322,48.692076874978454,12,1.6997346893298473,2.705298337951804,-6.361596942914694,-2.526366364231029,7.360100662881201
2026-05-30 06:07:00,-2148747.360410901,4426642.496539926,4044648.9024255453,39.60854057799954,115.89251337680895,48.43879915064317,12,1.7066255457144048,2.5853192391159294,-8.102134862298442,-2.8926155192095284,8.983077948954165
2026-05-30 06:07:30,-2148743.5450905934,4426643.77705991,4044654.983515401,39.60858582961737,115.89246689948004,49.48675333374496,11,1.7134337546356477,-1.4020316087253808,-3.0902165122847736,-1.4865949989527625,3.7047395880917073
2026-05-30 06:08:00,-2148741.39653624,4426641.494627504,4044656.4426174555,39.608613091203466,115.89245599862542,49.39908073321791,8,1.7201565929007812,-2.3471187843426793,-0.07500215291122525,-1.5582780041524644,2.8183013055706025
2026-05-30 06:08:30,-2148745.8149825498,4426641.603633527,4044654.256164662,39.608586282298795,115.89250172840255,48.70755025804674,8,1.7267913714641365,1.5505341960296692,-3.061421179314511,-2.309736998292704,4.136585661085119
2026-05-30 06:09:00,-2148746.8459624583,4426639.438631718,4044655.9946770067,39.60860694289657,115.89252353667199,49.59936186528639,9,1.733335436502751,3.4024045209850864,-0.7785328136008169,-1.444881096317034,3.7775853727966586
2026-05-30 06:09:30,-2148740.2809074414,4426638.016299723,4044657.5820981204,39.608641702222975,115.89246199871938,48.832582131764525,8,1.7397861704778623,-1.8732903979648765,3.069508553183571,-2.6494902590251685,4.466642845117993
2026-05-30 06:10:00,-2148737.0915655494,4426645.510916387,4044659.3691450814,39.60862354086413,115.89239048133526,48.882943733381786,12,1.7461409931818883,-8.00248876818274,1.0435494558654534,-1.9205340661853907,8.295617701600442
2026-05-30 06:10:30,-2148739.008739581,4426639.877691915,4044659.0509742117,39.60864552257205,115.8924392077454,48.93387413747295,7,1.7523973627704779,-3.8489741524011363,3.473667814637154,-1.2729886182153345,5.338676814942434
2026-05-30 06:11:00,-2148748.127912424,4426640.364507214,4044654.318524908,39.608587315088684,115.89253225745115,49.02018312034254,9,1.7585527767792124,4.094811693935445,-2.997015594639138,-2.0147611056713846,5.459747942554384
2026-05-30 06:11:30,-2148744.507375649,4426643.069214219,4044650.838093692,39.60855822506348,115.89248057882816,48.93256499033146,7,1.7646047731245595,-0.3381335368469618,-6.235461293923918,-1.9188560809617041,6.5327881104630725
2026-05-30 06:12:00,-2148743.6961428323,4426645.033647956,4044659.024954258,39.60860710675223,115.89246209231513,49.4764533912333,12,1.7705509310886742,-1.9327019705500856,-0.8188455296043182,-1.272061240289057,2.454380717689677
2026-05-30 06:12:30,-2148745.6124661057,4426639.287008988,4044649.1253160434,39.608563007726886,115.89251138653901,49.03152330152913,8,1.7763888722876504,2.2690013743161828,-5.722886482213215,-1.9623243955983556,6.461463762841042
2026-05-30 06:13:00,-2148748.7218081756,4426642.724695618,4044655.9651570017,39.60858514540549,115.89252647756368,49.60691433821196,11,1.7821162616228474,3.5456848406518695,-3.274449445753221,-1.4315370536489394,5.034202866193608
2026-05-30 06:13:30,-2148744.2588994396,4426640.500453306,4044652.241067261,39.60858182387269,115.89249103757487,49.2802832431355,11,1.7877308082148953,0.5010553982057617,-3.6517797513130836,-1.600272953316142,4.01838591841134
2026-05-30 06:14:00,-2148742.998489757,4426640.544078716,4044657.751777912,39.60862308993845,115.89247761272108,49.950993242972245,8,1.7932302663200173,-0.6610033625048213,0.9203197515667987,-0.39066557600194124,1.1985547474519396
2026-05-30 06:14:30,-2148746.2159990943,4426639.300841948,4044657.8610613476,39.60862221117738,115.89251763832132,49.57045284299915,10,1.7986124362282956,2.7477442155930323,0.8145510593280834,-1.1486288576429073,3.087545943818087
2026-05-30 06:15:00,-2148743.734157717,4426642.111413337,4044656.2397676446,39.608602668166334,115.89247734943189,48.83184567802166,11,1.8038751651435285,-0.7117891380498327,-1.3627406123325918,-1.7169274347213368,2.30467906000925
2026-05-30 06:15:30,-2148746.3500705357,4426638.807207423,4044654.4021998737,39.60860034993609,115.89252155277067,49.57424010436866,12,1.8090163480443189,3.054067041466544,-1.6278716935074993,-1.1641158614494336,3.6513637840091113
2026-05-30 06:16:00,-2148741.8687890847,4426641.675796754,4044656.6775769657,39.6086126144263,115.8924600243588,49.397087097988525,10,1.8140339285260552,-2.2219449195240877,-0.2741097581912908,-1.1037221671035866,2.496072516392589
2026-05-30 06:16:30,-2148747.0164931333,4426639.537378448,4044652.4897869015,39.608581622460164,115.89252482090599,48.53299726771569,11,1.8189258996234439,3.3048190814131577,-3.721602337011068,-2.329888592504145,5.495501248221102
2026-05-30 06:17:00,-2148746.003245379,4426642.299157636,4044660.357612005,39.60862468644084,115.89250016390231,49.18768634332126,12,1.8236903046132715,1.181771255435698,1.0513283835997498,-1.7354671166516047,2.348131338600029
2026-05-30 06:17:30,-2148746.4727012864,4426642.443374685,4044653.5969779794,39.60857573256679,115.89250434822557,48.909509240510666,11,1.8283252377970673,1.525059467598326,-4.389508534383297,-1.9805796039383736,5.0513648770081705
2026-05-30 06:18:00,-2148744.2622473724,4426639.9410417015,4044659.3418174847,39.60863409963403,115.89249391713086,49.01008519543928,8,1.832828845263356,0.6184237486870738,2.0824942685443846,-2.1408186083368372,3.0499728892666664
2026-05-30 06:18:30,-2148740.5894407015,4426640.810190707,4044656.7730155527,39.6086209272883,115.89245102435191,50.10512278106062,9,1.8371993256291979,-3.064281291674307,0.6138384402287276,-0.3023488336943049,3.139750353522379
2026-05-30 06:19:00,-2148744.2462859526,4426638.526735656,4044655.703071353,39.608616098462186,115.89250094137172,49.07604385090221,12,1.841434930760719,1.1897060286939642,0.07153043767586942,-1.7345530335701174,2.1045643882980065
2026-05-30 06:19:30,-2148745.462492709,4426643.437955133,4044660.6721489187,39.60862236622369,115.89248870888726,48.97447268051548,7,1.845533966472341,0.12883435185923275,0.7611617175929142,-2.4535270481039735,2.572112055553914
2026-05-30 06:20:00,-2148745.983413302,4426639.8229036415,4044653.0311318897,39.60858650011448,115.89251254737052,49.52421830269696,8,1.8494947932044323,2.152561742720674,-3.225847718952889,-1.208321214056154,4.061976823965932
2026-05-30 06:20:30,-2148742.473795833,4426637.804005865,4044655.0136994114,39.608619447250476,115.89248604912265,49.75161314490028,12,1.8533158266791103,-0.1283803903367648,0.42563284231459364,-0.6472024205531132,0.7851852101572141
2026-05-30 06:21:00,-2148744.7008596202,4426641.844564158,4044655.982464496,39.60859983652466,115.89248883268164,49.13678637578992,7,1.8569955385339312,0.09469659457800156,-1.7565886648805826,-1.7818091360426958,2.503879985122457
2026-05-30 06:21:30,-2148740.666566305,4426641.95325805,4044657.502525018,39.608619929258865,115.89244602001835,49.480707059826855,9,1.8605324569332158,-3.581500644143673,0.46849526487694937,-0.7369991548710344,3.686434921641
2026-05-30 06:22:00,-2148747.6832909845,4426643.020666205,4044653.2941283546,39.60856763171021,115.89251409396743,49.662600789438024,9,1.8639251671567627,2.2248703911594294,-5.341520077704036,-0.8962387192560467,5.855350445521341
2026-05-30 06:22:30,-2148747.8034790456,4426640.072875358,4044655.7206902215,39.608599381883835,115.89253034183889,49.44602934896119,12,1.8671723121657173,3.5992170635320075,-1.822015403680885,-0.9195914615213573,4.137602211157251
2026-05-30 06:23:00,-2148745.585737313,4426644.644914912,4044659.8527404834,39.60861014716978,115.89248386277619,49.886582620608856,8,1.8702725931453714,-0.39065987771246286,-0.6316097331701644,-0.44933330503014757,0.8680129112512776
2026-05-30 06:23:30,-2148742.087520169,4426639.551993544,4044655.660892215,39.60861592143418,115.8924731146752,49.99236894366365,11,1.8732247700246694,-1.3249986929021182,0.005016729562169253,-0.548624672509779,1.4340975333129486
2026-05-30 06:24:00,-2148747.3475312223,4426642.923948436,4044652.247870316,39.60856168819423,115.89251106861319,49.67137320563059,12,1.8760276619722211,1.905441947311551,-6.018964985909003,-0.7475944183224064,6.357479526548223
2026-05-30 06:24:30,-2148743.069416262,4426641.568957814,4044655.1925053587,39.608599832670194,115.89247314440678,49.44729786630354,11,1.87868014786862,-1.352977914033762,-1.7887948405765792,-1.4054513716597377,2.646815024824511
2026-05-30 06:25:00,-2148742.408269354,4426642.039749691,4044656.161738867,39.60860580537648,115.89246382489748,49.46414246070396,7,1.8811811667548721,-2.165265179988071,-1.1294651790139651,-1.2008044611243445,2.721396010162789
2026-05-30 06:25:30,-2148746.9364461824,4426639.542447515,4044658.476240011,39.608623449082415,115.8925239566244,49.610484039632276,11,1.8835297182567703,2.9616291553214573,0.8255719194207756,-0.978289655922386,3.22643253434361
2026-05-30 06:26:00,-2148747.0472361883,4426647.08341076,4044657.302027339,39.60857620331176,115.89248677303245,49.947786658370305,9,1.8857248629850272,-0.23355923928691014,-4.421895916812577,-0.5607371478175928,4.463422405097083
2026-05-30 06:26:30,-2148743.9789626417,4426641.568411985,4044654.357088845,39.60859175119174,115.89248267485013,49.4793557387316,8,1.8877657229110196,-0.5994342407629155,-2.6990411075631577,-1.3932541026318943,3.0960137764253206
2026-05-30 06:27:00,-2148743.773044666,4426645.969630517,4044656.4707816495,39.608584327440106,115.89245813861882,49.35409284129922,7,1.8896514817179884,-2.7131242735872303,-3.5258095548264885,-1.0205458020393798,4.564415633451252
2026-05-30 06:27:30,-2148746.1244241954,4426644.235749248,4044653.515956697,39.60856681668969,115.89249158613286,50.21461970260318,7,1.8913813851275538,0.1317182380624474,-5.472006621756945,-0.35108828298448896,5.484839937978056
2026-05-30 06:28:00,-2148745.3026399915,4426647.802299626,4044653.941677583,39.60855348090082,115.89246484270036,49.29877495283444,8,1.892954741201417,-2.170772399412243,-6.954554351081407,-1.2505765761300218,7.392024134495261
2026-05-30 06:28:30,-2148743.257077201,4426637.837932144,4044657.013270269,39.608631229143825,115.8924940816385,49.20455298835699,10,1.8943709206181263,0.31412371172231895,1.673454391812101,-0.8133275245338265,1.886961835837105
2026-05-30 06:29:00,-2148739.934279633,4426644.122100629,4044652.19843432,39.60857369417092,115.89242732110948,49.62936357049582,12,1.8956293569247973,-5.410522725791704,-4.7147446032130365,-0.5067809761059282,7.194400586398969
2026-05-30 06:29:30,-2148743.2545271604,4426643.768315339,4044654.675713798,39.60858445865587,115.89246390023894,50.69370905483169,9,1.896729546763686,-2.297955699989628,-3.521474286871208,0.3600649272309169,4.220311398941044
2026-05-30 06:30:00,-2148742.937116748,4426643.8415531,4044652.5337079964,39.60856997083161,115.89246020290906,49.65152130185931,12,1.897671050073526,-2.629698691926507,-5.130980574044184,-1.182181234118278,5.885561088956615
2026-05-30 06:30:30,-2148743.8361127162,4426640.3277284745,4044653.259161686,39.60859085221446,115.8924874870727,50.58673746385503,11,1.8984534902655468,-0.31202966202206595,-2.8142749578246793,0.8976490839663638,2.9704006339492923
2026-05-30 06:31:00,-2148742.434440626,4426643.682012434,4044655.949171487,39.60859581137251,115.89245574851176,50.51469098284088,9,1.8990765543741035,-3.0417782839345313,-2.2647062184710185,-0.2296510964563132,3.7992168944008173
2026-05-30 06:31:30,-2148744.2134795287,4426645.230345358,4044659.770906552,39.608609992887644,115.89246651134894,49.57668324589837,8,1.8995399931818604,-2.136970241807308,-0.6912256368663978,-0.6559842277933593,2.339818369563115
2026-05-30 06:32:00,-2148746.9206135855,4426639.169981605,4044657.517148911,39.608618731804675,115.89252568468486,50.30418452522268,12,1.8998436213194734,2.907721406739641,0.2783568572561941,-0.2529024755337452,2.9319423564123155
2026-05-30 06:32:30,-2148745.6628467944,4426641.57421422,4044662.2058755956,39.608642126410736,115.8925002843435,51.0508677081762,7,1.899987317339736,0.7199780090679007,2.8749511983594536,0.7945831719569252,3.0683994433005237
2026-05-30 06:33:00,-2148746.1006077514,4426640.348412428,4044654.8761431575,39.60859634091645,115.89251110290509,50.27080366635424,9,1.8999710237661556,1.6295419779656093,-2.207215204443931,0.15630283598805655,2.748024125297746
2026-05-30 06:33:30,-2148745.7083691484,4426640.258821025,4044653.148449948,39.6085857604739,115.89250744968649,50.296431756776364,12,1.8997947471159446,1.3015335269585222,-3.3813904731226962,0.44223758437480964,3.6501185096590616
2026-05-30 06:34:00,-2148745.807282483,4426640.479921649,4044658.6646072585,39.60862275638857,115.89250736157312,49.98864352210851,9,1.899458557897413,1.2784034489827352,0.7256402641024506,-0.06964591055385391,1.4716384488435
2026-05-30 06:34:30,-2148741.6699953857,4426640.69343742,4044654.834643704,39.60860534243229,115.89246293703417,49.27888839041296,10,1.8989625905817653,-2.536209926500011,-1.2065943889857897,-0.8069412604628075,2.922222614491662
2026-05-30 06:35:00,-2148745.2547956444,4426644.565324616,4044652.621966883,39.60856107264263,115.89248080080186,50.115777026149914,7,1.8983070435493155,-1.024146787650017,-6.119596365516069,-0.00838748600467775,6.204708427429351
2026-05-30 06:35:30,-2148748.391892357,4426638.79939938,4044660.155042696,39.60863531799854,115.89254298093094,50.635232489647194,12,1.8974921790101356,4.277700007020009,2.1228128625780256,0.3530945639023023,4.788499511396346
2026-05-30 06:36:00,-2148745.2387878587,4426640.754868695,4044654.879667263,39.608596426569264,115.89250000844127,49.81793578267115,12,1.8965183228991767,0.5872915770711944,-2.1927311883596596,-0.5947227436708816,2.3466309046680855
2026-05-30 06:36:30,-2148746.9797547213,4426640.8067770265,4044653.590528588,39.608582841804356,115.89251798144487,50.00811794067493,12,1.8953858647458983,2.1087338920996075,-3.6990058196828386,-0.019438389125701307,4.25790799955904
2026-05-30 06:37:00,-2148742.9930281746,4426637.86667789,4044659.103626723,39.60864628506767,115.89249116950816,50.67276782417,10,1.894095257518463,-0.19965122080626713,3.345060120972133,0.7065102294473679,3.4246816680096424
2026-05-30 06:37:30,-2148748.575993801,4426641.032316456,4044658.5822297283,39.60861242622107,115.89253355551622,50.09672330693239,11,1.8926470174425538,3.4095383893470426,-0.41117896794258435,-0.04515279400021455,3.434539117103717
2026-05-30 06:38:00,-2148747.3741974076,4426637.771305262,4044651.753329289,39.6085846915813,115.89253754803298,50.52432950249275,9,1.8910417237948913,3.7354784080360033,-3.487402229524705,1.0438057495380677,5.215870367461772
2026-05-30 06:38:30,-2148743.725628278,4426639.350648561,4044657.307165479,39.60862432070657,115.89249129796522,50.43597989838211,8,1.8892800186715308,-0.23512009666015526,0.913980963629045,0.6066012846656623,1.1218769006837561
2026-05-30 06:39:00,-2148744.835348671,4426640.926734525,4044657.359786194,39.60861380615902,115.89249490844105,50.34454265879919,11,1.887362606731033,0.05819890741128905,-0.2503553577950015,0.3889065520910071,0.4661686650342838
2026-05-30 06:39:30,-2148744.140603875,4426638.479276265,4044655.7640440064,39.608617030825606,115.89250007565268,50.048239501650514,12,1.8852902549126085,0.4846724701839644,0.11058885737856072,0.2325447638950618,0.5488299973083939
2026-05-30 06:40:00,-2148749.314870196,4426637.697691753,4044654.421841641,39.60859879058214,115.89255825124525,49.97376734992762,9,1.8830637921293538,5.444259534188725,-1.9108446078457615,-0.09109887478462914,5.770579519937757
2026-05-30 06:40:30,-2148748.414150477,4426642.677073551,4044650.644573932,39.60854913902232,115.89252349694318,50.007951973455135,9,1.8806841089366968,2.4568541451369805,-7.418707319322723,0.04698999464099218,7.815085325180121
2026-05-30 06:41:00,-2148747.8176720957,4426643.735094355,4044654.725539351,39.60857357981332,115.89251186892275,50.21627758819728,7,1.8781521571761854,1.4471587168037585,-4.7020927193063375,0.29168534716320377,4.928389659343556
2026-05-30 06:41:30,-2148743.4194342727,4426640.621850937,4044655.0250236187,39.60860266616394,115.89248162673968,49.855127850429284,9,1.875468949594765,-1.1543148494507556,-1.4695951604500792,-0.6367115986136191,1.9742224715289625
2026-05-30 06:42:00,-2148750.5872096806,4426645.4325107355,4044657.2294245535,39.60857535113215,115.89253224931414,50.725094861063184,8,1.8726355594396922,3.159509470934915,-4.497425772226465,1.0277831380138547,5.591571948244952
2026-05-30 06:42:30,-2148745.5293575083,4426642.06049071,4044656.849300155,39.60860268768731,115.8924964134097,50.26203607253328,7,1.8696531200292519,0.07976197630573656,-1.4587055524176644,0.7320196867070858,1.6340246886889624
2026-05-30 06:43:00,-2148746.4489487316,4426642.47854561,4044658.9814035385,39.608613074894954,115.89250392057684,50.38492253168961,8,1.8665228242994423,0.7065992453908516,-0.30113885366326887,1.0343355159161967,1.2883388771042241
2026-05-30 06:43:30,-2148748.0148724914,4426641.912357061,4044657.6171035133,39.608602584526025,115.89252320285345,51.23887486755349,11,1.863245924326819,2.340446667600107,-1.46075976241728,1.394412519270016,3.091261225013956
2026-05-30 06:44:00,-2148745.6313583427,4426640.66142549,4044661.0613495605,39.60863893803694,115.89250459582776,50.65032783523415,12,1.8598237308276793,0.7341873624928122,2.5795126910535955,0.819556297042416,2.8043875143375945
2026-05-30 06:44:30,-2148746.924631885,4426644.018879708,4044653.2566892435,39.60856413004778,115.89250107118355,51.448634625389985,12,1.8562576126337942,0.41776837282714685,-5.718919388627088,1.6533959568231524,5.967770737636343
2026-05-30 06:45:00,-2148748.511997282,4426641.9039801415,4044657.389518341,39.6085998025554,115.89252845291855,50.26461102550699,11,1.8525489961448938,2.7444023360165395,-1.7537951075653615,0.7176216327786796,3.3350445677809426
2026-05-30 06:45:30,-2148742.8237768,4426641.326277106,4044652.986628882,39.60858634663388,115.89247180526463,50.261930211977656,12,1.8486993647581262,-2.114795590317208,-3.241706032138005,0.6637444330527194,3.927031329138273
2026-05-30 06:46:00,-2148744.91506024,4426643.657537028,4044652.8061532476,39.60856787333869,115.89248185790842,51.15843650434351,10,1.8447102582747175,-1.2699711232557336,-5.286325823509655,1.52273412735503,5.645953116066422
2026-05-30 06:46:30,-2148745.980260952,4426643.01499085,4044655.915277338,39.60859015176531,115.89249628328227,50.495601228279334,11,1.840583272284075,-0.051148008482373,-2.807285736986393,0.7359696112886842,2.902605828664885
2026-05-30 06:47:00,-2148748.714002047,4426644.183788043,4044655.337395338,39.60857328984761,115.89251897662626,50.36348763479023,12,1.8363200575255685,1.8747825840608145,-4.672605995873197,0.430301476723324,5.053040262162788
2026-05-30 06:47:30,-2148742.556505405,4426645.001751133,4044659.08812739,39.60861055665296,115.89245031659347,50.57450200963437,7,1.8319223192282597,-4.011430867022416,-0.5294210367836325,1.040605686603912,4.17788516238559
2026-05-30 06:48:00,-2148745.409005332,4426641.11649639,4044659.539456511,39.60862656289321,115.89249995270276,50.093556206966795,11,1.8273918164288314,0.21867468711943666,1.2540572089377984,0.6650187396603184,1.4362200479644625
2026-05-30 06:48:30,-2148743.794284126,4426641.8999918075,4044654.7345260875,39.608593132558475,115.89247905429858,50.67770889133084,9,1.8227303612679975,-1.5830064582774401,-2.4497093314072726,0.6779194218943784,2.9944214796707493
2026-05-30 06:49:00,-2148746.388225477,4426641.631215799,4044657.441017424,39.60860686840468,115.89250759297651,51.14912335384321,12,1.8179398182656707,0.8430603505252018,-0.9178157598665324,1.4869220445770805,1.9401220812970357
2026-05-30 06:49:30,-2148744.019313312,4426640.786304826,4044655.8055541003,39.608605752638326,115.89248707437321,50.36297741377134,8,1.8130221035751786,-0.9260009289400204,-1.0342381926298818,1.0144437230159928,1.7193668679658376
2026-05-30 06:50:00,-2148745.3047218993,4426639.4319201475,4044654.760491664,39.60860223941624,115.8925074260191,50.643041985319435,8,1.8079791842168287,0.8000856440169302,-1.4165662917941202,0.8852739629168968,1.8521628130993013
2026-05-30 06:50:30,-2148740.104129453,4426640.003835415,4044654.697530564,39.608611847252966,115.89245004075795,50.83532487331682,11,1.8028130772911257,-4.12152856031065,-0.34224604378960755,1.6376044282869475,4.448132000232349
2026-05-30 06:51:00,-2148744.2633043844,4426643.176779432,4044653.743564112,39.6085784970068,115.89247747519204,50.973162468803636,10,1.797525849171961,-1.7895947374886898,-4.036063306982948,1.1818926569492396,4.5704842845120774
2026-05-30 06:51:30,-2148747.9888409744,4426641.731493498,4044659.9753961447,39.6086199887144,115.89252384982082,50.189766919610825,7,1.792119614680086,2.1621149440059315,0.577784825914984,0.763165090445131,2.3645289787662795
2026-05-30 06:52:00,-2148742.468995644,4426637.645184736,4044659.165679315,39.608649165201165,115.89248680641079,50.50859489655615,8,1.786596536237215,-1.019699670572877,3.8248507839182673,0.8979458637251668,4.059011913210869
2026-05-30 06:52:30,-2148745.313133647,4426643.943964311,4044654.9754537963,39.60858049910113,115.89248457138054,50.14896170016078,10,1.7809588230010855,-1.2247451663229616,-3.7884042751644804,0.598334693603009,4.0261659280368685
2026-05-30 06:53:00,-2148745.6837399337,4426639.701731108,4044656.277846946,39.6086104621254,115.89251002437284,50.72595439662459,8,1.775208729981823,0.9380735234048536,-0.4536216695018025,1.0796682073781843,1.5004792542311343
2026-05-30 06:53:30,-2148746.5523145096,4426640.791025763,4044657.1998327137,39.608609103340925,115.8925135840228,50.50233163755049,8,1.769348557139969,1.228741199673303,-0.59535624664299,1.0665240346395037,1.7325494257466776
2026-05-30 06:54:00,-2148748.074918555,4426642.798112759,4044654.264786041,39.60857455236473,115.89251932797104,50.39159684893017,8,1.763380648466525,1.7062917058315135,-4.42122182648855,1.2206611468095692,4.8937355322635305
2026-05-30 06:54:30,-2148745.9914743626,4426644.676556952,4044654.2579674097,39.60857004352051,115.89248795205124,51.19735053293031,9,1.7573073910453885,-0.9904217080156223,-4.912209816786712,1.7733045461924692,5.31557611716653
2026-05-30 06:55:00,-2148743.415772503,4426647.672243234,4044657.2087312085,39.608581594126655,115.89244573873803,50.67090603122386,11,1.7511312140985544,-4.613815875528919,-3.620399243118564,1.4403567897372433,6.038974689017858
2026-05-30 06:55:30,-2148745.2428388824,4426639.910682503,4044658.9097956275,39.60862880086931,115.89250434337983,51.2602502894938,9,1.7448545880144524,0.3844686254080192,1.6294406606872365,1.591028043950712,2.309602395924809
2026-05-30 06:56:00,-2148744.1607279573,4426638.877458753,4044657.6493726703,39.6086280496837,115.89249826178425,50.72737765473542,8,1.738480023359829,-0.1488801715703989,1.556147279946201,1.3352501346842005,2.055882434514427
2026-05-30 06:56:30,-2148739.865739168,4426643.315849534,4044652.9514459544,39.60858325294388,115.8924307027353,50.55621613851969,8,1.7320100698755527,-5.9394568719334115,-3.4060073179289163,0.927950030254924,6.90935055138994
2026-05-30 06:57:00,-2148750.297986332,4426639.001752924,4044658.794056013,39.60862004686469,115.89256191868206,51.165046520017526,11,1.725447315456753,5.268579084034556,0.6885952334514371,1.7435043399848276,5.592128069331421
2026-05-30 06:57:30,-2148739.0054148054,4426641.20719293,4044653.6740450123,39.608601278619325,115.89243241270663,51.14583452439648,12,1.7187943851176943,-5.819268153697751,-1.3840103489071307,1.9121900801258442,6.279795967470165
2026-05-30 06:58:00,-2148746.070462779,4426639.807158036,4044655.6906299437,39.60860486808857,115.89251353929285,50.97977486234613,9,1.7120539399418082,1.1055167343500913,-0.9747188355647767,1.8954878146208562,2.401066036932136
2026-05-30 06:58:30,-2148745.6057798252,4426640.355454393,4044657.0339015876,39.608612553855814,115.89250588368468,51.45809406038736,7,1.7052286760172923,0.4380795201236234,-0.11054903371858593,2.2875641467546344,2.3317556647996196
2026-05-30 06:59:00,-2148743.242580237,4426641.584209965,4044656.3356036646,39.60860727521441,115.89247488077801,51.056841432225966,12,1.6983213233587167,-2.2258247163168625,-0.6852409722623831,2.11561612612305,3.146376082248598
2026-05-30 06:59:30,-2148747.2360457126,4426645.757223775,4044657.0311189606,39.60858067019954,115.89249549420612,50.53890384339322,9,1.6913346448150466,-0.4755781025834011,-3.6269743647700112,1.1573421868267963,3.836738004055618
2026-05-30 07:00:00,-2148743.954523086,4426640.585983804,4044657.577665744,39.60861927519408,115.89248741427186,51.09420590327531,8,1.6842714349645451,-1.178970735625747,0.6697876443875022,2.0007540000311566,2.4169410527931263
2026-05-30 07:00:30,-2148748.139001951,4426635.656167106,4044656.0031022197,39.6086232333604,115.89255631454253,50.64727216902993,11,1.6771345189969773,4.700816590584938,1.1209344053461567,1.2596887374506323,4.9940951407304315
2026-05-30 07:01:00,-2148743.1143977586,4426637.29948186,4044654.8278305973,39.608619149936,115.89249532494763,51.56020369149319,11,1.669926751583573,-0.5269870190901311,0.6796455837325497,2.3859092446576096,2.536177509859928
2026-05-30 07:01:30,-2148743.9580528014,4426642.514089683,4044657.124260207,39.608606191329,115.89247764725485,51.28959033095425,10,1.662651015735195,-2.0507973964330164,-0.7466092425799618,2.4972484216171447,3.316541120141824
2026-05-30 07:02:00,-2148743.681792228,4426637.254877132,4044659.351153357,39.608649434915215,115.89250149531969,50.56778655294896,12,1.6553102216491744,-0.02335735395307459,4.065756890670447,1.3013488020505657,4.269008475584975
2026-05-30 07:02:30,-2148745.379609304,4426640.282974468,4044657.9697525864,39.60862000313398,115.8925038830514,51.354527157861924,8,1.6479073055452693,0.16899445747259034,0.8113329755164271,2.6285108230875727,2.75606412677668
2026-05-30 07:03:00,-2148747.0852977317,4426643.506387536,4044658.627647092,39.608603735872556,115.8925053600961,50.73219623232575,9,1.6404452284912159,0.28359040339052255,-0.9816553024530954,1.792220990871137,2.0630382279174078
2026-05-30 07:03:30,-2148739.07733804,4426644.334126845,4044659.5216584033,39.60862569729662,115.89241726637948,51.457963526378634,8,1.6329269752183455,-7.261453478375987,1.4689126204664564,2.3985997690652137,7.787149141845433
2026-05-30 07:04:00,-2148743.338066195,4426640.565880678,4044655.485861861,39.608606363793406,115.89248105899016,50.42313294894178,7,1.6253555529277237,-1.8176074220367149,-0.6640861218229923,1.2570066530152506,2.307546932039619
2026-05-30 07:04:30,-2148747.2408887944,4426639.480631809,4044658.6522815865,39.60862423165312,115.89252746003612,50.98355508985977,8,1.6177339900873158,2.1391033256746357,1.3324348072482992,1.6877214970634444,3.033075898346293
2026-05-30 07:05:00,-2148746.192362757,4426642.658691568,4044657.096691552,39.608599675329955,115.89250031679002,50.96801055515283,11,1.6100653352206389,-0.19329570215429603,-1.3799620745989352,1.7920300350867944,2.270028678773882
2026-05-30 07:05:30,-2148748.9649346336,4426643.306331704,4044659.8468997497,39.60860855414499,115.89252606686249,50.98904631568641,11,1.6023526556873917,1.9976796527530558,-0.38089405147884414,1.8037108433509306,2.7183040815731534
2026-05-30 07:06:00,-2148747.8927054647,4426639.918041146,4044652.231424265,39.608575677917486,115.89253206380076,50.898608980419915,12,1.5945990364565534,2.4995717456498125,-4.01647313285166,1.677563348823439,5.019375870353384
2026-05-30 07:06:30,-2148743.591145767,4426643.054631253,4044653.4891976686,39.608579034345944,115.89247105530328,51.45948532794832,11,1.5868075788724363,-2.7284620488805666,-3.630066754245484,2.807883863080368,5.3391105608525296
2026-05-30 07:07:00,-2148742.5578272757,4426640.532027488,4044657.128307363,39.60861991449087,115.89247305797596,51.39642223183109,7,1.5789813994141877,-2.5678750278246,0.9216308072193917,2.516709846274428,3.7117669584277126
2026-05-30 07:07:30,-2148741.058348464,4426640.310191037,4044657.8753983066,39.60862999895092,115.89245847863747,50.957804771525964,10,1.5711236284492462,-3.8251837442720182,2.0551639846677467,1.7633575409234947,4.686700278282158
2026-05-30 07:08:00,-2148742.72422448,4426638.408412665,4044654.842039561,39.60861451767718,115.89248559913372,51.33716302896691,9,1.5632374089812273,-1.5163361384705727,0.35105531221678543,2.327066495885533,2.799598827214436
2026-05-30 07:08:30,-2148744.8163778367,4426640.017687065,4044654.3347122855,39.6085974827125,115.89249933202606,51.837972507403954,8,1.5553258953927702,-0.352207215988647,-1.5253605171471427,2.5171156431117523,2.964227688802559
2026-05-30 07:09:00,-2148742.1119265654,4426639.772356099,4044658.977132292,39.60863780055025,115.8924722498419,51.82883844053561,11,1.5473922521838248,-2.6782927541603048,2.9645351794781627,2.3914215079493246,4.656245025343258
2026-05-30 07:09:30,-2148744.1734069185,4426644.2569321,4044653.1107323533,39.60856876087482,115.89247104116654,51.17367819157805,9,1.539439652705894,-2.7916271155282137,-4.684104736140689,2.4643078611872906,5.983881045441787
2026-05-30 07:10:00,-2148742.395580911,4426639.616327275,4044658.662684748,39.60863570703573,115.8924760145477,51.19727429814204,8,1.531471277892736,-2.376149925096252,2.7618294074051892,2.1659756164831645,4.238542262776513
2026-05-30 07:10:30,-2148743.718483102,4426644.507311382,4044652.6084056473,39.60856511370543,115.89246500263506,51.732918566424054,12,1.5234903149880323,-3.327530580449489,-5.058975895812942,2.484215062824367,6.544999721665872
2026-05-30 07:11:00,-2148746.229748307,4426642.327550055,4044662.5474613183,39.60863921127,115.89250239219217,51.46961614448994,10,1.515499956270532,-0.13964689598404578,3.1810500417139314,2.2512455549290626,3.8995752553366687
2026-05-30 07:11:30,-2148747.726435637,4426642.51790413,4044656.3189728567,39.608591157108364,115.89251710235075,51.516824369386,9,1.5075033977771883,1.1089263281453523,-2.1376259081689177,2.512659243438829,3.480318749506647
2026-05-30 07:12:00,-2148746.5461264676,4426641.51406944,4044656.3459993554,39.608599457819594,115.89250984268169,51.188391925097335,8,1.5004961619752224,0.4788703531736729,-1.2007734562302095,2.272698909708168,2.614638415254472
2026-05-30 07:12:30,-2148741.6964359186,4426646.501004942,4044659.1570850746,39.60860547063613,115.89243368385037,51.91466040941968,9,1.5084955232694583,-6.043038739511841,-0.5177420301037057,3.2479960490774493,6.880105548013017
2026-05-30 07:13:00,-2148744.8295958787,4426637.912214744,4044660.093429782,39.60864835082753,115.89251017636082,50.60195683492595,10,1.5164914864676589,0.4893900676144187,4.257701043928683,1.8451684910559603,4.666065535130938
2026-05-30 07:13:30,-2148742.0319898874,4426643.652674227,4044660.0930805295,39.608625800081754,115.89245168194361,50.898928338333455,7,1.5244808532911556,-4.521615905287144,1.770440862235884,1.9072042860022174,5.216981831496583
2026-05-30 07:14:00,-2148741.1297865934,4426641.315300308,4044652.9080748805,39.608590087281534,115.89245411621037,51.50226057931902,10,1.532460428099743,-4.322068031340321,-2.177678877431472,3.1828576678157194,5.792507254576253
2026-05-30 07:14:30,-2148750.3533063056,4426639.832053083,4044658.902137485,39.60861638872896,115.89255827626512,51.87044447925152,7,1.5404270191698903,4.576854221972603,0.7579090527975395,3.4440644190566694,5.777854309699498
2026-05-30 07:15:00,-2148747.185499127,4426640.6232834635,4044656.8873890126,39.60860621108127,115.89252106968003,51.13072614986278,10,1.548377439971391,1.386775740283143,-0.35555871592255084,2.297389030464202,2.7069476004539874
2026-05-30 07:15:30,-2148737.944024889,4426638.69680145,4044652.8342992538,39.608611002886214,115.89243405920887,51.71208931529223,7,1.5563085104419256,-6.062190085976513,0.19270427584282446,3.1937147210030163,6.85471350937378
2026-05-30 07:16:00,-2148742.441234337,4426646.391440568,4044653.2371619632,39.60856298435982,115.89244204285866,50.93622872994274,8,1.5642170582590535,-5.387445515683784,-5.120860349258682,2.0706277644601774,7.71591078486684
2026-05-30 07:16:30,-2148741.1291272393,4426641.544670332,4044653.2651738888,39.608591393431766,115.89245294300864,52.82338677518462,8,1.572099920109094,-4.463131138612324,-1.9508447726470934,4.103255835504213,6.368833750304274
2026-05-30 07:17:00,-2148744.342299177,4426641.079882989,4044657.563290298,39.60861566553246,115.89248896492992,52.4016165335451,12,1.57995394295241,-1.3903321630781778,0.7600813899930019,3.781474759761557,4.100036414694029
2026-05-30 07:17:30,-2148741.939375521,4426642.306014815,4044657.203850411,39.60861285731672,115.89245755924819,51.32902083526107,9,1.5877759852845836,-4.083531866987566,0.4652044148927592,2.1206543024949642,4.624805112329499
2026-05-30 07:18:00,-2148746.2807164355,4426638.6764065875,4044659.1178025305,39.60863400653742,115.89252149136803,51.81815163140848,9,1.5955629183929743,1.376373598119878,2.8297124470275374,3.0768855987681762,4.401011452197214
2026-05-30 07:18:30,-2148745.0277091665,4426641.74731076,4044656.422018998,39.60860257894729,115.89249275100275,51.99763110412988,7,1.603311627608163,-1.0885675690426186,-0.6416984005993887,3.4901971409908983,3.711904130319668
2026-05-30 07:19:00,-2148741.268965719,4426639.973604727,4044659.371986336,39.60864161772633,115.8924623963602,51.88728713594702,8,1.6110190135497784,-3.691389064662272,3.708762396245949,3.1811488883011143,6.123804372124865
2026-05-30 07:19:30,-2148746.054743019,4426641.934712753,4044655.3427828713,39.60859154057369,115.89250255647167,51.26431588727373,10,1.618681993366209,-0.26387863544280166,-1.8325430260107718,2.4807016589746853,3.0954364146697677
2026-05-30 07:20:00,-2148746.9011937273,4426640.390177422,4044659.189034206,39.60862413496314,115.89251927682348,51.612290113569436,11,1.6262975019676973,1.1593179393769946,1.8027924340920118,2.9005163318172875,3.60653207889789
2026-05-30 07:20:30,-2148740.677259142,4426640.15879533,4044654.714917,39.60860973954722,115.89245525646645,51.82042752792072,7,1.6338624932523427,-4.321966215459527,0.2223567107433957,3.571895161127941,5.6113518439388
2026-05-30 07:21:00,-2148751.1508669825,4426640.350206872,4044657.1092136367,39.608599255987436,115.89256399614912,51.2949356444532,7,1.6413739413244968,4.970727731932028,-0.923768283601755,2.15681341681136,5.496665001773725
2026-05-30 07:21:30,-2148741.8355392367,4426638.515286019,4044654.028054826,39.608610523715804,115.89247574655627,51.664783638169276,7,1.6488288417050816,-2.582209933517808,0.3445918779441981,2.824753012457986,3.8426268729208695
2026-05-30 07:22:00,-2148745.190509158,4426644.818704943,4044661.36213084,39.60862074216695,115.8924788390076,52.14716812905053,11,1.6562242125333426,-2.323737231406107,1.4965718982613412,3.4713170854018727,4.437287963913478
2026-05-30 07:22:30,-2148741.222774546,4426640.459134083,4044651.720003165,39.608585993701176,115.89245944369024,51.949533387615695,9,1.663557095759552,-3.9881630383475972,-2.3426887820315736,3.4023710451093594,5.7419303268584745
2026-05-30 07:23:00,-2148742.7252447805,4426639.704176057,4044656.479226527,39.608619239558976,115.89247902114799,51.93198335250599,9,1.6708245583281898,-2.3196053490552093,1.365504965496206,3.3918410677562525,4.330099146102571
2026-05-30 07:23:30,-2148749.6029807855,4426638.664351008,4044658.073704014,39.60861850652514,115.89255635399357,51.448348120994794,10,1.6780236933511279,4.288157069473241,1.3021236745932883,2.836157817213718,5.3035467642467475
2026-05-30 07:24:00,-2148744.9769766815,4426637.902018536,4044655.5132586313,39.60861616711594,115.89251177204817,52.14248440509396,9,1.685151621270342,0.47038770409049757,1.0605140616836426,3.0284438277388883,3.243058230275558
2026-05-30 07:24:30,-2148746.688276811,4426640.207605547,4044657.5841094856,39.608614439273516,115.8925179748187,51.90755698858035,9,1.692205491009703,0.9957182211223623,0.8868651029264039,3.63904830834728,3.8756492458875766
2026-05-30 07:25:00,-2148740.523671156,4426636.646577905,4044651.9614191684,39.60860903550626,115.89247150645322,52.23884518904078,9,1.6991824811153662,-2.983017146042349,0.3052626176823756,3.5684298404229122,4.661037232779591
2026-05-30 07:25:30,-2148745.4478221238,4426638.950556718,4044653.5800368697,39.608596145274866,115.89251137265019,51.97106989614661,8,1.706079800884314,0.4214418137859244,-1.1072658806673454,3.77663587747385,3.9581093319816065
2026-05-30 07:26:00,-2148742.375065036,4426640.23258508,4044656.352672848,39.60861651486593,115.89247266610506,52.26814584544629,8,1.7128946914806025,-2.893174441336785,1.1721147872404414,3.5478869271459845,4.725654776883887
2026-05-30 07:26:30,-2148746.019899285,4426641.775807955,4044660.4405621286,39.60862791469446,115.89250299947334,51.48854393075655,9,1.7196244270388565,-0.3035702307968099,2.4559180441016712,2.7793145836927518,3.721327435136207
2026-05-30 07:27:00,-2148738.65277502,4426642.833808909,4044659.30822496,39.60863299192046,115.89242044776785,52.08453976027614,9,1.7262663157545817,-7.367305193773788,3.037975997394984,3.5788097591341717,8.735809251067028
2026-05-30 07:27:30,-2148743.8014707565,4426637.203862511,4044652.5668285135,39.608602194242344,115.89250300837378,51.881516490226396,10,1.73281770096085,-0.3110579555312719,-0.3620194905960745,3.69838509608277,3.7290571840879427
2026-05-30 07:28:00,-2148746.2510133367,4426639.594665898,4044658.416607986,39.60862447737396,115.89251651107011,53.08793608122382,11,1.7392759621909277,0.8397902616183386,2.130013145902895,4.20719471486659,4.789852926137661
2026-05-30 07:28:30,-2148747.471156336,4426641.233024682,4044653.2950315136,39.60857736541377,115.89252096158805,51.61427023325951,10,1.7456385162264325,1.2167109246684096,-3.0807538417249334,3.3947958273576364,4.743002046906074
2026-05-30 07:29:00,-2148747.0872374284,4426643.363144026,4044657.922588208,39.608599562348104,115.89250610877643,52.533841098659664,12,1.7519028181305836,-0.05693643357858447,-0.5981806594853565,4.029895301619456,4.0744469564427455
2026-05-30 07:29:30,-2148745.0487086545,4426641.119138422,4044653.939306995,39.608588484204866,115.89249616509461,51.25352546066528,10,1.7580663622661414,-0.9105902427977199,-1.8090909037133878,2.7601942483459085,3.423544475653671
2026-05-30 07:30:00,-2148743.6841206583,4426636.361078478,4044654.678887245,39.608621518924245,115.89250606448621,51.650956658226065,8,1.7641266832976321,-0.06715372712885181,1.8765740844844496,2.9214411321401763,3.472874631510101
2026-05-30 07:30:30,-2148748.2357095974,4426642.078635873,4044657.173100093,39.608598088158494,115.89252467066949,52.231229105135384,8,1.7700813571774456,1.5210394329773376,-0.7053850037050551,3.644320577065985,4.011508622519782
2026-05-30 07:31:00,-2148744.4437238183,4426638.7282539215,4044656.6193367196,39.608620943753266,115.89250198489376,52.07294745275095,9,1.7759280021154251,-0.4217208361991759,1.850483983921464,3.9663465688144144,4.397049526941931
2026-05-30 07:31:30,-2148746.086126135,4426643.8821303155,4044652.6496651475,39.60856270422691,115.8924929830273,51.798102903805066,11,1.7816642795315496,-1.1940987268401715,-4.595166136744224,3.494444622853844,5.895130771739868
2026-05-30 07:32:00,-2148742.28682887,4426636.744220165,4044657.470944676,39.60864246404681,115.89248947938884,52.16386442845602,12,1.7872878949913358,-1.4961034257586616,4.277147786058001,3.8334003262273577,5.935257088405495
2026-05-30 07:32:30,-2148743.1311587193,4426639.031999677,4044649.3924344294,39.608572375417445,115.8924866910437,52.44483722747608,7,1.7927965991235788,-1.7367536908934587,-3.4836822817329174,4.1270639188297515,5.673183604731853
2026-05-30 07:33:00,-2148742.841494312,4426642.465234271,4044661.4754668917,39.608639506276425,115.89246619951652,51.74441296825184,10,1.7981881885200748,-3.4911299285955684,3.9868819970500566,3.8060163778308285,6.524490547548831
2026-05-30 07:33:30,-2148745.758113089,4426641.512650947,4044656.6098817275,39.608603269233164,115.89250159531109,52.380843531923816,7,1.8034605066169525,-0.46604081417073695,-0.01636247418405412,4.391251037739001,4.415942418949572
2026-05-30 07:34:00,-2148742.910853554,4426636.874280885,4044657.7959615802,39.60864249777995,115.89249535483835,52.78585588385202,9,1.8086114445572694,-1.0013471359628172,4.35709920253484,4.4772710800062026,6.327160964547258
2026-05-30 07:34:30,-2148748.5233526505,4426641.133066645,4044655.982358105,39.608593949837584,115.89253249179765,52.15007494576757,11,1.8136389420345278,2.1730123300523725,-1.0126065121593755,3.239181233619368,4.029844860445512
2026-05-30 07:35:00,-2148746.5115651595,4426640.254008608,4044655.9645959623,39.60860337354872,115.89251588778228,52.25028419522308,9,1.8185409881167693,0.7518264548553637,0.052561462427941144,3.5590357552027996,3.6379583879375135
2026-05-30 07:35:30,-2148739.365384524,4426641.880024558,4044658.0986687774,39.60862770362249,115.89243276226435,52.42497431010597,10,1.8233156220509206,-6.357848631659623,2.7723530852235445,3.6798958356507883,7.851739566076085
2026-05-30 07:36:00,-2148744.309065622,4426642.309364399,4044660.7068973007,39.608631295408756,115.89248236516124,51.50057769302061,12,1.82796093404707,-2.116887761856617,3.190209432632303,3.449972567835766,5.1537326996240065
2026-05-30 07:36:30,-2148742.0682564727,4426642.505100789,4044654.2701500994,39.60859109889904,115.89245789699319,52.722761219078485,11,1.8324750660423534,-4.210026812006184,-1.2524231967601203,4.321632235448491,6.1619310934204155
2026-05-30 07:37:00,-2148748.48072565,4426640.4506290145,4044659.9981920645,39.60862550903258,115.89253551532194,52.02145631870359,11,1.836856212444162,2.427085440486591,2.5862906903183474,4.65221757234272,5.850023214540584
2026-05-30 07:37:30,-2148745.773104024,4426642.585704019,4044658.4501092676,39.60861051481717,115.89249629610477,52.97504670449105,9,1.8411026208523493,-0.9271352624957854,0.9411281970120339,5.185406523044687,5.351050633979148
2026-05-30 07:38:00,-2148745.616061658,4426640.57005834,4044659.3367650555,39.60862744696268,115.89250490017427,52.31505565195134,11,1.84521259276017,-0.19149602740266491,2.839795353001888,4.453361455746335,5.285218692823339
2026-05-30 07:38:30,-2148736.8789141183,4426640.275807749,4044657.234088369,39.60863615185343,115.89241487307129,52.24539513391759,9,1.8491844842336596,-7.890247136130111,3.8252380549103195,4.15856632261302,9.704747287050534
2026-05-30 07:39:00,-2148744.0628208066,4426643.019276495,4044655.3419002052,39.60859092905339,115.89247617595703,52.65075032194841,8,1.853016706569187,-2.647623274648474,-1.1752948624345816,4.688371834984122,5.511084964069944
2026-05-30 07:39:30,-2148741.868947998,4426642.723753321,4044653.1621208685,39.60858276218558,115.89245469740086,51.90426409936159,9,1.8567077269289132,-4.483978739109294,-2.0626240085142045,2.973490724393953,5.762128966045472
2026-05-30 07:40:00,-2148742.3155474886,4426640.142859177,4044658.9950419012,39.60863551033661,115.89247249888379,51.85098840049862,11,1.860256068953908,-2.9610616637568112,3.8116064682183564,3.3999137530857926,5.903866832302045
2026-05-30 07:40:30,-2148744.2245286554,4426644.678925582,4044652.9056948093,39.60856503537583,115.89246943093471,51.64402206256378,8,1.863660313354671,-3.2226351578645387,-3.9919386985740988,3.868803019958988,6.42561971650376
2026-05-30 07:41:00,-2148739.818908676,4426640.740584624,4044660.036401889,39.60864591593192,115.89244330681085,51.73722809442931,10,1.8669190984788315,-5.455701588010367,5.0049655137678,3.6474445467899383,8.253375753795018
2026-05-30 07:41:30,-2148744.824374749,4426641.0450203335,4044659.0829658112,39.60862521457437,115.89249419202979,51.91028005629858,8,1.87003112085579,-1.1030236016145079,2.726261558502295,3.9015602574199226,4.8858300823263
2026-05-30 07:42:00,-2148745.6029454716,4426638.932458926,4044658.604922283,39.60863081331734,115.89251308961961,51.983874981027384,12,1.8729951357180887,0.514375796574724,3.3668502521077412,4.313862710584063,5.496332828894873
2026-05-30 07:42:30,-2148745.564046324,4426640.3048715815,4044655.910938128,39.60860510494067,115.89250570372118,52.088410900792255,12,1.8758099574993023,-0.1157062999568288,0.5323274011711495,3.378464900128416,3.42210249573081
2026-05-30 07:43:00,-2148746.032839355,4426638.090632273,4044656.29606674,39.608618006308745,115.89252187334745,52.127566631877535,12,1.878474460308249,1.2687801973184032,1.9834622008809644,3.984830980210403,4.628477442126675
2026-05-30 07:43:30,-2148744.0674520954,4426639.697117593,4044654.046297025,39.608598995774635,115.89249311691465,52.54714541411275,8,1.880987578379331,-1.1884598166686342,-0.10765090542305755,3.9769730863351107,4.152148887348365
2026-05-30 07:44:00,-2148743.8988391794,4426640.761769284,4044655.5992467958,39.60860474430745,115.89248593714198,52.053488848180265,7,1.8833483064988281,-1.8003570264934738,0.5494629092513785,4.164910243894345,4.57052209831475
2026-05-30 07:44:30,-2148747.772839717,4426638.117973871,4044657.5703930203,39.60862238653014,115.89253996114738,52.21518179470004,8,1.8855557004069685,2.8218546215313993,2.5267440531467598,4.169359477052441,5.633014953296115
2026-05-30 07:45:00,-2148746.026909952,4426646.05893897,4044656.5905964663,39.60857907257129,115.8924812941445,52.56851876959811,12,1.8876088771756199,-2.192672034123831,-2.2621459375786026,4.642228054356921,5.610293771344827
2026-05-30 07:45:30,-2148740.515828472,4426642.650304265,4044655.599441849,39.60860347799467,115.89244089668955,52.231634919769746,9,1.8895070155614506,-5.6446690229984275,0.46577778723582886,4.040608866644209,6.957424619748613
2026-05-30 07:46:00,-2148740.381855542,4426643.135725735,4044656.156795043,39.608605193015286,115.89243702504065,51.607047692008216,11,1.8912493563344142,-5.972928226718717,0.6750263676138861,4.271392333846053,7.374030422241694
2026-05-30 07:46:30,-2148741.747336015,4426637.8055112455,4044653.0967651755,39.608607916111524,115.89247843166012,52.42728275216859,12,1.8928352025814328,-2.428971450640013,0.9961281856159561,4.213710382272456,4.964627766094199
2026-05-30 07:47:00,-2148743.4739463152,4426643.189239904,4044654.6030672654,39.60858638460313,115.89246914316273,52.76952739815657,7,1.8942639199851514,-3.220092413357781,-1.3750769795543873,5.176164825054536,6.249201080649959
2026-05-30 07:47:30,-2148742.4754177397,4426642.09422601,4044656.2803669632,39.60860618278176,115.89246425128958,52.66350940418467,10,1.8955349370776584,-3.6350471426059148,0.8412645404732242,4.772696937357088,6.058046699381144
2026-05-30 07:48:00,-2148747.050116856,4426643.116105933,4044656.541700943,39.60859131810644,115.8925069760662,51.81872799987459,9,1.8966477454690631,0.022182560586722078,-0.7900220027204758,3.4927793616215532,3.581080074467216
2026-05-30 07:48:30,-2148746.978411474,4426642.059093488,4044654.945314784,39.60858582823873,115.89251159961641,51.95043357461399,11,1.8976019000508464,0.42131656740933354,-1.3807588668597517,3.987804208791854,4.241059432033868
2026-05-30 07:49:00,-2148746.9894402423,4426642.227975752,4044656.579308878,39.60859630084483,115.89251085641526,52.46413173873563,12,1.898397019173897,0.3616870547050586,-0.19971778773721505,4.70009099659327,4.718215774690363
2026-05-30 07:49:30,-2148741.550248183,4426642.724110978,4044654.092642703,39.60859003072183,115.8924513571417,52.12971543504842,7,1.8990327848011677,-4.722366229951531,-0.8771789643431089,3.7297565223387474,6.081222694590382
2026-05-30 07:50:00,-2148747.7968147937,4426643.795077947,4044656.2702909806,39.60858407141593,115.89251134543548,52.184517421964,12,1.8995089426348841,0.4119010127869427,-1.5202014346879429,3.8627035002536876,4.171468947173678
2026-05-30 07:50:30,-2148745.4884557105,4426640.806788844,4044658.3053551237,39.608619371272255,115.89250235975538,52.23542537686936,7,1.8998253022182614,-0.3520543302355482,2.416478450090631,4.475693264249275,5.098542982738926
2026-05-30 07:51:00,-2148748.3863988514,4426640.037626723,4044657.349796473,39.608609442456135,115.89253662726072,52.49263965098903,7,1.8999817370116845,2.583023761220425,1.332708394032028,4.42815941375431,5.29685937213493
2026-05-30 07:51:30,-2148743.3746680883,4426640.440116627,4044657.3696080428,39.60862002625416,115.89248208188438,52.76301899879652,12,1.8999781844433214,-2.076672962918672,2.525768568620056,4.706573350665817,5.730960666619872
2026-05-30 07:52:00,-2148746.308165535,4426642.905805034,4044653.3143090475,39.60857179747331,115.89250027332743,51.67163007492765,12,1.8998146459341525,-0.516004953889009,-2.8094400798327417,3.501199935521134,4.5185855821376
2026-05-30 07:52:30,-2148745.2129825,4426641.061793551,4044655.7943932856,39.6086012763725,115.89249817747952,52.59294142125253,11,1.8994911868974005,-0.6900550017283623,0.4808285684442958,4.239960379407591,4.322572849193947
2026-05-30 07:53:00,-2148745.8616926917,4426640.576194288,4044653.940473463,39.60858925540188,115.89250744200454,52.701485564053016,11,1.899007936712368,0.10756874330759603,-0.8354661263443041,4.586884013046036,4.663590851687446
2026-05-30 07:53:30,-2148746.272330588,4426642.597400576,4044651.0994244926,39.6085580629242,115.89250146611865,52.813196969121485,12,1.8983650886726853,-0.39793634285517765,-4.279878496875788,4.790914769718693,6.436503523784744
2026-05-30 07:54:00,-2148742.408061165,4426638.459407195,4044651.787112436,39.60859378921541,115.89248202796594,52.811711631762385,8,1.8975628999089973,-2.0545106684733763,-0.29639049786683735,4.338787276894639,4.809775093311481
2026-05-30 07:54:30,-2148744.487417147,4426640.702655943,4044657.317802442,39.60861553591236,115.8924924031843,52.116603077663086,12,1.8966016912861137,-1.1613806034469119,2.1352769876632256,3.9492617895142645,4.637335593012896
2026-05-30 07:55:00,-2148741.9393211533,4426640.965187974,4044655.4993535653,39.608607896548584,115.89246437648207,51.95745755892558,9,1.8954818472746677,-3.5520695263779825,1.3050036225685542,4.20805639271061,5.659326018120248
2026-05-30 07:55:30,-2148743.04691673,4426644.126201154,4044653.583138697,39.60857553383442,115.89245990571345,52.1654019408415,9,1.8942038157973329,-3.9281689669451425,-2.269652295325627,4.62420614847881,6.478048740027893
2026-05-30 07:56:00,-2148741.451316464,4426641.201860548,4044652.5269601196,39.60858721618505,115.89245806111288,52.697148971308614,9,1.89276810804966,-4.079516910990868,-0.9553992150833381,4.3979981805885116,6.074342259348102
2026-05-30 07:56:30,-2148747.1273125224,4426643.1620043535,4044652.2675080295,39.60856115000273,115.89250755132112,52.58798986141031,7,1.8911752982956052,0.15927073150548,-3.8313290087692207,4.980005611459765,6.285292756071238
2026-05-30 07:57:00,-2148738.474927973,4426640.523292839,4044652.696737084,39.60859932230014,115.89243033322902,52.09988941056303,10,1.8894260236378333,-6.437403231992452,0.4231142235956682,3.622461909965303,7.398744238492455
2026-05-30 07:57:30,-2148745.2388316384,4426635.622842827,4044655.5299334917,39.608627355781344,115.89252610415663,53.118469597076746,10,1.8875209837628841,1.7594801503564919,3.5520481398686,5.424442512161547,6.718436794015998
2026-05-30 07:58:00,-2148744.7694540373,4426639.049393168,4044658.263188383,39.60862991559587,115.89250376405533,51.94379820450657,8,1.8854609406613074,-0.14389279297547497,3.8533018573683426,4.333248384591921,5.800489798494357
2026-05-30 07:58:30,-2148746.9564960566,4426640.3968865555,4044654.8626236483,39.60859385986195,115.89251982201093,52.43614072332562,10,1.883246718322877,1.236562159703717,-0.1318759643539562,4.4603198045903945,4.630435185164209
2026-05-30 07:59:00,-2148744.3000571006,4426638.665497512,4044658.8586402084,39.6086372061609,115.89250079906056,52.72602052528901,11,1.8808792024070051,-0.3828084943462938,4.6964637522055765,4.6678914854390765,6.632686110389907
2026-05-30 07:59:30,-2148739.9134228895,4426640.051180352,4044654.7458116813,39.608612415879264,115.89244780233108,52.30836101930184,11,1.8783593398884926,-4.907328377654206,1.9615324791721944,4.799549171277561,7.138988284098021
2026-05-30 08:00:00,-2148742.753537625,4426642.309439898,4044657.72316249,39.608614419615265,115.8924660703332,52.08192746019556,12,1.8756881386787483,-3.337385613462772,2.2006242015902404,3.839229946446106,5.542614562754796
2026-05-30 08:00:30,-2148743.7740066545,4426642.994790399,4044659.247654998,39.60861895195694,115.89247327508203,51.845951991436415,11,1.872866667222641,-2.7133698130516644,2.7202757905611445,3.489272847701872,5.1901157140089484
2026-05-30 08:01:00,-2148742.4462638865,4426643.676640863,4044653.7111046924,39.60858023736861,115.89245589967582,52.11796356548078,12,1.8698960540711336,-4.191198167362262,-1.5605995994644717,3.727466690101307,5.821994599255846
2026-05-30 08:01:30,-2148747.711761723,4426640.942694357,4044656.5508115157,39.608600911482164,115.8925249582399,52.249106955079576,8,1.8667774874298795,1.722650590485745,0.7505508026505026,4.229125936319334,4.627781082712219
2026-05-30 08:02:00,-2148746.9567691707,4426639.154458067,4044655.9818571783,39.608608039063974,115.89252614235515,52.544629837847474,7,1.8635122146839551,1.8322830131873358,1.5579137147144007,4.402899257959451,5.016959044944454
2026-05-30 08:02:30,-2148743.7954938007,4426636.525798896,4044657.242114179,39.60863822778822,115.89250639357309,52.742945337649864,12,1.8601015418989217,0.1519678885896183,4.924938637251868,4.894529401929386,6.9451085582739385
2026-05-30 08:03:00,-2148748.0431973226,4426642.186475338,4044654.0632667174,39.60857637639074,115.89252210572899,52.898050565827795,9,1.856546833298419,1.5042987570721533,-1.9246170669618317,4.920086507442117,5.493115404366047
2026-05-30 08:03:30,-2148747.0401577107,4426641.598503395,4044651.233055974,39.608562214499756,115.89251458841977,52.1695104589209,10,1.852849510718491,0.870285511418533,-3.480766961017218,4.043700938606538,5.405983054836692
2026-05-30 08:04:00,-2148744.610514633,4426643.576712987,4044653.267498014,39.60857225975389,115.89247907871015,51.94214964865033,9,1.8490110530388733,-2.1573819467880018,-2.3500554367207562,3.7402268949597763,4.9159286656508785
2026-05-30 08:04:30,-2148744.9713304997,4426641.431356012,4044652.803448023,39.60857916793316,115.89249376698623,52.490548216771174,12,1.8450329955914584,-0.8921487472130406,-1.5676931717150362,4.70343449134459,5.037448489281621
2026-05-30 08:05:00,-2148749.4332493115,4426641.445377142,4044659.180647222,39.60861232366945,115.89254043509384,52.52500415700592,10,1.840916929546185,3.108033804312914,2.1280117344261873,4.637736415447045,5.974688873051965
2026-05-30 08:05:30,-2148746.460852969,4426643.673860829,4044654.1752852476,39.60857345494092,115.8924979673617,52.22667951438669,7,1.8366645012745924,-0.5142053619338407,-2.171137363231626,4.977941501368756,5.455102766704887
2026-05-30 08:06:00,-2148743.2584012556,4426637.746505454,4044655.2581275916,39.608619484235604,115.89249456039326,52.16356584574475,9,1.8322774116912899,-0.7959624253557998,2.953253507318742,4.39244695865119,5.3524623067923445
2026-05-30 08:06:30,-2148749.2132492415,4426641.999238396,4044654.577229635,39.60857799361078,115.89253531428851,53.23171478729493,7,1.8277574155736174,2.698903153171173,-1.6372094767976473,4.80044463717809,5.745328695185786
2026-05-30 08:07:00,-2148748.3268826837,4426639.608431302,4044650.8906574403,39.60856685768674,115.89253818618596,52.97839864817911,7,1.823106320859756,2.954384184747001,-2.858445622410605,4.586818431193987,6.159383135355555
2026-05-30 08:07:30,-2148747.35427854,4426641.652034623,4044651.4119648584,39.60856239937896,115.89251760669718,52.485802988061344,8,1.8183259879255775,1.2045324276521736,-3.338613449881187,4.780036714619258,5.953653427106861
2026-05-30 08:08:00,-2148741.9851331683,4426642.257986548,4044652.665578688,39.60858141357439,115.89245828278108,51.912096588461935,7,1.8134183288405188,-3.858458567236442,-1.2134826255958295,3.8708330145993375,5.598534703350104
2026-05-30 08:08:30,-2148746.19046308,4426640.912714985,4044650.2615730725,39.60856110564172,115.89250917479978,52.22193064269818,12,1.8083853066027793,0.5039557056020842,-3.4532593210611005,4.495650585216409,5.691207734397059
2026-05-30 08:09:00,-2148738.434205327,4426638.538665689,4044656.300036239,39.608634706343075,115.89243999803223,52.95164021413958,7,1.8032289343541479,-5.401334281589829,4.730668986150538,4.636743547651409,8.547106633515874
2026-05-30 08:09:30,-2148745.6867595003,4426642.695147604,4044656.514797483,39.60859670177896,115.89249483513382,52.27548143381246,12,1.7979512745747726,-0.7012730561914805,0.5262573992923272,5.008494015213049,5.084657613849235
2026-05-30 08:10:00,-2148744.110470527,4426640.54035486,4044655.683655109,39.60860594226049,115.89248927986364,52.50605548063742,12,1.7925544382581986,-1.1656101709577613,1.5658884234255357,4.620587916834667,5.016022958725052
2026-05-30 08:10:30,-2148741.5002459334,4426638.971988638,4044658.9879383864,39.60864352139666,115.89246991206132,52.96115845358629,9,1.7870405840669954,-2.8110094576497007,5.7509506491468985,4.790296223397247,7.995132609770343
2026-05-30 08:11:00,-2148742.4490692993,4426642.181423166,4044660.4321304755,39.60863468723845,115.89246353190678,52.15672347871225,9,1.7814119174693221,-3.345619001988625,4.783975751796138,4.065224687759331,7.113764282165156
2026-05-30 08:11:30,-2148747.1678112573,4426640.493236867,4044651.891347514,39.60857216269515,115.89252154565538,52.81039042590328,8,1.7756706898567702,1.6266347654005835,-2.142795298954743,5.141456340356074,5.802765345334932
2026-05-30 08:12:00,-2148743.556640256,4426641.934941573,4044652.9164505987,39.60858089637012,115.89247638722313,52.360436208963016,9,1.7698191976438356,-2.223889088528241,-1.1600694661234972,4.256631192477969,4.9406834499979295
2026-05-30 08:12:30,-2148745.359825123,4426641.382437749,4044652.9971688096,39.60857979723677,115.89249808527741,52.986212182163634,10,1.7638597813493848,-0.3569617182544125,-1.2689526158732098,5.292260787983355,5.4539606395404805
2026-05-30 08:13:00,-2148750.2500864025,4426637.9050833555,4044656.3980155424,39.60860913772294,115.89256699326012,52.340408579237504,9,1.7577948246604778,5.547313361320577,2.0007928525486163,4.548121932263808,7.447232417363815
2026-05-30 08:13:30,-2148744.1005282486,4426641.717717887,4044656.248362741,39.60860383856788,115.89248318908496,51.234331316726745,10,1.751626753478924,-1.6076719490294153,1.425367132456624,2.9509427676702398,3.650252563323386
2026-05-30 08:14:00,-2148741.9619550114,4426642.619517159,4044657.340386182,39.60861213791212,115.89245620168407,52.61608875735069,8,1.7453580349509583,-3.9037705244947456,2.3592019806373283,4.645038922123539,6.510118653404074
2026-05-30 08:14:30,-2148746.3219369305,4426642.629968013,4044656.1502825404,39.60859291454358,115.89250182015576,52.42782581103762,8,1.7389911764804091,0.00924194465972561,0.23784104173114584,4.571900863847686,4.578092537675933
2026-05-30 08:15:00,-2148743.177539568,4426638.992660626,4044655.360378019,39.60861398601393,115.89248737692245,51.911701337021405,7,1.7325287247257743,-1.2138828105640176,2.5890307604322516,3.981068060920828,4.901580832948807
2026-05-30 08:15:30,-2148742.0277678673,4426641.438685806,4044657.915119806,39.60862204796338,115.89246289534762,52.43814068506686,7,1.7259732645815908,-3.2953312252931677,3.495985435318438,4.196757469080967,6.379176694734023
2026-05-30 08:16:00,-2148741.3398450953,4426643.496696198,4044652.815250728,39.608577693269424,115.89244522471013,52.91183576962854,7,1.7193274181445115,-4.794216274212113,-1.4154872711822488,4.912118610738529,7.008353811328524
2026-05-30 08:16:30,-2148742.234041852,4426639.236915111,4044657.5815854906,39.60863054048772,115.89247625162247,52.55053946930048,7,1.7125938436645007,-2.1285496450627,4.462270605110736,4.536570221333955,6.709921901022835
2026-05-30 08:17:00,-2148746.1732401466,4426641.653805304,4044654.015296648,39.6085834534892,115.8925052261035,52.38009395312119,9,1.705775234481571,0.3617139011513618,-0.7528529478536705,4.312213186260238,4.392357803177557
2026-05-30 08:17:30,-2148742.821073371,4426633.989004816,4044654.5978428456,39.60863531510185,115.89250908539134,52.28792803166241,8,1.6988743179484809,0.7043294290831472,5.0151343134254605,4.582325950003764,6.829741081362305
2026-05-30 08:18:00,-2148743.76780704,4426640.801522935,4044653.9694263227,39.60859352699057,115.89248436241725,52.01066617998476,8,1.6918938543398347,-1.397195926541587,0.3878155598163926,3.764102058638298,4.033735449112297
2026-05-30 08:18:30,-2148743.792079838,4426641.093061941,4044654.1525940998,39.60859324081996,115.89248313426782,52.554665982585874,11,1.6848366357480031,-1.4894218022355523,0.36702395478989236,4.662590888586571,4.908445546473417
2026-05-30 08:19:00,-2148742.7932805005,4426640.591070183,4044654.071041486,39.608597750696475,115.8924752241741,52.17663057756435,8,1.677705484966328,-2.152957076143142,0.8784037349949987,4.0630904530736,4.681401640879131
2026-05-30 08:19:30,-2148744.9287210284,4426641.171755428,4044654.382525619,39.608591596998735,115.89249464065615,52.69892542844815,7,1.670503254360041,-0.4795192164545513,0.20593537361660164,4.467291110697537,4.4976702774628805
2026-05-30 08:20:00,-2148743.7947098706,4426638.539353037,4044653.663412136,39.608602969729745,115.89249614686979,52.27430084578603,10,1.6632328247253567,-0.3375997458197528,1.4787076792411717,4.298252569233074,4.558017676352637
2026-05-30 08:20:30,-2148742.8820855794,4426636.731518504,4044655.1685489053,39.608625023040254,115.89249577940436,51.87336746427703,12,1.6558971041371908,-0.35581001868013923,3.936829887739308,4.3185956598502475,5.854528060199904
2026-05-30 08:21:00,-2148749.81008922,4426638.9374621175,4044653.2970794598,39.6085833490938,115.8925571347783,52.62442362827503,8,1.6484990267859705,4.90438998118291,-0.678969317939158,4.973873600194549,7.018080863950084
2026-05-30 08:21:30,-2148742.091443533,4426638.770549137,4044655.8682788587,39.608621375223386,115.89247712924629,52.95783882729658,12,1.6410415518039962,-1.923981634494725,3.5517425847977737,4.7341053095074335,6.223209284609142
2026-05-30 08:22:00,-2148748.7156033223,4426638.57934922,4044653.041631126,39.60858614773975,115.892547490771,52.800698391944834,9,1.6335276620818282,4.106582796220226,-0.3488953254348557,4.588761581679207,6.16785887191149
2026-05-30 08:22:30,-2148747.9307046407,4426643.637209683,4044656.4220473133,39.60858560517154,115.89251355068053,52.22782372631891,10,1.6259603630751738,1.21774689491187,-0.3997077526866226,4.264763759540601,4.453188039182287
2026-05-30 08:23:00,-2148743.854256449,4426640.187361182,4044654.858361995,39.60860265609058,115.8924883908686,52.61251700330446,11,1.6183426816027382,-0.9201408711549114,1.5021554200197669,4.290804654691276,4.638333182662151
2026-05-30 08:23:30,-2148747.558649882,4426640.870104062,4044655.276801013,39.60859280300406,115.89252372347188,53.050569644764806,9,1.6106776646355432,2.1151505339032184,0.41747116374341164,4.862207353197642,5.318759657957631
2026-05-30 08:24:00,-2148744.3054925282,4426642.160244721,4044653.1913024164,39.60857977927813,115.89248308597286,52.81574687354107,7,1.6029683780781763,-1.3461568294621187,-1.0193581746076044,4.553760159345341,4.856743856380296
2026-05-30 08:24:30,-2148744.208469675,4426640.959088266,4044656.707659024,39.60861066793063,115.89248817725557,52.71489440546162,7,1.5952179055424716,-0.8968209988662772,2.417881115841366,4.42860799739373,5.124744460841876
2026-05-30 08:25:00,-2148743.7876308328,4426643.578632079,4044653.8865221925,39.60857861210282,115.89247044909418,52.3261770611777,11,1.587429347114105,-2.3988378293697665,-1.1319235220031638,4.546436765355371,5.263626226533805
2026-05-30 08:25:30,-2148744.9287461853,4426645.19656781,4044655.9858301263,39.608582044359785,115.89247417564651,52.21642521264155,10,1.579605818112602,-2.0660451101716375,-0.7427585725188284,4.470105407722984,4.980168174918253
2026-05-30 08:26:00,-2148745.8019535667,4426642.657279693,4044656.664812247,39.60859765269494,115.89249623436244,52.40252313590195,9,1.571750447845249,-0.16547395363690254,0.9977420542607305,4.8450244585629,4.949457832959624
2026-05-30 08:26:30,-2148743.8184624123,4426642.3785826545,4044656.500271143,39.608602895540024,115.89247687404277,51.98176929116637,7,1.5638663783554196,-1.8068306675801356,1.587463133424527,3.6982626990214382,4.411555649911199
2026-05-30 08:27:00,-2148742.629043429,4426641.51951136,4044655.954822109,39.608606490986766,115.89246878284283,53.2105507663097,12,1.5559567631657882,-2.4844187499760886,1.9941117285549081,5.3239570016713875,6.20429982083706
2026-05-30 08:27:30,-2148744.472679093,4426642.1936929105,4044659.8515963717,39.608625530885924,115.89248466720628,53.03818885155551,11,1.5480247660169706,-1.111631624071486,4.114882186006213,4.736642524471723,6.372108181518965
2026-05-30 08:28:00,-2148741.7247618428,4426643.967478241,4044657.369257743,39.60860599576864,115.89244686296618,51.75134447524606,11,1.540073559602068,-4.330027190067395,1.953612405642307,3.3168247383434326,5.793708936690679
2026-05-30 08:28:30,-2148744.9211399085,4426642.955051761,4044658.2275981954,39.60860919406566,115.89248549357478,52.658710627193315,11,1.5321063242976316,-1.0119252808663624,2.3155371728698984,4.541791974342982,5.197458947524753
2026-05-30 08:29:00,-2148747.664836299,4426639.273456441,4044652.883873397,39.60858410312182,115.89253295440632,52.24056340243178,8,1.5241262468915548,3.0613713945141106,-0.46285922951156633,4.056214042182364,5.102852715637666
2026-05-30 08:29:30,-2148743.9641511883,4426640.611161844,4044658.161135852,39.60862318129397,115.89248738710323,52.71000874597809,12,1.5161365193084002,-0.8206938872547637,3.8812998430887213,4.623728806939382,6.092363663526575
2026-05-30 08:30:00,-2148743.8526274036,4426645.772856048,4044653.6322829933,39.608565391289886,115.89245997281526,51.87817714362058,8,1.5081403373326718,-3.1503174943534704,-2.527125979467513,3.5685135196676754,5.389355691674112
2026-05-30 08:30:30,-2148743.2070600865,4426640.090421347,4044654.827574122,39.608604557013436,115.89248210428246,51.84602344145177,8,1.500140899330548,-1.2429091083384323,1.8263157303817716,3.51770016282894,4.15384961622316
2026-05-30 08:31:00,-2148743.642160413,4426643.086656911,4044655.11716605,39.608590069307546,115.8924714268478,52.70392171443745,11,1.5078585950294294,-2.1411402634256866,0.22400766667933736,4.537607908569328,5.022404463432296
2026-05-30 08:31:30,-2148744.4878679286,4426645.971034435,4044657.633292155,39.608590623507695,115.8924656193818,52.85110031606262,10,1.515854946056175,-2.622853746699263,0.29113122844205286,4.110796392089652,4.884953034161725
2026-05-30 08:32:00,-2148741.3155333577,4426639.959804226,4044659.7619672325,39.60864428585174,115.89246295433767,51.71415124367294,10,1.5238449553158944,-2.8357851942086856,6.253038010245825,3.610771648275955,7.757566236988616
2026-05-30 08:32:30,-2148742.9001467433,4426643.866520222,4044656.4382584915,39.60859710194805,115.89245968868931,52.640475918988614,9,1.531825426911416,-3.1000266820330866,1.0207897657204155,3.34889656836115,4.67624693538501
2026-05-30 08:33:00,-2148747.1356179724,4426638.958195489,4044658.4786817087,39.6086259746827,115.8925290137827,52.05908343480216,10,1.5397931687605064,2.843476144049704,4.230606105427059,3.7612966406051176,6.3348825576867505
2026-05-30 08:33:30,-2148745.545732253,4426639.977062368,4044657.2467181575,39.60861613143852,115.8925071787168,52.184325140339105,9,1.5477449938726613,0.9913422896294333,3.1427258105380345,4.76118952482454,5.790372245955229
2026-05-30 08:34:00,-2148745.381101401,4426639.407682859,4044652.085315267,39.60858355990305,115.89250834935,51.95105901086182,8,1.5556777216238582,1.1066167039097357,-0.46821847927661864,3.8418888788414627,4.025411684669516
2026-05-30 08:34:30,-2148741.94801748,4426639.775079567,4044655.2352712774,39.60861216063525,115.89247051901455,52.53433386197315,9,1.563588179028767,-2.1132864926200208,2.710734631024756,4.731274134724242,5.84799255964282
2026-05-30 08:35:00,-2148743.346767471,4426642.555154201,4044653.509410158,39.608582355181845,115.89247103512416,52.419129100441495,8,1.5714732020098938,-2.053901245692778,-0.5936237869529213,4.520247861157044,5.000354012846441
2026-05-30 08:35:30,-2148743.2677428136,4426643.121759739,4044658.5280296877,39.608614556043705,115.89246732626445,52.6283826277636,12,1.57932963666318,-2.355781581081548,2.984493281379228,4.739032655214105,6.075799331079532
2026-05-30 08:36:00,-2148744.424409847,4426644.600962507,4044655.7745587258,39.60858489840139,115.89247192115084,52.25335823015059,7,1.5871543405195154,-1.947519729195218,-0.30390967243178846,4.318512507656634,4.747077465492743
2026-05-30 08:36:30,-2148743.6133191055,4426640.515116576,4044655.8690013182,39.608608603359606,115.89248420044046,51.62635948986415,9,1.5949441838016853,-0.8820818362698906,2.3307094563761517,4.4310203223363684,5.083720687928908
2026-05-30 08:37:00,-2148741.9840751193,4426642.285094003,4044655.081313025,39.60859808504524,115.89245813386252,52.59301865546966,12,1.60269605067624,-3.0958107089584965,1.1663182666366623,4.537526888549692,5.615469037320383
2026-05-30 08:37:30,-2148744.672669025,4426640.130959719,4044653.6811615103,39.60859271152111,115.89249725068267,51.9104876912127,7,1.6104068404997869,0.26473601034940974,0.5727712799936981,3.703148964515073,3.7565229065919987
2026-05-30 08:38:00,-2148739.8910110276,4426638.931916218,4044659.018613697,39.60864796007251,115.89245325877033,52.46895984931261,10,1.6180734690592051,-3.4818451470620184,6.708046742826282,3.848125826849316,8.481108955279748
2026-05-30 08:38:30,-2148746.1722501083,4426642.2399486825,4044656.8117710925,39.60859989761017,115.89250223532193,52.60088046610266,12,1.6256928698052933,0.7219221657973732,1.3755713602861657,3.978782012633394,4.271308287253935
2026-05-30 08:39:00,-2148743.291607856,4426642.639034113,4044655.9685302456,39.608599171538145,115.89247003080641,52.45481490025416,7,1.6332619950793403,-2.0165959504791635,1.2972066285783124,4.555361779065595,5.147885507942862
2026-05-30 08:39:30,-2148742.083010904,4426644.2993616965,4044657.663750041,39.60860544249394,115.89244892814035,52.25323558195132,10,1.6407778173321586,-3.8057038397736975,1.9952829892756079,3.850114807605788,5.769568437509536
2026-05-30 08:40:00,-2148746.184911929,4426642.4475105405,4044654.1012271,39.60857993852704,115.89250131255032,52.06298968435325,7,1.6482373303350566,0.6895529257567158,-0.8338863519401243,4.384058663094511,4.515619564005109
2026-05-30 08:40:30,-2148742.8080084375,4426638.621698858,4044654.043170881,39.608607652641254,115.89248539227289,51.80041097744832,8,1.655637550382292,-0.6563414883454296,2.2439217712496005,3.589216774881962,4.283508622835433
2026-05-30 08:41:00,-2148745.690760387,4426640.735447134,4044654.876038556,39.60859537244551,115.89250484169112,52.559872459761685,11,1.662975517484514,1.0224651633686097,0.8821317287294899,4.348726234364801,4.5535712642481325
2026-05-30 08:41:30,-2148744.102134074,4426643.771237992,4044658.695025897,39.60861029244566,115.89247276421543,51.93879986723131,8,1.6702482965527201,-1.7051082413007792,2.5393334820682467,4.09638340715837,5.11233465905227
2026-05-30 08:42:00,-2148742.740243882,4426644.242274864,4044655.0483587943,39.60858589730535,115.89245610305062,51.888811591266304,8,1.6774529785722523,-3.1143256342946404,-0.16767546092269603,3.477885444809404,4.67149080956363
2026-05-30 08:42:30,-2148748.619501366,4426646.054461779,4044656.445552046,39.6085716114212,115.89250847475321,52.26115347664458,8,1.684586681766365,1.3799027749265802,-1.7527871986690757,4.28432059482711,4.830299948380844
2026-05-30 08:43:00,-2148745.636970502,4426640.115644583,4044658.4921875596,39.60862385632258,115.89250742979372,52.24009521825789,7,1.6916465527488929,1.3061383267740148,4.046787941231953,4.0560465481424925,5.876563925515232
2026-05-30 08:43:30,-2148743.571293361,4426641.802985471,4044658.7152438182,39.608621885777794,115.89247721168454,52.164182100498245,9,1.6986297676655744,-1.2624046147410937,3.82821818284065,4.12473780736021,5.767354839631258
2026-05-30 08:44:00,-2148743.1371030384,4426642.15396018,4044656.6886736867,39.60860706381708,115.89247087883197,52.00843007065942,8,1.7055335333235513,-1.788367226441355,2.182910860260795,4.037931874540796,4.926281659008812
2026-05-30 08:44:30,-2148745.426995435,4426643.431393615,4044658.4001780967,39.60860668064193,115.89248837041076,51.603583611676534,9,1.7123550883086094,-0.27695330971292087,2.1400783478019365,2.8647922074474943,3.586596278136626
2026-05-30 08:45:00,-2148746.4630648,4426641.044777815,4044656.0957318363,39.60860033850353,115.89251135884163,52.14652271329613,11,1.7190917040897074,1.7045272667314901,1.4355705720431584,4.143815424925498,4.705048601895408
2026-05-30 08:45:30,-2148750.0625863853,4426636.098435362,4044654.442732761,39.60860529686746,115.89257421560018,51.76132266675251,10,1.7257406861103533,7.0953952801363025,1.985188287887797,3.043192217531067,7.971613738295971
2026-05-30 08:46:00,-2148741.8176508327,4426638.811977982,4044656.844082864,39.608628635352694,115.89247405055818,51.85926687441262,7,1.7322993748663909,-1.4547740573256587,4.574769311054765,3.225244588301356,5.7833454385505485
2026-05-30 08:46:30,-2148742.932142844,4426642.223777438,4044655.4094179417,39.608598315630815,115.89246837683059,52.07300261162345,11,1.7387651469697656,-1.9244021751127918,1.2080593297189843,3.8214927186644974,4.445957453069664
2026-05-30 08:47:00,-2148742.989810949,4426643.314007644,4044656.66370427,39.60860128936776,115.89246343733961,52.174171275166756,9,1.745135416197846,-2.3312540845603626,1.5366934392521265,3.3797623935060956,4.383944133948099
2026-05-30 08:47:30,-2148743.2392106317,4426642.538273202,4044652.3505531927,39.608574647513784,115.8924699942824,52.42741681116461,9,1.7514076345278753,-1.7549882431198396,-1.4222326739863032,4.0693661570778845,4.65429591160832
2026-05-30 08:48:00,-2148745.232650094,4426641.4060325,4044657.1223486643,39.6086086958035,115.89249663312154,51.97202618747981,7,1.7575792931561502,0.5385905083846242,2.3552177743915075,3.506473997678029,4.2582262031183635
2026-05-30 08:48:30,-2148744.4469165346,4426643.789612373,4044654.7586145233,39.60858194790129,115.89247628244482,51.588650127994704,7,1.7636479235015075,-1.186222206123583,-0.6159381931372148,3.3701499547430673,3.625522541306361
2026-05-30 08:49:00,-2148744.992352755,4426640.726123987,4044657.259800473,39.60861375052106,115.89249757314859,52.67014977765708,8,1.769611098192723,0.6499618405461527,2.911784972935743,4.922576931165361,5.756101611856928
2026-05-30 08:49:30,-2148745.319824847,4426644.607935311,4044655.1908848826,39.60857856512031,115.8924812653286,52.094717096229424,7,1.7754664320394282,-0.7291667038695095,-0.9963906021896953,3.9302108571702132,4.119591690444878
2026-05-30 08:50:00,-2148747.8501641722,4426638.435723918,4044653.62610719,39.60859311483994,115.89253915544288,52.04926277932573,11,1.7812115829861543,4.236814597444937,0.6158040942640861,3.1464876638271404,5.313209692290648
2026-05-30 08:50:30,-2148745.791675349,4426641.531263222,4044654.302251862,39.608587033529375,115.89250185224253,51.468324544310995,10,1.786844253049124,1.062182757785074,-0.062273244725649324,2.9320939573895526,3.119180203660073
2026-05-30 08:51:00,-2148743.8816510094,4426638.573745114,4044659.4586719405,39.60864289813058,115.89249688271849,52.18367805941447,10,1.7923621892354138,0.6525779263473679,6.135418379036485,3.8130606284492203,7.253181921888082
2026-05-30 08:51:30,-2148743.7397630718,4426644.675271978,4044656.2851738464,39.60858977875147,115.89246437150518,52.13510259607192,12,1.797763184444119,-2.1123246295704443,0.2356614154263772,3.5062506614623588,4.100151868457546
2026-05-30 08:52:00,-2148742.9778653984,4426639.749191605,4044653.976221562,39.608600961517375,115.8924814385029,51.97260031913499,11,1.8030450783491696,-0.6375149899514909,1.4732162810958103,3.6778386533199665,4.012890321595276
2026-05-30 08:52:30,-2148744.4163819053,4426643.751761986,4044654.518482003,39.60858054810208,115.89247615504974,51.59620532645583,9,1.8082057582634277,-1.0740717453325515,-0.7966306956249871,2.9970605315723593,3.2818626432625813
2026-05-30 08:53:00,-2148748.39001993,4426642.624692626,4044661.693873965,39.6086263480402,115.89252351051711,51.514993362369616,8,1.8132431599837355,2.990819989340746,4.2829793959435465,3.022852251748729,6.035441363365192
2026-05-30 08:53:30,-2148747.2268687286,4426645.785597535,4044656.4015044994,39.60857616637803,115.8924952538014,51.69041915760084,8,1.8181552686165698,0.5895921824000381,-1.291592701249422,3.3898225018125006,3.6751499617379397
2026-05-30 08:54:00,-2148749.448690187,4426639.5373281855,4044653.894604006,39.60858532279421,115.89255029886522,51.99698957939942,9,1.822940119383971,5.311984166351514,-0.2798620242270975,3.6680996219262796,6.461459074585971
2026-05-30 08:54:30,-2148743.1042184494,4426642.156140151,4044657.230565153,39.608610905123236,115.89247052327512,52.19750759550964,11,1.8275957984094295,-1.4950398756897199,2.5549217221463785,3.7666672997048747,4.790673416427357
2026-05-30 08:55:00,-2148745.011566948,4426641.526061398,4044656.738406778,39.60860595899084,115.89249370691437,51.32249548211144,12,1.8321204434834109,0.5025848127644608,2.0008236946016877,2.6041030225776405,3.322234113228482
2026-05-30 08:55:30,-2148748.4897003807,4426639.795225606,4044656.466046673,39.60860428265299,115.89253894192112,51.598944888374085,10,1.8365122448082116,4.385911303912977,1.8094510353519344,2.9105703496060364,5.566125292798718
2026-05-30 08:56:00,-2148746.3986586113,4426639.3865868775,4044654.541180897,39.60859821462152,115.89251911571884,52.280434124473175,11,1.840769445721859,2.705388143189494,1.1303793222607088,3.7403377331327263,4.75257917087147
2026-05-30 08:56:30,-2148742.1584464624,4426641.624387513,4044654.8587893927,39.60859950068095,115.89246331997907,51.38767535025239,9,1.84489034340075,-2.051173352324201,1.267391431076542,2.9495878746222233,3.809680011624282
2026-05-30 08:57:00,-2148743.8139586453,4426644.095328105,4044657.9717661277,39.608604312359894,115.89246809760029,52.47624499534496,10,1.848873289540757,-1.6277793505676883,1.7955278646572752,3.722454395894136,4.441874903282042
2026-05-30 08:57:30,-2148745.197129176,4426638.485016785,4044656.9149266556,39.6086223702718,115.89251111376547,51.43748085054027,7,1.8527166910165298,2.0655760578836144,3.793777574782816,2.957675997960308,5.235188635258285
2026-05-30 08:58:00,-2148745.4871263425,4426639.958886793,4044652.672431798,39.608584544163975,115.89250665722788,52.002505906648246,9,1.8564190105187222,1.6991780566566879,-0.41131659905096263,3.1930863233167286,3.6403554333376285
2026-05-30 08:58:30,-2148741.085033223,4426640.897499422,4044652.115472215,39.60858683388124,115.89245577183381,51.821062717773536,7,1.8599787671688974,-2.637709552947905,-0.16377095957334986,3.6812969053017346,4.531697200596741
2026-05-30 08:59:00,-2148743.117956357,4426642.562556834,4044655.2905304907,39.608595281303,115.89246860064452,51.711118799636786,9,1.8633945371118579,-1.5260566670618188,0.7670640592761959,3.405200071464844,3.8095437717423963
2026-05-30 08:59:30,-2148744.3805099037,4426639.876216544,4044657.9968580534,39.60862477979873,115.89249548557484,51.95187668954673,10,1.8666649540851703,0.7875565875198431,4.034353451722061,3.3180025042469743,5.282555609755263
2026-05-30 09:00:00,-2148743.0050107655,4426641.892030968,4044655.281420453,39.608598949931114,115.89247082699222,51.89429445395104,12,1.8697887099656487,-1.306712798184502,1.1599806906273507,3.501114888142797,3.91290927565956
2026-05-30 09:00:30,-2148744.7317912634,4426640.01184804,4044654.875638618,39.608601487689896,115.8924984756561,52.05212391581717,7,1.8727645552925913,1.072070642687022,1.4342016826498651,3.8284934894605303,4.2265390484731995
2026-05-30 09:01:00,-2148747.382309268,4426639.197461353,4044657.4506638064,39.608616974738744,115.89253038130306,52.38882069242185,8,1.8755912997675446,3.8148218575642856,3.1455821706251026,3.6691585913003673,6.157132267965181
2026-05-30 09:01:30,-2148745.3311542245,4426642.927056675,4044658.8138345233,39.60861239302911,115.89248993089794,51.98985784193649,11,1.8782678127304082,0.3698719112701862,2.629119871941713,2.9215671369107077,3.9477374617953127
2026-05-30 09:02:00,-2148745.014473597,4426640.213820283,4044653.5030652676,39.60859019237092,115.89250040982122,51.48765247227068,7,1.8807930236116832,1.280134095297493,0.15674482416029756,3.0750372362245892,3.3345413846602554
2026-05-30 09:02:30,-2148745.5835580365,4426641.454855942,4044661.204371707,39.60863597025131,115.89250006069,51.90399833760888,11,1.8831659223606863,1.264340604896089,5.22977926758861,3.403508253261555,6.366554545663469
2026-05-30 09:03:00,-2148745.016821363,4426638.581023314,4044657.6643147897,39.60862754074789,115.89250873683459,51.3686132380519,12,1.885385559849556,2.0202736942271446,4.285587011668479,2.3700973393895,5.29765261529566
2026-05-30 09:03:30,-2148743.5694579887,4426637.448572868,4044659.0657329173,39.608646732973945,115.89249933369558,51.918962050781985,10,1.8874510482528915,1.2300484511204632,6.407200859040953,3.5427497589650314,7.424036496061005
2026-05-30 09:04:00,-2148745.330595367,4426639.836805615,4044655.2697601425,39.608603635024025,115.8925056382933,52.156059520509565,8,1.889361561402871,1.7830054169549423,1.6144005603161822,3.3532090656311495,4.12667039195897
2026-05-30 09:04:30,-2148742.3017414543,4426640.592567241,4044658.0260893237,39.60862648920222,115.8924700675971,51.89546957621496,10,1.8911163351197073,-1.245147808078305,4.142083155453446,3.036273251981121,5.284524689255354
2026-05-30 09:05:00,-2148746.257582323,4426644.865840915,4044654.160022563,39.608567723545086,115.8924897771127,51.97100518459159,10,1.8927146675173108,0.4539707085623017,-2.3902379839242864,3.4355083790657606,4.209755912954817
2026-05-30 09:05:30,-2148746.376595772,4426638.748693198,4044658.036774083,39.6086258735363,115.89252212815983,51.74155503470088,12,1.894155919284033,3.234054839769593,4.0548771749952515,3.10286576131968,6.0439155804581315
2026-05-30 09:06:00,-2148743.563490677,4426641.569759455,4044655.9637148553,39.608603960547775,115.89247831585243,51.75128208482911,7,1.895439513938384,-0.49916678653957447,1.612802287922084,2.6570535535973923,3.1480521417847394
2026-05-30 09:06:30,-2148745.3882691665,4426642.138290767,4044655.8109598523,39.608595415160856,115.89249453988748,51.60333691042657,11,1.896564938059616,0.9016043971086716,0.6543332848629477,2.6068331576809025,2.8348935868123535
2026-05-30 09:07:00,-2148745.039098617,4426641.9444650225,4044656.280276905,39.60860054990235,115.89249186782337,52.17886177510063,7,1.8975317414930863,0.6863524270337171,1.2141620715593229,3.4870739918220863,3.755656296115277
2026-05-30 09:07:30,-2148744.4601653535,4426640.175240227,4044655.9800551254,39.60860900975836,115.89249479951032,51.760894345604164,8,1.8983395375303118,0.9502130804352246,2.142883564379625,3.3555832185862844,4.093261976172111
2026-05-30 09:08:00,-2148744.287659877,4426638.5559114395,4044657.9016157463,39.608631142136126,115.89250122641883,51.30786975072473,7,1.8989880030636483,1.5128707234940961,4.589061452642383,2.6238015572472566,5.498417722758694
2026-05-30 09:08:30,-2148745.9597998434,4426640.093338235,4044657.3389295773,39.60861514064311,115.89251092491357,51.00598257643454,12,1.8994768787155285,2.35519899952859,2.8021876793541813,2.532312300318747,4.451047483913249
2026-05-30 09:09:00,-2148744.664603304,4426639.723994263,4044654.112975366,39.608597830042456,115.89249923552359,51.064229440880084,11,1.8998059689422098,1.3684081782633992,0.8698124953082507,2.215666447845705,2.7455951135303485
2026-05-30 09:09:30,-2148745.852631651,4426642.207093307,4044658.9841264654,39.60861597979565,115.89249905432311,50.51338789088136,11,1.8999751421119893,1.3656484974803955,2.8733476950401293,1.6087378861994672,3.5649909371212174
2026-05-30 09:10:00,-2148748.3728130898,4426641.09743521,4044655.171207986,39.6085888652857,115.89253109604718,51.59373276250348,12,1.8999843305578548,4.118366586641207,-0.14763761186266677,2.792653160581531,4.9781173029274095
2026-05-30 09:10:30,-2148745.534717268,4426642.380415453,4044652.0487493575,39.608567626781245,115.89249484280735,50.947208704791954,12,1.8998335306045506,1.030638031871442,-2.516571981411036,1.9542476830168425,3.3487957980354075
2026-05-30 09:11:00,-2148742.0099502993,4426644.329517125,4044660.1108015324,39.60862249599016,115.89244800948356,51.23836428308649,12,1.8995228025700472,-2.9619732883997645,3.562265809822107,2.0946287370874788,5.084338010720171
2026-05-30 09:11:30,-2148748.112774028,4426644.531916242,4044657.9078967413,39.608590885388345,115.8925109085033,51.56014276474566,12,1.8990522707414155,2.429210099752752,0.0416622633091972,2.6450639691408724,3.5915401784989247
2026-05-30 09:12:00,-2148743.4458690793,4426640.915087956,4044655.797647035,39.60860646719508,115.89248041260372,50.78269307814599,8,1.8984221233251128,-0.16651500358910765,1.7592354226738403,2.326453236836784,2.921475856822889
2026-05-30 09:12:30,-2148745.460225771,4426640.541194882,4044655.9183062995,39.60860419958876,115.89250341452906,50.932712925780265,7,1.8976326123717047,1.8125804901436244,1.4953448186015126,1.9405207207560897,3.047478437569563
2026-05-30 09:13:00,-2148744.144261129,4426641.594104736,4044656.3404586283,39.60860500613728,115.8924842757405,51.335053520123935,12,1.8966840536750453,0.18783640293376724,1.5725082422638568,2.5310278379399413,2.985660161954437
2026-05-30 09:13:30,-2148746.436185446,4426643.585159057,4044656.5740312072,39.60859066301832,115.89249815999386,51.50307824475835,7,1.895576826645966,1.3869808170412765,-0.032116803896416135,2.5980253012934824,2.9452474840145606
2026-05-30 09:14:00,-2148745.55328665,4426643.915205779,4044655.598989972,39.608584385750184,115.89248723325706,51.328240384301736,9,1.8943113741605158,0.4642568929929774,-0.7416059817531224,2.78337161798983,2.9176482753571973
2026-05-30 09:14:30,-2148748.4738330143,4426645.70539462,4044656.5473785195,39.608574479707535,115.8925087237811,51.467206962706975,7,1.8928882023828162,2.3136139018357356,-1.8540608737895141,2.281933669742095,3.74133295545683
2026-05-30 09:15:00,-2148744.149315303,4426639.850040906,4044657.5676452015,39.60862250549106,115.89249319686542,51.527465885751774,10,1.8913078805626031,0.9972482505688035,3.4637470520734333,2.960024821760901,4.664096338997576
2026-05-30 09:15:30,-2148747.820522883,4426640.392023838,4044657.5797976274,39.608610632631105,115.89252889757422,50.915624521776195,11,1.8895710408075337,4.0615537978580285,2.13263754308106,1.8853951039409265,4.959745642774256
2026-05-30 09:16:00,-2148744.037868734,4426638.39623094,4044653.7710474273,39.608603847729434,115.89249942175013,51.71029919084048,11,1.887678377830352,1.5520706358750682,1.3661252997684776,2.6465729712686907,3.3585071215739797
2026-05-30 09:16:30,-2148743.8819107637,4426643.300773269,4044653.2924147462,39.60857567254788,115.89247284954322,51.10529319576393,12,1.885630648671015,-0.7092371286140113,-1.774872186768108,2.6544161661139682,3.2709499792712866
2026-05-30 09:17:00,-2148748.5615257253,4426641.887601109,4044656.7978929603,39.60859564669669,115.8925290550216,51.490059847387826,8,1.883428672393883,4.108167410981955,0.42854377289690126,2.4780045986240897,4.816761986308336
2026-05-30 09:17:30,-2148746.9915740513,4426639.675448858,4044657.0353644406,39.608612601715514,115.89252385781546,51.40754146182767,7,1.8810733297601074,3.6745041952034376,2.2966760537358413,1.9741240456997948,4.761708487946467
2026-05-30 09:18:00,-2148746.7496490795,4426643.040958047,4044656.096654444,39.60858935860728,115.89250421072322,51.77928794166906,11,1.878565562875338,2.0050034569296997,-0.2973420201249142,2.600868759637291,3.297418603102923
2026-05-30 09:18:30,-2148743.9856765997,4426639.260743811,4044654.726731785,39.60860617956083,115.8924944791667,51.53852193659262,10,1.8759063748128917,1.1833055238543528,1.5555945323109828,2.2138512662537977,2.9531718102463316
2026-05-30 09:19:00,-2148743.409905685,4426640.5932042105,4044653.643341321,39.6085932238249,115.89248167258822,51.64366873734948,12,1.8730968292125385,0.09850384743659346,0.10316436456020206,2.518935209769698,2.5229705676231013
2026-05-30 09:19:30,-2148745.834850104,4426640.737981012,4044656.2227442097,39.60860436970689,115.89250633817313,50.736976457116974,11,1.8701380498550584,2.21804409493384,1.3258616640013658,1.2948787620641733,2.890387477066733
2026-05-30 09:20:00,-2148745.7031269,4426638.763167089,4044658.496423783,39.608630679225264,115.89251499985151,50.78801036814507,10,1.867031220212744,2.968846657448353,4.231572566961835,1.606102078696149,5.4129308837355685
2026-05-30 09:20:30,-2148742.552168596,4426646.552807338,4044654.6654248415,39.60857181467886,115.89244238440268,50.480651575113676,12,1.8637775829760292,-3.2310172854500054,-2.3171856466828586,1.3660129339690676,4.20414240432464
2026-05-30 09:21:00,-2148744.891972911,4426642.584522653,4044655.5701797726,39.60859268343773,115.89248707210331,50.47035894183165,12,1.8603784395564273,0.6003106172488675,-0.015692771229585012,0.47400255167401073,0.7650473967304598
2026-05-30 09:21:30,-2148746.845566589,4426638.93830528,4044658.476277572,39.60862678469715,115.89252607657863,50.57854080617083,7,1.8568351495659845,3.9454834944439128,3.7544640213540768,1.8470260864573542,5.751029947463806
2026-05-30 09:22:00,-2148746.473626056,4426639.108832469,4044659.320694296,39.60863271155106,115.89252131333852,51.1641932026902,7,1.853149130273454,3.547653493929956,4.397120329111603,1.6867860973479483,5.896249641923778
2026-05-30 09:22:30,-2148744.017057553,4426640.975606833,4044654.8527874816,39.608598155093034,115.89248608818467,50.671657734440686,7,1.8493218560374063,0.5446827981841776,0.54598973168305,1.5479577956964259,1.7294384854623803
2026-05-30 09:23:00,-2148744.0832707123,4426643.268075655,4044654.5195939564,39.608583876404005,115.89247512508557,49.97750451708105,7,1.8453548577165062,-0.38363607890829443,-1.0544455752233692,1.0944101856272475,1.5674073390643988
2026-05-30 09:23:30,-2148746.392732416,4426641.817041151,4044658.197880977,39.60861116718918,115.89250669530612,51.15183835076737,9,1.8412497220571897,2.3251873611466274,1.9591959187489971,1.8634288999558504,3.5661340661379253
2026-05-30 09:24:00,-2148744.936744754,4426642.174873628,4044656.855620856,39.608603623202924,115.89248962407105,51.03452888711766,7,1.8370080910589859,0.8742181221640686,1.1060451991133144,1.6151720812279253,2.1439156139129705
2026-05-30 09:24:30,-2148741.8654901115,4426639.28970798,4044658.181666474,39.60863536458644,115.89247212253188,51.25482750437956,9,1.8326316613177391,-0.6137035275599148,4.613440210434456,1.7860846399904147,4.985033694590508
2026-05-30 09:25:00,-2148742.8216668395,4426639.088254114,4044655.6270084004,39.608616238138545,115.89248316301558,51.25308962885322,7,1.8281221833469956,0.3390287077255876,2.474377910518376,2.182269986375754,3.316592950930186
2026-05-30 09:25:30,-2148745.5064195534,4426641.000087735,4044657.3011216046,39.60861134456938,115.8925015650472,50.85842342526136,8,1.8234814608778174,1.9211367527029612,1.9150394332954823,1.2536072322429905,2.9882559372307274
2026-05-30 09:26:00,-2148746.2324645575,4426644.931269288,4044654.668902883,39.60857099034873,115.89248918131106,50.66386069510935,8,1.8187113501373169,0.8704003217012826,-2.5805547500092905,1.2656412095829719,3.003116249699278
2026-05-30 09:26:30,-2148749.1072029783,4426638.396767044,4044656.440257898,39.60860975622968,115.89255252124057,50.46802499405042,11,1.8138137591061891,6.2951158540186345,1.7060612974637235,1.1532970424326041,6.623384545253594
2026-05-30 09:27:00,-2148743.5732494695,4426637.427243021,4044656.1912637516,39.608626833157516,115.89249948186979,50.86220183779164,11,1.8087906467555468,1.7673383470960295,3.5850848627132104,1.7630315358478887,4.368592279254919
2026-05-30 09:27:30,-2148747.503654891,4426643.621867164,4044658.6128570773,39.60860199396357,115.89250915527273,50.662848424918764,11,1.8036440222633559,2.6023665451561957,0.8113026024729648,1.237612561669795,2.9936947741762974
2026-05-30 09:28:00,-2148744.157157321,4426641.345271972,4044656.733005598,39.60860898548084,115.8924856760901,50.899033847403004,12,1.7983759442107927,0.6021440253236605,1.570615375015059,1.1970114922108868,2.064520911967619
2026-05-30 09:28:30,-2148745.020270551,4426641.368735882,4044651.84665755,39.608572710693565,115.8924945980519,51.110288535886696,7,1.792988519758837,1.3725851893101264,-2.472743159220162,1.7127644609704857,3.3063591656302465
2026-05-30 09:29:00,-2148746.036002292,4426639.194962898,4044652.271377094,39.608584313344394,115.89251629119379,51.07449425911272,7,1.7874839038054404,3.2350061269961365,-1.2018151377878596,1.6848159278189896,3.8403422995549703
2026-05-30 09:29:30,-2148742.1312290076,4426647.480246067,4044655.332794569,39.60857273764835,115.89243325917548,51.07942485623771,7,1.7818642981235893,-3.858451983618611,-2.5037902502027034,1.475565952253836,4.830518834074791
2026-05-30 09:30:00,-2148744.5935302777,4426636.689229128,4044658.5262842006,39.60864432886726,115.89251392215071,50.788596432314364,11,1.776131950480629,3.046520753702152,5.425658023987617,1.2318359908120546,6.343222651323147
2026-05-30 09:30:30,-2148746.4772450607,4426638.396560496,4044658.233864398,39.60862880525011,115.89252497299984,50.52131562030254,11,1.770289153739187,3.9983508074616636,3.685257797629294,1.2329533456129673,5.575671095659702
2026-05-30 09:31:00,-2148743.663274073,4426636.530003033,4044656.190165577,39.608631217086916,115.8925049871687,50.84420138717014,11,1.7643382449400564,2.295868399446219,3.9355937483563452,1.7539694029136557,4.882245234114585
2026-05-30 09:31:30,-2148743.141382601,4426643.687008108,4044656.449556008,39.608597501678915,115.8924631284577,50.645402107873124,10,1.7582816043674128,-1.2772726948057034,0.17570881714230369,1.2355529098610676,1.785746375716306
2026-05-30 09:32:00,-2148745.920688669,4426641.449990976,4044652.926602709,39.60857755792294,115.8925036169322,50.53042384655492,9,1.752121654596731,2.191445835146676,-2.0556169312141135,1.335135032677501,3.287944855340277
2026-05-30 09:32:30,-2148744.5431645014,4426640.064626247,4044655.6096824505,39.60860679459576,115.89249623138987,50.307558575835586,10,1.745860859525787,1.5659815998558968,1.1719932535787827,0.8322982745796511,2.1256968211364664
2026-05-30 09:33:00,-2148743.848646634,4426643.263748427,4044657.9642648716,39.60860845210636,115.89247268935836,51.44524949596166,8,1.7395017233891343,-0.4412991917890474,1.3382273132253486,1.4914679028931515,2.051846442572274
2026-05-30 09:33:30,-2148744.0694095353,4426638.669733636,4044655.881044555,39.60861704277923,115.8924983614438,51.12121371771627,10,1.73304678975644,1.7598580209404586,2.273955821220039,1.2875901983957814,3.1505338991564362
2026-05-30 09:34:00,-2148742.5374241895,4426639.439176819,4044655.368878914,39.608613346472026,115.89247840115432,51.3835616713954,8,1.7264986405150924,0.05852692574491125,1.8457455460155074,1.891590654572061,2.6435425523599183
2026-05-30 09:34:30,-2148739.1397886127,4426643.628985224,4044655.2603883822,39.60859952013872,115.89242150604197,49.96315077674096,8,1.7198598948374801,-4.801510407586838,0.2930209585700535,0.26838982863525296,4.817924509209426
2026-05-30 09:35:00,-2148749.2491902295,4426641.7698547365,4044656.303963031,39.608591098386285,115.8925368571434,51.183009442479026,9,1.713133208133359,5.0681432893064775,-0.6598739741008529,1.6441817313701192,5.368877315455176
2026-05-30 09:35:30,-2148742.9022481297,4426638.894615916,4044656.3249132363,39.6086218890886,115.89248499172798,49.764956618721264,9,1.706321270987723,0.6378747032958249,2.7397373518327437,0.036439859807123096,2.8132495014688965
2026-05-30 09:36:00,-2148745.9455023925,4426640.039059963,4044657.234062276,39.60861472596928,115.89251105113843,50.41920156621986,12,1.6994268080846053,2.8712751524719056,1.926400871495276,1.3207863741479366,3.7013130055475147
2026-05-30 09:36:30,-2148742.497460964,4426643.068919397,4044659.350434619,39.60862247384845,115.89245952610042,50.362115444869076,12,1.6924525771172425,-1.530241081871745,2.7681142440823856,0.7887714388458608,3.2597936467940385
2026-05-30 09:37:00,-2148740.313617411,4426645.309866571,4044653.411875449,39.60857507851825,115.89242525523095,49.96560948815808,8,1.6854013676850315,-4.456422631019096,-2.5111369667824226,0.8604716342089116,5.1870919565281035
2026-05-30 09:37:30,-2148743.4148392775,4426639.107051894,4044657.8625137582,39.60863021425959,115.89248928102747,50.6988489756773,7,1.6782760001777333,1.0231881611528675,3.5904950646966154,0.7614823600265814,3.810305001881843
2026-05-30 09:38:00,-2148743.988995467,4426642.575432788,4044653.5960413255,39.608581249649085,115.892477659469,51.327769083765276,12,1.6710793246473454,0.03353346521966172,-1.863075002971517,1.3762920336340339,2.316538953229896
2026-05-30 09:38:30,-2148742.669052436,4426642.248800736,4044655.8832473992,39.60860214078041,115.89246549367157,50.35060181071531,12,1.663814219668126,-1.002843213075605,0.4372818927105373,0.6533490931464503,1.274274303758654
2026-05-30 09:39:00,-2148744.307048137,4426640.963452983,4044657.704827289,39.60861733740917,115.89248918768969,50.56671734487807,9,1.6564835911851998,1.0271992968554775,2.105491295356418,0.7877941550483295,2.4716091157402595
2026-05-30 09:39:30,-2148746.2472662474,4426641.174070059,4044658.2722517117,39.60861535610973,115.89250844088954,49.71033034759809,11,1.6490903713522196,2.677297471556942,1.8668956406705206,-0.3395314608227513,3.2815396839362188
2026-05-30 09:40:00,-2148745.821040127,4426640.769599946,4044654.291717254,39.608590805736526,115.89250603273567,50.540263778147036,12,1.6416375173585436,2.474813507648932,-0.8769195402715504,0.708839793030596,2.7195851944617098
2026-05-30 09:40:30,-2148746.0528145325,4426641.611919226,4044655.143583635,39.60859182020267,115.89250417760486,50.19595991290647,7,1.6341280102463993,2.319439255580831,-0.7830871959254794,0.4941196219804072,2.497434326979961
2026-05-30 09:41:00,-2148746.121505148,4426641.709032538,4044654.9207243193,39.60858959836926,115.89250440335158,50.09045860651721,9,1.6265648537185045,2.341830775419914,-1.0485310412023308,0.3401499915248207,2.5882988123095476
2026-05-30 09:41:30,-2148745.89070371,4426642.729231507,4044654.6910589463,39.60858332778253,115.89249679817713,49.84726632292409,10,1.6189510729366328,1.6943668101414149,-1.7634307329030068,0.12103164929303131,2.4485129154624077
2026-05-30 09:42:00,-2148744.454998227,4426643.039276281,4044655.4074065033,39.608590302472166,115.8924801823928,50.505581764138356,9,1.6112897133115793,0.2761642718884243,-1.0081462614279841,0.34956921237080496,1.1021906476360748
2026-05-30 09:42:30,-2148746.713565993,4426639.741234011,4044657.443176424,39.60861579505918,115.89252061112674,50.851597992645424,12,1.6035838392850446,3.736016008858149,1.802586029355095,1.0780999108092635,4.285957469382715
2026-05-30 09:43:00,-2148746.9860302717,4426643.100737911,4044658.240136909,39.60860337467337,115.89250638289084,50.67371854971724,10,1.595836533103895,2.5216184741946157,0.40494227500118507,0.7021179576885623,2.648680351041151
2026-05-30 09:43:30,-2148745.859282424,4426638.601672317,4044656.8468137104,39.60861964241642,115.89251745677622,50.14242325264884,11,1.5880508935873074,3.470780685308375,2.1916474951001446,-0.2492883251418162,4.112393704078006
2026-05-30 09:44:00,-2148743.0042139776,4426644.381996255,4044656.668914907,39.60859579472759,115.89245815773447,50.41137510672485,8,1.580230034887281,-1.5982782770898116,-0.47449081411209093,0.3210242599166803,1.6978490978732428
2026-05-30 09:44:30,-2148742.23422334,4426644.679349385,4044654.4857150624,39.60858099750572,115.8924485799684,49.95162701591421,10,1.5723770852430194,-2.415541215673145,-2.1360551393437937,0.046279249669917824,3.224858553779179
2026-05-30 09:45:00,-2148747.056451153,4426643.024626775,4044653.7834459026,39.608572581459505,115.8925075075705,49.55241901093199,8,1.564495185729674,2.625338575631777,-3.089334068261751,-0.26829577519367614,4.0630493776238765
2026-05-30 09:45:30,-2148746.467359238,4426640.243954453,4044652.6042221067,39.608580154732465,115.89251547584038,50.02357291056684,11,1.5565874890019626,3.3081761319675227,-2.2678209206971207,-0.1301400136085774,4.012976136437043
2026-05-30 09:46:00,-2148748.9154791823,4426640.019572742,4044655.6222662963,39.608596194089095,115.89254226127267,50.264106506016894,10,1.5486571580331403,5.600002152317331,-0.5065920842159001,0.1597812429881524,5.625139081956978
2026-05-30 09:46:30,-2148747.584771681,4426642.047586362,4044653.552078099,39.608574679138805,115.89251800985923,49.82434151495052,12,1.540707364849858,3.5271568837744693,-2.913908158400392,-0.5807931797171473,4.611834467536313
2026-05-30 09:47:00,-2148743.4522039657,4426642.029762846,4044653.971269897,39.60858800860048,115.89247481108855,49.97695418809369,8,1.5327412892633934,-0.16618400352378004,-1.4535085885139372,-0.198058411929933,1.4763236347248447
2026-05-30 09:47:30,-2148743.22675384,4426645.245342497,4044651.981850539,39.608558185071686,115.892456098962,49.94820571428662,11,1.5247621175977681,-1.7657035133288077,-4.783102283554664,-0.6147582409064581,5.1355334724534645
2026-05-30 09:48:00,-2148739.6860658494,4426640.7910343185,4044657.523567526,39.60862850424645,115.89244165873109,49.2415844274162,8,1.5167730414152611,-3.0000931836101996,3.003135554471189,-1.4915777975332043,4.499354019741874
2026-05-30 09:48:30,-2148746.667626206,4426641.766517685,4044655.5969855227,39.608592643981346,115.89250983176903,49.46944914769139,8,1.5087772562398254,2.830114947840363,-0.9965502298455005,-0.16176545200987058,3.0048013312128536
2026-05-30 09:49:00,-2148742.452620063,4426641.342339917,4044659.2517336328,39.608630782546555,115.89246783565204,50.398014806632744,12,1.5007779602789222,-0.7611277493863939,3.217631116660108,0.39186443018954276,3.3295680178415257
2026-05-30 09:49:30,-2148749.1591793788,4426642.61810786,4044658.095606675,39.608599424798015,115.89253160107918,50.14991689349363,7,1.5072216468557211,4.691783229482949,-0.2822786318426135,-0.5782890766712622,4.735707904278904
2026-05-30 09:50:00,-2148743.159500466,4426641.11415748,4044658.2795671984,39.60862342696402,115.89247640061431,49.59832818578541,12,1.515218365427908,-0.029021443146418413,2.362764630300346,-0.4141951713209808,2.3989699002501568
2026-05-30 09:50:30,-2148741.4938412774,4426640.3110826155,4044654.943910926,39.608608509901686,115.89246303597504,50.41422032389217,7,1.523208996856833,-1.1723662991529968,0.6877788063670395,0.6528951953012924,1.5078973976782626
2026-05-30 09:51:00,-2148744.0299708536,4426636.754120058,4044656.0149440607,39.60862792898779,115.89250768880083,49.989142780032935,12,1.5311903449964641,2.6455434167222682,2.8241134829010246,-0.023539135241685577,3.869763691099731
2026-05-30 09:51:30,-2148740.5982621065,4426639.593494706,4044656.953772882,39.60862842298415,115.89245730338465,50.01145288147007,10,1.5391592174139623,-1.6640571090691088,2.859773984484779,-0.21002683102201108,3.3153438093700838
2026-05-30 09:52:00,-2148744.899899968,4426638.829054347,4044656.743831573,39.608620152037204,115.89250625087644,50.260725586611684,9,1.547112426666611,2.5207428868747077,1.9225393266236714,-0.16117682116656448,3.174315695047579
2026-05-30 09:52:30,-2148746.731308354,4426642.089779387,4044654.6171427327,39.60858400412769,115.89250885513574,49.29167574050809,12,1.5550467915767503,2.7422522190858643,-2.109021870349035,-0.660952344338427,3.522041806137223
2026-05-30 09:53:00,-2148744.2803409975,4426640.314043852,4044655.996855311,39.60860886160215,115.89249221003047,49.940426046975496,8,1.5629591385042063,1.3174396602186893,0.631033615968217,-0.6112193727116062,1.5834897550590683
2026-05-30 09:53:30,-2148745.2815503506,4426640.7113382835,4044654.679185022,39.60859514881521,115.8925006777289,50.32571063656145,7,1.5708463026157062,2.039995973115753,-0.9101880960665019,0.38955363096235895,2.267548890750894
2026-05-30 09:54:00,-2148744.490116231,4426640.385782369,4044659.6859250246,39.608633636531955,115.8924940426905,49.08401767152903,11,1.578705129150763,1.4708352761615922,3.342870667778432,-1.0279943810484207,3.7940628827896217
2026-05-30 09:54:30,-2148739.746374103,4426637.608115689,4044653.6314298264,39.60861764925328,115.89245847490245,48.99298006764433,9,1.5865324746835472,-1.5727343472987367,1.5492322548761803,-1.4229232098936415,2.6264661368416578
2026-05-30 09:55:00,-2148745.723058427,4426643.059802434,4044652.452632879,39.608566471036234,115.89249336118255,50.099585757099725,11,1.594325208380209,1.4084849472703396,-4.150570260184155,-0.4059602741769076,4.401802707484979
2026-05-30 09:55:30,-2148746.475079592,4426639.94011673,4044657.6015007617,39.6086164690004,115.892517101662,49.87023931698541,11,1.6020802132511713,3.436370798674851,1.3802161365102443,-0.7326279608768278,3.7749681559619863
2026-05-30 09:56:00,-2148743.8064552094,4426642.965381611,4044659.1514160126,39.60861835261336,115.8924737645237,49.83696787944058,10,1.6097943873978848,-0.2721611217487294,1.5703450797521543,-0.37248345473670597,1.636703781918377
2026-05-30 09:56:30,-2148747.587576918,4426640.728342716,4044651.959955046,39.608570382044185,115.89252474731379,49.584307661617494,12,1.6174646452535444,4.085018053474253,-3.773301934421394,-0.8844484396547705,5.630935004768442
2026-05-30 09:57:00,-2148740.32229365,4426638.6346183065,4044654.246897449,39.60861521174086,115.8924592882346,49.886734848415784,7,1.6250879188172773,-1.5156702440588987,1.183921544574592,-0.6338314517455275,2.025010820132893
2026-05-30 09:57:30,-2148745.265162896,4426642.40954582,4044655.3349344246,39.608591014872104,115.89249187105482,49.546038093120984,9,1.6326611588813011,1.26764271663559,-1.5207600385898823,-1.3966058491778748,2.42283657104003
2026-05-30 09:58:00,-2148744.146096785,4426644.820780367,4044654.6041534236,39.60857631900705,115.89246788804735,49.55014766247938,10,1.640181336250563,-0.7865306127782321,-3.17078379833531,-1.1567215011582843,3.4656175397560633
2026-05-30 09:58:30,-2148745.943294878,4426640.046970574,4044655.4788912935,39.60860247858403,115.89251098779056,49.43432998162755,9,1.647645442954384,2.895784926442058,-0.285804374842028,-1.00932969006318,3.0799352110281335
2026-05-30 09:59:00,-2148743.087972049,4426645.258574596,4044655.309708601,39.60858161830883,115.89245457791532,49.93892786009824,12,1.6550504934496033,-1.9317809663348298,-2.6199767289143705,-0.43098762403265317,3.2835660635984905
2026-05-30 09:59:30,-2148746.3616910675,4426639.6038088985,4044656.9690536736,39.608614082066595,115.89251762394953,49.30284736819942,10,1.6623935258147549,3.4559042229559545,0.9648730805937114,-1.298401963382872,3.815770134378602
2026-05-30 10:00:00,-2148745.801573156,4426636.628088131,4044657.7565281414,39.60863627051354,115.89252688751915,50.211076044087186,10,1.6696716029347989,4.244128185377853,3.409220576909654,0.10940264290742008,5.444940581330345
2026-05-30 10:00:30,-2148745.2968110293,4426646.76758022,4044655.4479333702,39.60856929948877,115.89247004295102,50.21775637178546,12,1.6768818136759267,-0.6211550481964343,-4.043073426524869,-0.636683566711861,4.139763554877549
2026-05-30 10:01:00,-2148744.3788391887,4426641.766607678,4044656.556906893,39.60860503874336,115.89248585584976,48.69830118101245,8,1.684021274049977,0.7267826720342376,-0.09446389388146781,-1.550159997850184,1.7146814568751125
2026-05-30 10:01:30,-2148745.7226957837,4426641.5986859305,4044661.754046798,39.60863870727961,115.8925007868393,49.133290815003726,7,1.6910871283679925,1.9991231907227351,3.6243610855264983,-1.3011267914161933,4.338826769681553
2026-05-30 10:02:00,-2148744.117261173,4426642.138261891,4044655.9219594663,39.608599361968714,115.89248122599251,49.97588646979881,9,1.6980765503824542,0.32166897355010715,-0.7612831377462679,-0.6602366505555434,1.0577974187425423
2026-05-30 10:02:30,-2148743.29446322,4426638.326636153,4044655.42617104,39.60861757854903,115.89249198830991,49.50707267688232,12,1.7049867444177484,1.2371627512109407,1.2425130308147918,-1.0897649296754117,2.06446068179533
2026-05-30 10:03:00,-2148745.5347342878,4426643.188763139,4044656.545195164,39.60859475325655,115.89249073271667,50.24208107194808,8,1.7118149464883956,1.1247511882403627,-1.3092655866429324,-0.169273456678124,1.7343284334148854
2026-05-30 10:03:30,-2148747.0392720657,4426643.899210959,4044653.0632104715,39.60856311324801,115.89250288054876,49.15479619066136,10,1.7185584254046091,2.15837479177938,-4.839401974908381,-1.5437976710404073,5.519212304817201
2026-05-30 10:04:00,-2148743.119404965,4426643.705473582,4044661.096728641,39.60862979582286,115.89246280434519,49.49946476180277,12,1.7252144838647343,-1.2741863950184393,2.544346709288056,-1.215615577777311,3.094345226255453
2026-05-30 10:04:30,-2148745.9878831683,4426639.09558563,4044654.8943215143,39.608603194865815,115.8925162924492,49.83269342444834,9,1.7317804595341333,3.2943549084844084,-0.42629573488764216,-0.7858400251948483,3.4135094641493158
2026-05-30 10:05:00,-2148743.52853593,4426643.243495192,4044655.483838762,39.60859209738374,115.89246943912306,49.01066654630617,7,1.7382537261100834,-0.7181107887880676,-1.675968963326138,-1.6977438313451068,2.491362917737332
2026-05-30 10:05:30,-2148745.7773317536,4426641.97886479,4044655.041209672,39.60858990794301,115.89249942603489,48.79730648033465,8,1.7446316943722637,1.8403462964230677,-1.936763537644386,-1.3364473058178643,2.9873096412549414
2026-05-30 10:06:00,-2148743.6008373383,4426640.900655198,4044658.4736368395,39.60862477352421,115.89248210931267,49.15798200639062,7,1.7509118132184085,0.35339661818609447,1.9156379452083576,-1.981794444141726,2.7788607604013698
2026-05-30 10:06:30,-2148747.446041751,4426638.47964234,4044654.326290523,39.608598769937906,115.89253469887046,49.5365418940613,7,1.7570915706847112,4.8444046987665965,-0.9883469962000428,-1.41584642370609,5.142927937065699
2026-05-30 10:07:00,-2148744.2012331523,4426643.229603819,4044656.555730777,39.60859794684888,115.89247655638437,49.512494723762266,9,1.7631684949505817,-0.13415809213131902,-1.0972030379878408,-1.4015725983064753,1.785009425347
2026-05-30 10:07:30,-2148745.4124887628,4426638.944962296,4044655.7571295826,39.60861141017092,115.89251103097308,49.20568769100874,12,1.7691401553273387,2.807382904018427,0.3798287688271528,-1.7328904463773231,3.3209302857105394
2026-05-30 10:08:00,-2148743.554230065,4426640.358463402,4044651.8042136803,39.60858127477929,115.89248437801858,49.60864398085341,12,1.7750041632304523,0.5213505815486587,-2.9824979167323082,-1.558548605147808,3.4053155517223157
2026-05-30 10:08:30,-2148749.946783672,4426642.255142813,4044661.8483688454,39.60862543634221,115.89254169697048,49.671778792101094,7,1.7807581731349469,5.416120752620449,1.90223856925365,-1.4145181725459905,5.912168573525701
2026-05-30 10:09:00,-2148742.829423469,4426639.021596445,4044656.816138307,39.60862483550362,115.89248358320744,48.40535280762905,10,1.78639988351358,0.43933968647987176,1.8184521805317178,-2.454807611866915,3.0864005093760167
2026-05-30 10:09:30,-2148743.300914536,4426645.323448685,4044653.2554533975,39.608566459520056,115.8924564786567,48.894438368247066,9,1.7919270377574217,-1.8858129738957468,-4.678269146204243,-1.8986866606269655,5.3895736206199905
2026-05-30 10:10:00,-2148747.9060197943,4426638.64519007,4044657.8858408895,39.60862153615943,115.89253867544933,50.40818892468781,10,1.7973374250784702,5.135920840967806,1.418359273694814,-0.4970445504313353,5.351306307723099
2026-05-30 10:10:30,-2148744.7783921207,4426644.308668172,4044651.3499453743,39.60855473245701,115.89247711542964,48.79366471409176,12,1.8026288813939324,-0.13606677097299302,-6.013619215649328,-1.8554784939466142,6.294833649786804
2026-05-30 10:11:00,-2148743.9769927813,4426642.988583809,4044655.5035820385,39.608592426282414,115.89247543295812,49.737473317633025,12,1.807799290191835,-0.2877081476039065,-1.8462586707780857,-1.1419914745920094,2.1898839205907166
2026-05-30 10:11:30,-2148744.5356842335,4426643.8743108595,4044658.0850942438,39.608604435529294,115.8924767816298,49.12893568471969,9,1.8128465833775966,-0.18029904643436567,-0.5297704987736842,-1.7057128930442804,1.7951660093187896
2026-05-30 10:12:00,-2148748.533233415,4426639.468867041,4044654.866011636,39.60859472029271,115.89254105740187,49.13358474821822,12,1.8177687421012394,5.30824511498884,-1.6245817668090856,-2.4257132248147792,6.058119903641123
2026-05-30 10:12:30,-2148744.881121532,4426637.989718693,4044654.031884493,39.608605648119635,115.89251032201075,48.85134050560858,8,1.8225637975649018,2.6716221967852807,-0.42789239544783875,-1.977010066144108,3.3510037102445933
2026-05-30 10:13:00,-2148742.5278674853,4426643.118247171,4044657.84346177,39.60861165884154,115.89245959379383,49.62033539492945,8,1.8272298318103315,-1.674872465446443,0.22312125466188804,-1.4150690968100867,2.203951319457727
2026-05-30 10:13:30,-2148747.42873944,4426641.776018568,4044655.5571484384,39.60859041703686,115.89251775625696,48.76189682232825,11,1.8317649784860435,3.290408906222212,-2.150770280481833,-1.9255093583038583,4.377235412730973
2026-05-30 10:14:00,-2148745.860144259,4426641.002196419,4044653.4004779793,39.60858331023613,115.89250525965613,48.75142508855801,9,1.8361674235938357,2.213029388377265,-2.955548799930081,-2.583678311289257,4.506457744039779
2026-05-30 10:14:30,-2148747.788166181,4426640.364028932,4044659.055522923,39.60862112533392,115.89252870098007,49.17891707269935,7,1.8404354062143622,4.2087752794542315,1.2261332865303642,-1.6845907161268443,4.6962791729350535
2026-05-30 10:15:00,-2148745.695368237,4426642.6922945725,4044655.343953306,39.60858854841226,115.89249493981893,48.973092427241,10,1.844567219211481,1.312620279634587,-2.405566641881514,-2.0844136935983637,3.4430369317074514
2026-05-30 10:15:30,-2148744.323746166,4426642.629741961,4044658.0718475753,39.6086112761246,115.89248088989406,50.070157166701115,7,1.8485612099150839,0.10194614612007413,0.10168220364383196,-0.7340722507314816,0.7480603963187629
2026-05-30 10:16:00,-2148745.2539135297,4426639.468703765,4044658.2837074962,39.60862669102361,115.89250670675519,49.049311103026575,8,1.8524157807821415,2.3003831788390796,1.7973454049331323,-2.271290023397789,3.6987797507429887
2026-05-30 10:16:30,-2148746.405572784,4426642.062595536,4044657.800949168,39.60860710992871,115.89250558122095,48.8030079070518,7,1.8561293900357005,2.1946556059328697,-0.3914078657682869,-2.3251238059477664,3.221166568034457
2026-05-30 10:17:00,-2148747.1766198613,4426645.889944789,4044657.3822741904,39.60858257903213,115.89249419685346,49.188942406603566,10,1.859700552281574,1.2114820743128425,-3.12944807556755,-1.9849652210101791,3.8988743250680415
2026-05-30 10:17:30,-2148743.8307306827,4426642.40352722,4044655.03423651,39.60859253612336,115.89247687571763,49.11356271010846,10,1.8631278391024781,-0.27952883013647867,-2.039178414458593,-1.709413749317115,2.675533655035146
2026-05-30 10:18:00,-2148748.5442162463,4426641.842716959,4044653.250726976,39.608571240246384,115.89252910192799,48.75095659962214,10,1.8664098796293813,4.176750006822278,-4.417842845109717,-2.1271986848816864,6.441083004319956
2026-05-30 10:18:30,-2148743.336926266,4426639.268355567,4044653.0117483246,39.60859582806635,115.89248764467982,48.79348760179522,10,1.8695453610898332,0.6214179278507319,-1.7032694017660999,-1.976167323640566,2.681888175720916
2026-05-30 10:19:00,-2148743.571834738,4426639.5096202735,4044656.3348444025,39.608617121624505,115.89248887861224,49.11715341571033,11,1.8725330293330544,0.7167372995987702,0.6457906073698594,-2.132480936410122,2.340562498493868
2026-05-30 10:19:30,-2148744.4636116093,4426638.796872543,4044654.7490980905,39.60860752821026,115.89250184431123,48.293287763207985,10,1.8753716893315833,1.8151736076149716,-0.43345160213572664,-2.810610930489999,3.3737618943496646
2026-05-30 10:20:00,-2148745.2880948475,4426640.68895342,4044656.7638614653,39.60860975248824,115.89250086010588,49.07598203949751,7,1.8780602056592683,1.7205256699673437,-0.20077618590947366,-2.523781965685279,3.0610447674222576
2026-05-30 10:20:30,-2148745.8897280507,4426638.9564896105,4044658.4440843062,39.6086288543518,115.89251597152962,48.299089910608245,8,1.8805975029454256,3.0021792471498707,1.9054670643496594,-3.271645351998423,4.831930077576823
2026-05-30 10:21:00,-2148747.493075066,4426645.167153288,4044653.152877905,39.60855608006671,115.89250118700963,48.395133922170814,7,1.8829825663049702,1.7271045840871895,-6.186384324339375,-2.8040527984462145,7.008348831877662
2026-05-30 10:21:30,-2148743.1075649844,4426642.32174636,4044653.8318726993,39.60858639714328,115.89246971626021,48.63348017421872,10,1.885214441744359,-0.9750502629462868,-2.834934706678495,-2.189164458322095,3.7121447751916388
2026-05-30 10:22:00,-2148747.49929715,4426642.5850592805,4044652.983916711,39.60856817407645,115.89251438156548,48.813326204754325,11,1.8872922365431744,2.833538902671078,-4.871279162828805,-3.0697059057137466,6.417273388498762
2026-05-30 10:22:30,-2148744.7225149428,4426637.888432966,4044655.6414888934,39.6086177647402,115.89250917559296,49.38500049209451,10,1.8892151196112001,2.377186940666519,0.6198642732083803,-1.7491481003868161,3.0157533959464264
2026-05-30 10:23:00,-2148747.443487968,4426639.5526490435,4044654.7759617725,39.608596384316,115.8925292161071,48.59677903476445,9,1.8909823218208468,4.079692243204574,-1.76661732230441,-3.0665868985784264,5.400812972994198
2026-05-30 10:23:30,-2148743.3978996915,4426640.51331277,4044652.5260526775,39.608585890940525,115.89248195305352,48.96163555137938,9,1.8925931363147934,0.026513898887769005,-2.9444688698841004,-2.1043890093830524,3.6192613908590476
2026-05-30 10:24:00,-2148745.2665497744,4426642.571899122,4044657.590024226,39.6086058666331,115.89249106005202,48.75607482380872,9,1.8940469187887194,0.7937696997167938,-0.7400843397529684,-1.7244386844772845,2.0375190655937
2026-05-30 10:24:30,-2148742.8407817692,4426645.300650285,4044651.0984444385,39.608552717867354,115.89245177460691,48.52276020293678,10,1.8953430877490187,-2.5774445946678304,-6.652343298759474,-2.9457023159911544,7.718423034374842
2026-05-30 10:25:00,-2148746.426439272,4426639.781721778,4044657.7407906125,39.60861837459606,115.89251739755004,49.045654653052715,12,1.8964811247453894,3.022599779121431,0.6229808459576498,-2.627257533106722,4.0529861465888395
2026-05-30 10:25:30,-2148745.0742327934,4426643.511728724,4044652.6915686224,39.60856742874368,115.8924842666723,48.610285538553356,11,1.8974605745782065,0.17745643930391475,-5.044406480040439,-2.9114996162938325,5.827036771756596
2026-05-30 10:26:00,-2148741.533105497,4426642.42357641,4044657.1933775595,39.608613194238465,115.89245270571892,48.89779828277895,9,1.8982810454805958,-2.5335527214325038,0.023342544155713574,-2.2600797610891146,3.395201730844625
2026-05-30 10:26:30,-2148743.3420890775,4426642.273177941,4044656.433496722,39.60860416299545,115.89247241990324,48.82550782480371,10,1.8989422092751362,-0.8598177156783611,-0.9911677523867519,-2.7984201872381664,3.090769412607135
2026-05-30 10:27:00,-2148747.4823865797,4426642.505313703,4044654.785783465,39.608581163714426,115.89251460991312,48.3515133457652,7,1.8994438015051252,2.735851245571682,-3.555949958319362,-3.1675711082973512,5.492100588125432
2026-05-30 10:27:30,-2148745.9174023885,4426640.725333442,4044655.3865436697,39.60859841045617,115.8925072672336,48.61359027162085,11,1.8997856215403581,2.0955507991460305,-1.6532416203096127,-2.5108502000345654,3.6645476847680856
2026-05-30 10:28:00,-2148745.4544302663,4426640.996838802,4044659.916095369,39.608629685687205,115.89250103696999,49.06796914822719,8,1.899967532657379,1.5502671120554423,1.8068127287183067,-2.202954424376243,3.2435950041979775
2026-05-30 10:28:30,-2148748.3719182042,4426642.7008643355,4044655.503804902,39.60858293185706,115.89252293358174,47.96290681494625,11,1.8999894620941662,3.410179863030798,-3.394173359306203,-3.6712350851351325,6.05208282672766
2026-05-30 10:29:00,-2148741.981585774,4426640.453407116,4044655.3380943784,39.60860930214978,115.89246742150367,48.93212365508195,8,1.8998514010792376,-1.3497251133709047,-0.4781948253732793,-3.041258409463447,3.361499797086119
2026-05-30 10:29:30,-2148746.4235526,4426641.540926379,4044651.864116035,39.608568441530124,115.89250842213653,48.32648986242214,11,1.899553404835158,2.143676817566007,-5.024658980316554,-2.8932406952329224,6.181697977675518
2026-05-30 10:30:00,-2148744.2870527455,4426642.10808387,4044654.528918437,39.60858940062647,115.89248315803908,48.75410803792322,11,1.899095592556452,-0.029744595336983037,-2.708944499184976,-2.611026895090583,3.7625425562380914
2026-05-30 10:30:30,-2148746.2183823003,4426644.6481210105,4044654.358910147,39.608570325468015,115.89249047354247,48.410105386146036,9,1.8984781473619274,0.5828185983125957,-4.83684059395258,-2.8745719728460712,5.656665844551785
2026-05-30 10:31:00,-2148748.0712995455,4426643.351585739,4044654.405317612,39.60857269152057,115.89251647577198,48.28068825850527,8,1.8977013162214287,2.7933003866417487,-4.584569039686125,-3.780298383032608,6.565931479570926
2026-05-30 10:31:30,-2148739.6744033867,4426640.900834318,4044658.8695835904,39.60863733379981,115.89244097825637,48.52037597751125,7,1.8967654098570552,-3.676205282127051,2.5805583953623294,-3.1276292257644407,5.473192074289893
2026-05-30 10:32:00,-2148746.342776056,4426641.299052146,4044651.8971000747,39.60857011723745,115.89250880586542,48.68956800427156,9,1.895670802618874,2.110831938152619,-4.890449405312309,-3.154425229958963,6.190517376475598
2026-05-30 10:32:30,-2148740.1325032176,4426643.136620027,4044656.3798193284,39.608607362937484,115.89243440848034,47.978504265613644,10,1.8944179323351853,-4.264788984818882,-0.7659484615991055,-3.700052727335205,5.697849797592
2026-05-30 10:33:00,-2148742.876958156,4426641.570325866,4044655.630430307,39.60860335330724,115.89247112141575,49.07473707953259,12,1.8930073001373984,-1.1387555265046876,-1.2205901538867732,-2.3480883374291825,2.8809934594304876
2026-05-30 10:33:30,-2148745.107872843,4426639.73748184,4044658.2091722433,39.60862515426203,115.89250381027334,48.41009138390549,8,1.8914394702595838,1.6430611391692225,1.1899434964960431,-3.4378783429425437,3.9918195015274254
2026-05-30 10:34:00,-2148741.685724268,4426645.445620237,4044658.6354711424,39.608607298159676,115.8924389380292,48.387509820067535,11,1.889715069812789,-3.918281590686574,-0.8012544428638391,-3.2865404029094902,5.176513027712653
2026-05-30 10:34:30,-2148740.905584924,4426646.3444399685,4044656.78726275,39.60859176249058,115.89242619563726,48.407269577943346,10,1.8878347885342004,-5.021758232155742,-2.5346812165110015,-2.6300854381738525,6.209671007682436
2026-05-30 10:35:00,-2148742.8190948954,4426638.975509089,4044654.5684101796,39.608609459089735,115.89248370935778,47.979991900928695,9,1.8857993785112594,-0.1172752414659004,-0.5791218499971704,-3.3946538820999805,3.4456944987420894
2026-05-30 10:35:30,-2148746.23376423,4426641.344198226,4044656.858971386,39.60860468112785,115.89250743438875,47.694596572082936,7,1.8836096538808376,1.8976380206178924,-1.1180331314416334,-4.137569579834498,4.687271079025364
2026-05-30 10:36:00,-2148739.765940982,4426641.4756311625,4044656.875637687,39.608620274234376,115.89243901441897,48.30009832789537,10,1.8812664905035905,-3.9674349746547195,0.6044510397447325,-2.9898587218733494,5.004513614161133
2026-05-30 10:36:30,-2148740.302978587,4426640.752565115,4044656.0800437354,39.60861711763066,115.89244831661905,48.15243460254632,8,1.8787708256136275,-3.186072352651981,0.24592543565946112,-3.5520349912247147,4.777916798681449
2026-05-30 10:37:00,-2148745.842684201,4426644.749171144,4044658.425856275,39.6085990410117,115.89248602422101,48.589189576927424,8,1.8761236574436293,0.024338092764088715,-1.7685126257579489,-3.235601534407659,3.6874580051420063
2026-05-30 10:37:30,-2148747.368403257,4426639.57682274,4044656.28143704,39.608606922320476,115.89252830666297,48.63796483761846,11,1.8733260448255689,3.6258958153239678,-0.9014103322349314,-3.4747425521788,5.102303093169377
2026-05-30 10:38:00,-2148742.663640882,4426638.751760672,4044657.765097041,39.60863324058475,115.89248321865902,48.64000406616062,12,1.8703791067671924,-0.2442220720783086,2.0124055105107255,-2.498276683230923,3.2172669682821566
2026-05-30 10:38:30,-2148742.135004417,4426640.860455412,4044652.7908681645,39.60858910147617,115.89246695884319,48.51825423874996,8,1.8672840220044313,-1.649130832765859,-2.894334463507718,-3.192034736467222,4.613663430403316
2026-05-30 10:39:00,-2148742.9777920456,4426642.651938718,4044659.4596918607,39.60862417983045,115.89246667791052,48.66745145947356,12,1.864042028529923,-1.687654004669777,0.9922775614810995,-3.006593932177278,3.5878124075126947
2026-05-30 10:39:30,-2148740.5320525356,4426640.77494712,4044657.9008402377,39.608629099169406,115.89245060240552,47.90953437321554,10,1.8606544230978324,-3.0769393361268316,1.5314535271407648,-3.8444069520425015,5.15677907195075
2026-05-30 10:40:00,-2148740.8272022605,4426637.813997616,4044651.4228938636,39.60859852394425,115.89246874992722,47.77747297239956,12,1.857122560705164,-1.5396623901325839,-1.8690514923021821,-4.222597902504244,4.867673654087652
2026-05-30 10:40:30,-2148740.105835198,4426639.843641001,4044655.32581814,39.60861703873797,115.89245087317866,48.10702808127128,11,1.853447854049784,-3.0831132599095463,0.17965217209640727,-3.121663630078371,4.391200985575939
2026-05-30 10:41:00,-2148746.8803560724,4426641.003167679,4044657.4323243746,39.60860881020143,115.89251594162195,48.28657209489051,8,1.8496317729653597,2.4665439369207793,-0.7399363050791445,-3.1785686796689716,4.090799870405222
2026-05-30 10:41:30,-2148744.153938207,4426644.70322261,4044655.558179271,39.60858354223024,115.89246856794215,48.11242382236129,12,1.845675843833444,-1.5994980365371867,-3.5506836164318587,-2.60528962776432,4.685432974381374
2026-05-30 10:42:00,-2148746.2585214265,4426644.859693005,4044655.901685299,39.60857987104184,115.89248981821073,47.494244275238486,8,1.8415816489729444,0.20287189533159142,-3.963968761814864,-4.881027583488099,6.291155348688441
2026-05-30 10:42:30,-2148748.020778427,4426641.952292394,4044653.07559503,39.60857076521504,115.89252306165665,48.34117292500185,9,1.837350826007217,3.030799222913459,-4.980278659788963,-4.238572214972042,7.207941029191012
2026-05-30 10:43:00,-2148744.6855034963,4426640.012011947,4044660.584147306,39.608641321325976,115.89249798994967,48.123946222095974,11,1.8329850672090382,0.8717745555069547,2.8461074410186358,-3.834158266729571,4.853976519904243
2026-05-30 10:43:30,-2148746.2884387686,4426643.26557287,4044651.8450323273,39.60855977269771,115.89249823734605,47.71949086773839,10,1.8284861188237163,0.8778961008024437,-6.210910829676845,-4.199697802021062,7.548746685795051
2026-05-30 10:44:00,-2148748.5931362235,4426643.369372781,4044655.8468933804,39.60858132697027,115.89252185165925,48.14464604022504,8,1.8238557803706223,2.8822221655548104,-3.823284691917457,-3.070876837819493,5.688145128257723
2026-05-30 10:44:30,-2148745.387962809,4426640.218608394,4044658.7505710083,39.60862574624884,115.89250429784344,48.07749185763305,11,1.8190959039233996,1.3659535676806358,1.1025802360843695,-3.4452410190790284,3.8666779030077
2026-05-30 10:45:00,-2148747.3530775364,4426644.366090806,4044655.6854419378,39.608578172440666,115.89250379373566,47.93641815927249,12,1.8142083933691628,1.3076692209873595,-4.1825636693721915,-4.193720519749368,6.065569176725031
2026-05-30 10:45:30,-2148745.687007464,4426640.366508731,4044654.1093224124,39.60859194535898,115.89250667835026,48.108489937273816,9,1.8091952036469676,1.539133727503215,-2.657996497897365,-3.514423401379426,4.667445753100504
2026-05-30 10:46:00,-2148745.3316264083,4426645.024443378,4044656.4040025794,39.60858483334334,115.89247927110246,48.3535673548836,7,1.8040583399658616,-0.8198912870479957,-3.451431949989404,-3.7061692255392154,5.130330842774063
2026-05-30 10:46:30,-2148746.6622626763,4426640.953373603,4044658.753929107,39.60861880659597,115.89251391024618,47.86853975489686,8,1.7987998570028263,2.1270265086481226,0.31582299676381886,-4.169443055862599,4.691294206278002
2026-05-30 10:47:00,-2148743.3096655114,4426638.535491054,4044653.1783580203,39.60860082606849,115.89249108557487,48.35174887179654,12,1.793421858080935,0.1598130621925833,-1.683565483300693,-3.9492298891478317,4.2960853889031885
2026-05-30 10:47:30,-2148745.5456687016,4426642.150130365,4044656.566125062,39.608600215457415,115.89249612847452,47.318400008690276,9,1.7879264943280493,0.5756989670559848,-1.7546665658563694,-5.082227343924843,5.407339348824047
2026-05-30 10:48:00,-2148747.5974259647,4426638.877136036,4044649.7521224716,39.60856452035088,115.89253426347622,48.0453076032683,9,1.7823159638164023,3.821469249187617,-5.719919489347075,-3.9350127176221488,7.924987777589763
2026-05-30 10:48:30,-2148742.49598361,4426641.5493676355,4044656.3210012172,39.60860921750495,115.89246723720369,47.53501249981653,9,1.7765925106833913,-1.925797531323622,-0.7614038855207896,-4.140267098878863,4.629281116825496
2026-05-30 10:49:00,-2148745.3048085514,4426640.336041392,4044655.930552553,39.60860572848924,115.8925028296659,47.781623707833496,10,1.770758424233958,1.1024881278884822,-1.1513251132215077,-3.974262192133896,4.282031008796467
2026-05-30 10:49:30,-2148742.1593992184,4426642.117014348,4044655.4489793587,39.60860107012689,115.89246082506263,47.867556612647725,8,1.7648160380248954,-2.5050683979023285,-1.6708154238184165,-4.289387587648886,5.240785984536554
2026-05-30 10:50:00,-2148744.979679464,4426637.931467165,4044654.106330911,39.608606219668275,115.89251165062032,48.02529751561259,9,1.7587677289314563,1.8258489009499528,-1.1013996782118038,-3.723313581492613,4.290672381619524
2026-05-30 10:50:30,-2148742.0446357694,4426635.189472408,4044658.482764796,39.60865810837352,115.89249484792846,48.12230760794176,10,1.7526159161966348,0.3734251943041555,4.656292311248822,-4.1613081736187345,6.255956376075689
2026-05-30 10:51:00,-2148747.6499619666,4426642.0748441145,4044655.10232181,39.6085851624317,115.89251855413934,48.209681578231134,8,1.7463630604635019,2.3851569217137465,-3.4424321858004747,-3.4640287600826545,5.434961650804337
2026-05-30 10:51:30,-2148744.496866582,4426640.21860135,4044654.461596344,39.608598129804314,115.89249496348067,47.300452389796796,12,1.7400116627909796,0.3522174561856366,-2.0045491956642687,-4.638119330134885,5.065019796096657
2026-05-30 10:52:00,-2148750.2196182497,4426642.647302614,4044656.2127065784,39.60858352522705,115.8925425609113,47.80183641122843,7,1.733564263653455,4.407009854539551,-3.6269228411616625,-4.554425857474158,7.30199288173976
2026-05-30 10:52:30,-2148742.2626238842,4426639.095035594,4044655.461237476,39.608616446049616,115.89247727245096,47.36145769820881,10,1.7270234419246175,-1.191797951861366,0.026252878287780446,-4.822404456797511,4.967560398889965
2026-05-30 10:53:00,-2148746.9622980733,4426641.859059261,4044653.968908776,39.60858010400228,115.89251244795612,47.970091446866945,10,1.720391813845949,1.8006965688321661,-4.008519829670823,-3.9392756314242905,5.901578759806683
2026-05-30 10:53:30,-2148744.376979637,4426641.270199514,4044653.351748418,39.60858529648134,115.89248836049654,47.12613427285312,9,1.7136720319802607,-0.27476787934034086,-3.4327298594159315,-5.227875117812189,6.260176508907933
2026-05-30 10:54:00,-2148746.1051455745,4426639.354161059,4044656.8744753976,39.60861534919626,115.89251620599393,47.561018615146956,12,1.7068667841507026,2.0908799389827024,-0.09722337671298309,-4.4939949812704985,4.957541950997915
2026-05-30 10:54:30,-2148743.2914524963,4426639.566746896,4044652.964221119,39.60859407569191,115.8924856510787,48.40549841205612,7,1.6999787923656713,-0.5376644134457684,-2.4586968531509505,-3.9538392121302097,4.68690918970688
2026-05-30 10:55:00,-2148745.2510197465,4426641.833273422,4044657.758190125,39.608610875803464,115.89249465312078,47.739483130252914,11,1.693010811730042,0.21655771550587644,-0.5937685669581456,-4.2785622343294625,4.324991693435142
2026-05-30 10:55:30,-2148741.925263937,4426639.845489162,4044653.9099177145,39.60860263359551,115.89246992264961,47.873203994476164,8,1.6859656293431637,-1.9138991994331565,-1.508307365491862,-3.8454653982459286,4.552538345087782
2026-05-30 10:56:00,-2148741.403305104,4426643.809049377,4044655.649603433,39.608595648663105,115.89244430122126,48.249947350089165,9,1.6788460631840558,-4.120543018421108,-2.283058247356006,-4.09371881375874,6.240974559602169
2026-05-30 10:56:30,-2148745.7564645926,4426638.965592478,4044654.0679704407,39.60859869204388,115.89251452928397,47.84146779878291,7,1.6716549609842577,1.8695182138962123,-1.944436118901594,-4.1308851570666025,4.9335729804526
2026-05-30 10:57:00,-2148747.1894099354,4426639.475678272,4044655.877281458,39.60860507770707,115.89252694597336,47.624543503731985,12,1.6643951990887684,2.9157709918164803,-1.2345905104949593,-3.9116547046672223,5.032591453105237
2026-05-30 10:57:30,-2148744.2140438017,4426640.456149326,4044654.9173650057,39.60860078510885,115.89249079297973,47.42125135176874,10,1.6570696813055503,-0.19146684934282832,-1.709801936583594,-4.7922012880227225,5.091686891558526
2026-05-30 10:58:00,-2148741.429878041,4426641.86110109,4044657.677867294,39.608619717051326,115.89245448445156,47.45891928511237,11,1.6496813377440445,-3.3119919623801244,0.3931404544667185,-5.1053899234849744,6.098266675591578
2026-05-30 10:58:30,-2148743.339070156,4426642.271581248,4044655.027635776,39.60859439699502,115.8924723963983,47.567514851405804,11,1.6422331236431655,-1.7957644329684959,-2.4156594356900847,-4.952421324272403,5.795399673970832
2026-05-30 10:59:00,-2148745.482826472,4426639.050618746,4044656.7007327387,39.60861725632709,115.89251123053332,47.94757065924917,9,1.6347280181892458,1.5096701521015223,0.12368212061376482,-3.99096633220629,4.268748469974528
2026-05-30 10:59:30,-2148744.888559064,4426639.196938715,4044656.9246440595,39.608619545617294,115.89250426146556,47.74041652460379,9,1.6271690233243998,0.8982023551794024,0.37997808262713506,-4.312801571197819,4.4216974349963385
2026-05-30 11:00:00,-2148745.0209582364,4426641.088831299,4044650.85801235,39.608567270275756,115.89249602850896,47.732954555616224,11,1.6195591625457872,0.17867381806485927,-5.420171339052532,-4.702224324927881,7.177819674517593
2026-05-30 11:00:30,-2148746.4935817337,4426638.192569836,4044656.934656673,39.60862077432808,115.89252618137884,48.29797192849057,9,1.6119014796962585,2.741785571552514,0.5214203498522902,-3.778985121479531,4.697871416926744
2026-05-30 11:01:00,-2148746.779024062,4426636.661262804,4044656.9351595566,39.60862794368623,115.89253695781544,47.81072845742017,7,1.6041990377468514,3.647922408895578,1.3200889966416067,-4.115028752361169,5.655389862170059
2026-05-30 11:01:30,-2148748.483893608,4426638.362901577,4044661.1167560513,39.60864402549725,115.89254616416072,47.66447507535002,8,1.5964549175716471,4.419819864461351,3.1082675101212596,-4.406937661399292,6.972605976263253
2026-05-30 11:02:00,-2148749.105451335,4426642.875836332,4044652.493604096,39.60855925510688,115.892529727775,48.016956159849016,9,1.5886722167154628,2.998875953949927,-6.297921178015729,-3.8170491911455984,7.951536498017435
2026-05-30 11:02:30,-2148742.9835936427,4426638.573094432,4044653.8102099774,39.608605843287,115.89248747870458,48.13246115368244,8,1.5808540481548727,-0.6294409292105888,-1.1230818689704076,-4.241793875514886,4.432868602849756
2026-05-30 11:03:00,-2148741.2879672535,4426640.512727093,4044654.0080844103,39.608601475253764,115.8924598540879,47.761486924066084,11,1.5730035390530603,-3.007092227978882,-1.60415608061366,-4.338273758939932,5.516932082783654
2026-05-30 11:03:30,-2148742.3688570336,4426638.78801681,4044657.7064899933,39.608633382487355,115.89247994638694,47.62224793810203,7,1.5651238295089942,-1.3041292890185336,1.941549943832893,-4.724286191684355,5.271550948991479
2026-05-30 11:04:00,-2148745.2831805255,4426640.542469356,4044656.646177789,39.608609699615066,115.892501553467,47.11012975578922,7,1.5572180713014294,0.5284123164388562,-0.6830207428547903,-4.599644901643378,4.680007492787603
2026-05-30 11:04:30,-2148743.417471547,4426637.583206265,4044654.3644749736,39.60861370925691,115.89249705702642,47.77270027876379,7,1.5492894266282426,0.1287185202620036,-0.23349792829965232,-4.316780116440265,4.325006394639515
2026-05-30 11:05:00,-2148751.996027329,4426643.311741534,4044660.478957919,39.60860535390367,115.892557790569,47.82867099689449,10,1.5413410668415883,5.307299082459135,-1.1562657759852821,-4.210941382533057,6.872874320291026
2026-05-30 11:05:30,-2148742.2964650104,4426639.948753454,4044656.5314244465,39.6086194152417,115.89247328597585,47.157767893752904,7,1.5333761711794043,-1.9343084389708562,0.4094422250283549,-5.6030865573733575,5.941697656573251
2026-05-30 11:06:00,-2148748.7968622157,4426641.479039479,4044654.7672590157,39.60858303221312,115.89253359766107,47.11387338250614,7,1.525397925493758,3.208291960112222,-3.6239520547113315,-4.755311587292286,6.785215846854356
2026-05-30 11:06:30,-2148744.6560957795,4426637.935695661,4044654.7959170365,39.60861180409523,115.89250823951893,48.034673078384365,8,1.5174095209765488,1.0247727225656769,-0.4249295723636932,-4.40635465044544,4.543862407675436
2026-05-30 11:07:00,-2148748.4443520503,4426647.085379654,4044657.320665564,39.608572833571024,115.89250139804801,48.08165733363876,10,1.509414152883073,0.42478473766800956,-4.745093286174264,-3.8796608334877383,6.143949914407711
2026-05-30 11:07:30,-2148738.7075748495,4426636.03809334,4044656.8694897247,39.60865085152524,115.89245557648992,47.99050793624605,9,1.501415019253964,-3.5085825679345275,3.92068420953857,-4.27343095148266,6.778209822956878
2026-05-30 11:08:00,-2148744.3952626837,4426642.921820355,4044656.075058185,39.60859570139894,115.89248015388924,46.93323809832019,11,1.5065846803639797,-1.4216307568201394,-2.1949759606706962,-5.150930941180031,5.776767524962818
2026-05-30 11:08:30,-2148746.1759132016,4426639.154688986,4044650.478499922,39.60857169656642,115.89251796157073,47.43386078228176,12,1.514581746197574,1.7967860547204466,-4.853290114180755,-5.333864049564325,7.4318887746034825
2026-05-30 11:09:00,-2148746.4259058945,4426642.661588608,4044659.0582038783,39.60861272503171,115.89250274846557,47.66676445517683,7,1.5225729795271083,0.4811206217267536,-0.2926907000953691,-4.406582811558725,4.4424224217984785
2026-05-30 11:09:30,-2148745.0493829395,4426640.390654012,4044661.058937781,39.60864176789161,115.89249987634203,47.534053648751986,8,1.530555183965801,0.22087469504504276,2.9377230992674406,-4.75769759962184,5.595952920488891
2026-05-30 11:10:00,-2148746.4368696166,4426638.892901334,4044654.501492611,39.608600383113256,115.89252202627183,47.15469120785971,10,1.5385251667383042,2.1004893087196654,-1.6491153227683188,-5.064752103121019,5.725674680760657
2026-05-30 11:10:30,-2148742.9870562297,4426641.510203386,4044658.683395669,39.608624629713326,115.89247258042316,47.22477993136218,9,1.5464797399577743,-2.1424374420269316,1.0493438960095707,-4.587426141720487,5.1706517394649545
2026-05-30 11:11:00,-2148744.5485751014,4426639.998308578,4044660.9698511246,39.6086444174732,115.89249662527783,48.09250628509732,9,1.5544157219009829,-0.10063759113774107,3.25308546820673,-4.279092633645077,5.376181428813891
2026-05-30 11:11:30,-2148742.0891463137,4426644.315887767,4044654.890145231,39.608586043847154,115.89244890837864,47.602108751327044,12,1.5623299382809641,-4.195568547346136,-3.21887423308456,-5.232232590870068,7.439099720319575
2026-05-30 11:12:00,-2148742.9536326607,4426643.789856229,4044656.462971744,39.60859753476298,115.89246063878313,47.43877435911297,8,1.570219223516688,-3.206708990861508,-1.9356583047126203,-5.049846386027335,6.287344761276281
2026-05-30 11:12:30,-2148745.7190590417,4426639.888956312,4044652.8272651113,39.608585402018015,115.89250944234723,47.5071360393338,9,1.5780804219992504,0.9525880729742854,-3.2744583540439303,-4.861639215616957,5.938437287028096
2026-05-30 11:13:00,-2148746.6399029572,4426640.63237147,4044651.4583231783,39.608569752367615,115.89251530825054,46.95629137492303,8,1.58591038935407,1.4400916343412824,-5.0034256797511585,-5.23188143753653,7.381105325392153
2026-05-30 11:13:30,-2148746.868984025,4426638.401005147,4044656.6848771567,39.60861702640968,115.89252905393795,47.90546472914015,7,1.5937059936986047,2.6015259631268153,0.25234491293662287,-4.335485581340571,5.062415482545845
2026-05-30 11:14:00,-2148741.158247248,4426644.305774642,4044649.422254203,39.608550376059846,115.89243920846067,47.827211622997936,9,1.6014641168950563,-5.095695220037774,-7.137285143961582,-4.564305165878056,9.886345667080006
2026-05-30 11:14:30,-2148746.3248217604,4426641.981230642,4044649.7627638755,39.608551801810144,115.89250514906209,47.36537027123186,9,1.6091816557975869,0.5294243619194781,-6.970262466567731,-4.7725556381492416,8.464167787034166
2026-05-30 11:15:00,-2148745.6799710225,4426641.990540408,4044655.522985787,39.60859344315037,115.89249834679559,47.52818882245782,10,1.6168555234935345,-0.06607391714451316,-2.339104950049619,-4.846740287561469,5.382069225209286
2026-05-30 11:15:30,-2148745.6641822364,4426644.189278583,4044655.4097936894,39.60858138225625,115.89248700130928,47.587902741798395,10,1.6244826505381376,-1.050003320739103,-3.6686923802114735,-5.116111841708478,6.382508216293544
2026-05-30 11:16:00,-2148742.888679873,4426645.152307933,4044652.0031792945,39.60855965648507,115.89245303063505,47.78776617722385,9,1.6320599861822718,-3.968665727553131,-6.070879418432028,-4.6129342998938485,8.59564118756324
2026-05-30 11:16:30,-2148747.057798842,4426633.644725685,4044654.2488041217,39.60862407664809,115.89255521650631,46.864809816733455,9,1.639584499592711,4.756374582114187,1.0893326345684142,-4.959503926181549,6.957472525847865
2026-05-30 11:17:00,-2148746.4925320502,4426639.090658764,4044657.054301354,39.60861698864679,115.8925216037917,47.554199745895524,11,1.6470531810644133,1.868510262046521,0.312337464143279,-4.634472158131191,5.006717235412221
2026-05-30 11:17:30,-2148745.8354738182,4426640.675340832,4044652.9986046175,39.60858225738765,115.89250666321837,47.28441671089123,12,1.654463043224373,0.5775154987708211,-3.5328617160914035,-5.406180836096776,6.483936095376391
2026-05-30 11:18:00,-2148742.7202048153,4426639.666962046,4044654.8890486048,39.6086083794122,115.89247915757846,48.25838305622971,9,1.6618111222265228,-1.7878996826162115,-0.6231502336812649,-5.034280484777718,5.378557565765187
2026-05-30 11:18:30,-2148746.498840446,4426641.388376079,4044656.6777890488,39.60860253116216,115.89250998647543,48.042566650083124,10,1.6690944789372348,0.8353416910951826,-1.2619445212825087,-4.1683718234073925,4.434593935621769
2026-05-30 11:19:00,-2148747.5713694836,4426642.844313004,4044659.5497280876,39.60861234404208,115.89251381828738,46.85964736866798,12,1.676310200110935,1.149992950693827,-0.16216016603899486,-5.525743130305861,5.646469414441001
2026-05-30 11:19:30,-2148743.410019194,4426636.856707313,4044658.7030287334,39.60864765275596,115.89250067305314,47.97995152881846,11,1.6834553995553618,0.012933085700959857,3.7678534572355327,-4.086960359248091,5.558788709599672
2026-05-30 11:20:00,-2148744.0759213413,4426637.667652918,4044656.0219587833,39.60862316279833,115.89250352502123,47.840622366193614,9,1.6905272192860061,0.24400122739910468,1.0604046926152269,-4.689377702535474,4.813964888543491
2026-05-30 11:20:30,-2148744.1273049945,4426642.407555151,4044657.74050943,39.6086106045161,115.89247996190711,47.22266436167475,8,1.6975228306692651,-1.7837444064349297,-0.3224395269191416,-5.387548379541756,5.684310767182837
2026-05-30 11:21:00,-2148745.8384009814,4426641.25871136,4044648.9001900456,39.60855073243014,115.89250372756874,47.47836640737002,12,1.7044394355538601,0.2360033361763646,-6.956928987453082,-4.663835395104161,8.37889724867048
2026-05-30 11:21:30,-2148743.760604474,4426640.847842072,4044656.4753532326,39.60861074250235,115.89248405144643,47.69700729284889,11,1.7112742673900552,-1.4591203785567421,-0.28431354618581306,-4.5832328610560085,4.818287032787479
2026-05-30 11:22:00,-2148749.5692137843,4426639.097113605,4044658.056570199,39.60861624503193,115.89255379977051,47.360143346529256,12,1.718024592336247,4.493120862429906,0.3381483521807105,-5.056140943682671,6.772520995528156
2026-05-30 11:22:30,-2148745.9364107233,4426641.05329262,4044654.6049334775,39.60859123727621,115.89250579874825,48.02759367974261,9,1.7246877103524598,0.37598295944643645,-2.425849411604644,-4.166680797824894,4.836045639211792
2026-05-30 11:23:00,-2148741.9667479363,4426640.8073753,4044660.6516674887,39.60864448897601,115.89246546622506,47.75027147121145,8,1.7312609562803283,-3.0852563718807646,3.497132686733847,-4.929990716054063,6.786276767803713
2026-05-30 11:23:30,-2148745.5624098866,4426640.440897114,4044657.067771126,39.608612458218474,115.89250499491887,47.50685374133917,9,1.7377417009091227,0.28306211046906216,-0.04605941548744963,-4.871238554229613,4.879673214504354
2026-05-30 11:24:00,-2148744.028808181,4426638.966671539,4044656.5529834325,39.60862029164394,115.89249642627189,47.50278548546607,7,1.7441273520274005,-0.46160824809807477,0.8358495998745035,-4.7931508025639875,4.887332743372641
2026-05-30 11:24:30,-2148744.1072486904,4426638.13604482,4044653.2375720516,39.608601301302585,115.89250147150882,47.028070383046675,11,1.7504153554598554,-0.041947247822002987,-1.2595044824207404,-5.358032586510691,5.504236941752074
2026-05-30 11:25:00,-2148751.3199021304,4426640.203597766,4044658.4126327117,39.60860865711801,115.89256651229847,46.7818263102463,12,1.7566031960889543,5.5084376785143245,-0.4302619537809824,-5.571386640995214,7.846550841637849
2026-05-30 11:25:30,-2148746.1310650525,4426640.237174317,4044658.7743980475,39.608623960610025,115.89251198757269,47.349745570885055,8,1.7626883988609467,0.8341416562653158,1.2813440487578467,-4.683609058938474,4.926847743839334
2026-05-30 11:26:00,-2148743.9863678594,4426640.0538827265,4044652.776967958,39.608588530891446,115.89249045346921,46.88074192100836,11,1.7686685297758604,-1.0187900898202882,-2.638266811871492,-5.404052721345151,6.099358231225358
2026-05-30 11:26:30,-2148737.2658731667,4426637.913811325,4044654.0538521428,39.608625210609645,115.89243093676127,46.81194065736659,12,1.7745411968610627,-6.119726980457152,1.446437437944788,-5.244004309310777,8.187968049112888
2026-05-30 11:27:00,-2148747.045444851,4426638.168377738,4044660.2142150146,39.60864233914896,115.89253208525902,47.82086091099553,12,1.7803040511280213,2.518967608636438,3.3611265504567385,-4.376043629188252,6.065651436251829
2026-05-30 11:27:30,-2148752.8018068993,4426639.257112046,4044659.998123607,39.60862085740627,115.89258684819248,48.2072943741356,10,1.785954787511866,7.191069858182529,0.9902381478229381,-3.504641977033944,8.060680658719429
2026-05-30 11:28:00,-2148740.339093484,4426641.095387396,4044657.96998403,39.60862841347193,115.89244695175562,46.79734863501137,9,1.7914911457933858,-4.783252844923427,1.842708301967213,-6.1049922786050335,7.9715752763449474
2026-05-30 11:28:30,-2148740.457806385,4426645.728680817,4044657.4501841203,39.60860066146486,115.89242463606494,48.16382603147515,11,1.796910911503085,-6.702364880790467,-1.2238577663498658,-3.7993768152755614,7.800947827793862
2026-05-30 11:29:00,-2148741.4578580353,4426644.973606954,4044652.438974516,39.60856718158655,115.89243895116644,47.498705899077635,8,1.8022119168069433,-5.488809032887239,-4.9260596940820145,-4.91664141287201,8.863771854686469
2026-05-30 11:29:30,-2148745.682257324,4426640.511723875,4044660.717422657,39.60863718816284,115.89250589020415,46.74986366190897,12,1.8073920413735163,0.22509147875228985,2.858890661625738,-5.393260824521249,6.108288165292578
2026-05-30 11:30:00,-2148744.9101267904,4426644.174157106,4044662.0015748614,39.60862920783601,115.89247917933253,47.40987217463967,12,1.8124492132220458,-2.069466722560997,1.9874485468683274,-5.071304702845327,5.826729411199521
2026-05-30 11:30:30,-2148746.0415937793,4426636.736405582,4044652.1639378606,39.6085962013952,115.89252885100908,48.16093034663179,11,1.8173814095512204,2.168072435412169,-1.6617405143627366,-4.099065420038047,4.925876261135706
2026-05-30 11:31:00,-2148745.169233704,4426640.382125483,4044657.0003080163,39.608613273166064,115.89250117516669,47.587792728398675,11,1.8221866575482704,-0.20872329285942237,0.24790153369675894,-4.660572577182616,4.671825909703603
2026-05-30 11:31:30,-2148747.390576925,4426639.189264516,4044654.6672282508,39.60859762956551,115.89253050958744,47.375579892247636,8,1.8268630351780657,2.289934213418736,-1.4737151451677517,-5.274597824198578,5.936077597026749
2026-05-30 11:32:00,-2148746.024432325,4426639.610904463,4044657.6303344807,39.60861948894859,115.89251405502259,47.82114063156136,10,1.8314086719519056,0.8730301860139631,0.9676447257568268,-4.818322086577843,4.991467294391543
2026-05-30 11:32:30,-2148746.857398553,4426639.210811658,4044657.6688848673,39.60861973536331,115.89252481488366,47.64935830695256,7,1.8358217496756881,1.7835510822307465,1.0101083192230182,-4.4720334319706465,4.919395927972578
2026-05-30 11:33:00,-2148739.3537365412,4426641.858438715,4044659.051640014,39.60863447439306,115.89243275000852,47.59092978697032,8,1.840100503177164,-6.09897578308147,2.661393214762734,-4.5454238166422005,8.058622532362309
2026-05-30 11:33:30,-2148741.3133620624,4426647.580692319,4044659.345071519,39.608602180224686,115.8924241811256,47.0843445324107,8,1.8442432210119826,-6.841081040254867,-0.9078680422407992,-5.326116108566057,8.717346326915296
2026-05-30 11:34:00,-2148743.3686232814,4426638.785701803,4044657.030222599,39.608626192121136,115.89249043090143,47.303403239770354,9,1.8482482461482441,-1.1848172035809652,1.7729805176871696,-4.664721479050716,5.129023123277646
2026-05-30 11:34:30,-2148749.9725323217,4426640.157504195,4044655.555076336,39.60859237692435,115.89255263273971,47.33161479186744,9,1.8521139766292944,4.125433857586903,-1.9648438857902586,-4.726888968263472,6.574442586801
2026-05-30 11:35:00,-2148749.626948613,4426641.636236074,4044659.2697323896,39.608611477754295,115.89254149365104,46.899165108939656,7,1.8558388662144834,3.1639901388901075,0.17114280846656393,-5.449652563375158,6.3038747228498355
2026-05-30 11:35:30,-2148743.8699170076,4426638.468076423,4044654.0175747657,39.60860561283441,115.89249729710507,47.972134456036116,8,1.8594214249976415,-0.6242519268261124,-0.463938872325662,-4.355006170661962,4.423913255467911
2026-05-30 11:36:00,-2148746.302656278,4426643.6359198615,4044658.044840164,39.60860096898632,115.89249650314459,47.67835249422091,7,1.8628602200030224,-0.7007075580067144,-0.9633540204965346,-4.684492027384234,4.833581240165621
2026-05-30 11:36:30,-2148744.261384201,4426643.763155502,4044658.8090128703,39.60861072940672,115.89247447348714,46.95758596113196,10,1.866153875758474,-2.593005293283653,0.1362298845765918,-5.096314336022615,5.719672616854781
2026-05-30 11:37:00,-2148746.795281911,4426644.607078029,4044655.8621917665,39.60857955542571,115.89249672536208,47.28540481204797,7,1.8693010748456085,-0.6983498245341369,-3.3077818441992046,-5.7543602188086265,6.673962446256947
2026-05-30 11:37:30,-2148744.5926445886,4426644.173840729,4044659.2371691787,39.60861076810347,115.89247585525789,47.66979589105289,7,1.872300558426754,-2.4911689565495543,0.1732461244284007,-4.882651572054399,5.4841793701328685
2026-05-30 11:38:00,-2148750.886763075,4426639.03263425,4044659.8932404444,39.608626065446465,115.89256792919757,47.62693700005583,8,1.8751511267484697,5.374734603651335,1.8877901453550119,-4.548088423395828,7.289487773473094
2026-05-30 11:38:30,-2148741.898957801,4426647.302238583,4044659.453824732,39.60860290706649,115.89243173121879,48.139327385985055,9,1.8778516396214342,-6.280180531379395,-0.6661352549170578,-4.22593740276446,7.59887824725754
2026-05-30 11:39:00,-2148744.7137906807,4426640.565425682,4044659.178172895,39.60862862076343,115.892495472275,47.49195100422002,9,1.8804010168765048,-0.8368768964723583,2.2048533130521633,-5.079993160562365,5.600720630712329
2026-05-30 11:39:30,-2148745.2524229977,4426637.101948213,4044657.531711651,39.608633639716146,115.89251872558832,47.95505766185328,8,1.882798238796771,1.1442269140041856,2.7788362874262167,-4.623095906067572,5.5140005531145
2026-05-30 11:40:00,-2148747.2982552135,4426637.511767991,4044654.300146012,39.608603936950566,115.89253807221716,47.119750178100134,10,1.8850423465254267,2.791410444793983,-0.5011828834836431,-5.048596004875353,5.790637112999337
2026-05-30 11:40:30,-2148741.763006427,4426637.369749451,4044653.1062384844,39.608610184935294,115.89248081156478,47.3820027647203,9,1.887132442449302,-2.112414693820321,0.20943736899555843,-4.804641090930858,5.252688441442253
2026-05-30 11:41:00,-2148742.526004547,4426639.351203664,4044651.278581995,39.60858536797687,115.89247872885555,47.729485838047964,8,1.8890676905578943,-2.2974565431527747,-2.528047390733755,-4.397822850154865,5.568678119519524
2026-05-30 11:41:30,-2148742.7202352523,4426641.8959317785,4044655.675316555,39.608602381753585,115.89246782408065,47.64293057157634,11,1.890847316777764,-3.236761046243151,-0.6222193492984143,-5.19813341831623,6.155028027859368
2026-05-30 11:42:00,-2148747.536032457,4426641.056083019,4044652.501328413,39.60857259130802,115.89252254088728,47.82022144755677,12,1.8924706092821502,1.4358215131001575,-3.911561270710451,-4.277065414748296,5.971196157725787
2026-05-30 11:42:30,-2148741.461002638,4426637.889886112,4044656.8792788987,39.608634515244205,115.89247500323422,47.96903054719664,7,1.8939369187756954,-2.6358536551640226,2.9794893874064803,-4.8972112233706575,6.309339051550243
2026-05-30 11:43:00,-2148744.4438616787,4426636.858580726,4044658.7270607995,39.60864522830195,115.89251149322642,47.555139138861854,12,1.8952456587541524,0.4783794420110734,4.1862262246354245,-5.05034239999681,6.577179885906248
2026-05-30 11:43:30,-2148747.630933191,4426636.073132463,4044654.2565609184,39.60861020477295,115.8925488722441,47.57355828406111,9,1.8963963057389797,3.6688106747166556,0.3162930860269314,-4.898434916508898,6.128203465491078
2026-05-30 11:44:00,-2148749.1068734764,4426639.305984627,4044657.514725788,39.6086125549995,115.8925478946075,47.16906379259091,12,1.897388399486725,3.579293762113056,0.5949354214691783,-5.309835888453351,6.431146799251851
2026-05-30 11:44:30,-2148742.1791242356,4426642.799885102,4044656.9343298683,39.60860784224452,115.89245755944225,47.69358273222255,12,1.898221543173117,-4.151578897555241,0.08967285533268243,-5.113259853300371,6.5870384006002904
2026-05-30 11:45:00,-2148744.9936830127,4426641.3082891265,4044654.8231479772,39.60859379805524,115.89249462690103,47.28501040480638,10,1.8988954035517895,-0.987270114355516,-1.451295438871906,-4.69529888350125,5.012663197841846
2026-05-30 11:45:30,-2148741.072691607,4426640.138563524,4044654.843034852,39.60860974747398,115.89245950157225,48.04062449055784,10,1.8994097110875758,-3.996449500243348,0.33710765227021344,-4.13110695017555,5.757716110664294
2026-05-30 11:46:00,-2148750.217730968,4426639.428789966,4044656.32717065,39.60860088596295,115.89255890659831,47.65130662316361,12,1.899764260064319,4.499091633238057,-0.6284241596161555,-4.241347311331715,6.214963351782754
2026-05-30 11:46:30,-2148748.1849352266,4426638.670341539,4044656.568480733,39.60861154418078,115.89254146924944,47.803795694709436,7,1.8999589086671553,3.0028765308726038,0.5728096270481636,-4.552585277530076,5.483740606346013
2026-05-30 11:47:00,-2148743.728371548,4426632.208129018,4044658.4968384258,39.608669340534846,115.8925276449059,48.01507203879115,11,1.899993579039239,1.8158099766969416,7.00644961394645,-3.941586706983106,8.241577994104553
2026-05-30 11:47:30,-2148742.607157737,4426635.3930444075,4044659.680423251,39.60866398918134,115.89249970533699,47.98536964288245,11,1.899868257312884,-0.5781608523426945,6.430764511728458,-4.174743754263168,7.688789735078409
2026-05-30 11:48:00,-2148749.249646852,4426642.988855821,4044658.0381487478,39.6085968915337,115.89253066356845,47.630751550894395,11,1.8995829936151092,2.0647719393229065,-0.9986914248717842,-4.84311825089541,5.35877431094872
2026-05-30 11:48:30,-2148743.490598886,4426644.567039267,4044654.4389356263,39.60857811207778,115.89246231180373,47.109920203913696,11,1.8991379020475907,-3.784743778289341,-3.064762914129764,-4.894858294150906,6.904831272880095
2026-05-30 11:49:00,-2148742.0279497323,4426641.702794902,4044649.265314767,39.60856050464999,115.8924615543172,47.921185542020545,10,1.898533160641021,-3.8536635922652906,-5.000676770838559,-4.1553587501473,7.558074992429032
2026-05-30 11:49:30,-2148745.1605961015,4426636.08045754,4044661.7085401556,39.608668186431636,115.89252295774922,47.76702489928405,12,1.8977690112838994,1.3933720279119544,6.970571465455755,-4.1994583891800765,8.256258409573212
2026-05-30 11:50:00,-2148748.8045808785,4426637.753954885,4044659.8167303554,39.60863731231668,115.89255261978549,47.58152359392049,11,1.8968457596257802,3.9261807872168797,3.5621723493412265,-4.689683159004064,7.077930174293081
2026-05-30 11:50:30,-2148746.354973889,4426637.152965953,4044652.4565349207,39.60859531132041,115.89253001560255,47.84091851406822,12,1.8957637749550171,1.989555311838023,-1.0812561047407876,-5.116028237276586,5.594746645516085
2026-05-30 11:51:00,-2148748.2171653435,4426643.938039113,4044655.8042694903,39.60857904353738,115.89251502175487,47.33376634965436,7,1.894523490051052,0.7039203116044377,-2.868246089968754,-5.040462167728857,5.84196870087612
2026-05-30 11:51:30,-2148744.3215268957,4426639.971289838,4044653.7921544705,39.60859518229056,115.89249438428979,47.84796482385583,11,1.8931254010113094,-1.0641533345080287,-1.0580614565202413,-4.853628495014807,5.080317503142692
2026-05-30 11:52:00,-2148743.876524173,4426643.079126263,4044654.332955716,39.608584066319786,115.89247392014295,47.58925816901095,8,1.8915700670527644,-2.817222074858323,-2.273104785276468,-4.892818836580512,6.086330729718266
2026-05-30 11:52:30,-2148745.5707634077,4426637.209780888,4044659.5995809734,39.60864667774492,115.89252151195805,48.026329690356455,12,1.8898581102882632,1.2497902224496371,4.695636516113255,-4.480806217026378,6.609735414230223
2026-05-30 11:53:00,-2148738.4232401187,4426642.836287088,4044656.945441007,39.608617112566655,115.8924180307443,47.69282269224826,8,1.8879902154776853,-7.602226775690762,1.4328158065383634,-4.731734388544455,9.068413500068791
2026-05-30 11:53:30,-2148738.1204959895,4426643.844818191,4044661.843843098,39.6086467619287,115.89240973129532,48.04778515129849,7,1.8859671297540503,-8.314462378468702,4.742847315014116,-4.1020952158163215,10.41403238213379
2026-05-30 11:54:00,-2148744.7054361664,4426640.323056127,4044655.065941611,39.60860127640828,115.8924966171562,47.37104633058941,11,1.883789662324673,-0.8866130638139877,-0.2870576168939504,-4.595492806514037,4.6890339021023
2026-05-30 11:54:30,-2148741.917561367,4426639.267151563,4044656.724720095,39.608625213396515,115.89247278268274,47.97383518256595,9,1.8814586841474936,-2.9269769513095962,2.3889686921588655,-3.8535853849069324,5.3967106467163095
2026-05-30 11:55:00,-2148746.148822646,4426636.883392932,4044658.097688714,39.60863646342251,115.89252922685178,47.332146064544105,11,1.8789751275827031,1.8979809827779446,3.656772233850239,-5.079604313045169,6.540389511210466
2026-05-30 11:55:30,-2148745.3317546654,4426639.587081284,4044652.2856437434,39.608584153975684,115.89250692023144,47.753462470336366,11,1.8763399860198138,-0.011355009172526298,-2.1304984107555707,-4.25109054708533,4.755094452687936
2026-05-30 11:56:00,-2148747.343445179,4426641.070750157,4044657.3326957943,39.60860661271636,115.89252044892166,47.65753171144776,7,1.8735543134803163,1.1439999717307046,0.3815243078476139,-4.25033128365547,4.41810058210752
2026-05-30 11:56:30,-2148740.0234575686,4426641.666800467,4044656.5556864124,39.60861642132913,115.89244073990255,48.280048801003225,12,1.8706192241960844,-5.6738069636133535,1.489404629256114,-3.956526358197989,7.075628059268828
2026-05-30 11:57:00,-2148746.7731516985,4426643.386070984,4044656.252407958,39.60858860797296,115.89250270209412,47.49307145297149,11,1.8675358921636978,-0.37622297545483696,-1.578734556169486,-4.445544515921958,4.732527080656545
2026-05-30 11:57:30,-2148747.2710283576,4426639.189009516,4044655.482763485,39.60860360381511,115.89252925859094,47.92525525347058,10,1.864305550674859,1.8937820756329125,0.10496356108998295,-4.139917581869438,4.553717765059324
2026-05-30 11:58:00,-2148746.374405904,4426641.251110768,4044656.6088038296,39.60860306819516,115.89250938096531,48.101068337767146,11,1.8609294918230928,0.19309748787391978,0.06468291506682806,-3.316889845236566,3.3231353816476106
2026-05-30 11:58:30,-2148744.8114370448,4426642.1392732095,4044654.277587005,39.60858618178012,115.8924884924701,47.70508234709332,7,1.8574090659869258,-1.593845980352852,-1.7905252161336005,-4.149383791771701,4.792046682797959
2026-05-30 11:59:00,-2148746.3217387665,4426638.135132614,4044654.7969416925,39.608606625148354,115.8925246733479,48.021008411722235,8,1.8537456812897553,1.4997619248643563,0.4978806031148095,-4.444943274161172,4.717487852315196
2026-05-30 11:59:30,-2148742.912527111,4426637.869893809,4044654.4040881256,39.60861377093752,115.89249030989174,47.520487988535855,10,1.8499408030366151,-1.4391367416613206,1.3102603885082111,-5.178157381190903,5.531836106689631
2026-05-30 12:00:00,-2148740.225446532,4426639.622225004,4044661.5540288594,39.60866121409628,115.8924532519816,48.31811194071226,7,1.8459959531280754,-4.608268080946856,6.595650678568467,-3.590031338517287,8.810622429267443
2026-05-30 12:00:30,-2148744.5176527277,4426646.3802347435,4044661.1617131312,39.608612993905496,115.8924638506931,48.398457932132,8,1.8419127094515024,-3.701792045469398,1.2624088830490232,-3.9655449956083704,5.569783447145515
2026-05-30 12:01:00,-2148748.1347195846,4426637.862158017,4044657.608150404,39.608623061644685,115.89254505267554,47.96697709976215,8,1.8376927052499241,3.242604966040509,2.39912426420203,-3.9475301321151344,5.643870865357431
2026-05-30 12:01:30,-2148743.7591038714,4426642.787179498,4044653.393845759,39.60857932749703,115.89247417462752,47.734863624160546,9,1.8333376284687553,-2.8181394924917056,-2.43617560887169,-4.047106415309083,5.500539258403552
2026-05-30 12:02:00,-2148742.2307324624,4426639.311391315,4044652.4265144016,39.608594297395214,115.89247583826084,48.3308862633263,7,1.8288492210806415,-2.6751973132653113,-0.7553349724536144,-3.5784893810601193,4.531313036623433
2026-05-30 12:02:30,-2148747.032972095,4426643.3347189035,4044654.091358874,39.608573187050006,115.89250568487293,47.99922638185568,11,1.8242292783886922,-0.12196277923636667,-3.0794126926283383,-4.1894241449240655,5.200858786499813
2026-05-30 12:03:00,-2148745.905786813,4426644.65062097,4044654.2158903615,39.608570098203025,115.89248718633759,47.48619490515876,12,1.819479648308388,-1.7028417866873515,-3.40311821030422,-4.186361216975163,5.657429093040984
2026-05-30 12:03:30,-2148742.394128698,4426644.216104805,4044649.9159955094,39.60855118619106,115.89245261049902,47.622617615303355,10,1.814602230628432,-4.65840633488672,-5.48321190076116,-4.3059735470122975,8.384972899009943
2026-05-30 12:04:00,-2148743.2738375138,4426643.536727375,4044657.8380448604,39.60860760496466,115.8924652800908,48.39862422201942,9,1.809598976250865,-3.573527763914479,0.7983919917073667,-3.5257455864383127,5.083149849471223
2026-05-30 12:04:30,-2148740.3491988806,4426647.1344473,4044653.483784777,39.608566102311684,115.89241635039004,48.10940723262974,10,1.8044718864107292,-7.756209336597416,-3.7893048348024383,-4.303217450329793,9.64548053904008
2026-05-30 12:05:00,-2148748.3505697087,4426639.728016411,4044653.55014919,39.6085846875805,115.89253782624684,48.583076849849654,10,1.7992230118756,2.6337559101004437,-1.707267460662813,-3.8690774327057063,4.982087168697437
2026-05-30 12:05:30,-2148744.6718512666,4426642.097020718,4044653.173274692,39.60857906415814,115.89248724512805,48.170295044569095,8,1.7938544521253077,-1.689776992767217,-2.3124226725403343,-3.8154916907634493,4.770809338471715
2026-05-30 12:06:00,-2148746.015609719,4426643.391719003,4044661.7822141494,39.608628946351345,115.89249473798775,48.10041283110335,10,1.7883683545121725,-1.0468498802689776,3.243514835641566,-3.6666405281817718,5.00604993220715
2026-05-30 12:06:30,-2148746.141772327,4426641.986951718,4044658.4157832884,39.608612435881724,115.89250320249573,47.52485835799108,12,1.7827669134020914,-0.3206457289147865,1.429833424953384,-4.611185529522144,4.838415990203781
2026-05-30 12:07:00,-2148748.1312713283,4426644.5071459515,4044660.4506015554,39.608608658355124,115.89251122821719,47.68177208663866,10,1.7770523692968256,0.36821988984394705,1.0294726108269439,-4.19325966961966,4.333454326582698
2026-05-30 12:07:30,-2148747.485319369,4426643.546886925,4044657.7237421055,39.608596239222265,115.89250934446292,47.76886140947565,10,1.7712270079378234,0.20984787060688648,-0.3301453045019203,-4.301244459222932,4.318997099892391
2026-05-30 12:08:00,-2148744.2101350785,4426644.457197461,4044656.9827474016,39.60859457962072,115.89247040759665,48.37806164046497,7,1.765293159391958,-3.1169867892632155,-0.4954967730425592,-4.060813362903749,5.143085539330904
2026-05-30 12:08:30,-2148745.5655896505,4426641.514069196,4044658.372868003,39.608616009335286,115.89249957138144,47.45104524922495,12,1.759253197119531,-0.6199188501218488,1.902021601015115,-4.293293270766263,4.736491598247734
2026-05-30 12:09:00,-2148750.92386242,4426643.338704485,4044656.7418283564,39.60858189058201,115.89254642235935,47.31268410730302,12,1.7531095370249192,3.389876496683753,-1.8663869108725635,-4.282909194794101,5.772172375691599
2026-05-30 12:09:30,-2148746.072134439,4426635.868105664,4044658.1803377555,39.60864245378339,115.8925335860522,48.252357233042815,7,1.7468646364902463,2.2956160797335317,4.874851885334757,-3.0135521253392,6.173777652428
2026-05-30 12:10:00,-2148744.8511856794,4426640.965868546,4044655.3037809734,39.60859925990337,115.89249487534873,48.45925910772457,11,1.740520993392462,-1.0111458820847854,0.09900229141471717,-3.638830433733395,3.77800269640279
2026-05-30 12:10:30,-2148743.068042761,4426642.829909692,4044654.2649928173,39.608586894872744,115.89246671836119,47.80884318866871,7,1.7340811451042244,-3.4152108371925047,-1.2549000638220418,-4.1226373740965485,5.498597834989878
2026-05-30 12:11:00,-2148742.591235065,4426639.453175088,4044654.2742532827,39.60860552382449,115.89247889365541,47.59345761397907,10,1.7275476674789843,-2.370025175987311,0.8314718998446862,-4.170180812806371,4.868138542250356
2026-05-30 12:11:30,-2148750.231486086,4426639.108345971,4044653.7184389303,39.608584349189336,115.89256068007667,48.32170848473733,9,1.7209231738206823,4.628230409899309,-1.5004146783515755,-3.3967072348199228,5.9337493183658845
2026-05-30 12:12:00,-2148746.568212559,4426640.615448837,4044655.387804832,39.60859735920028,115.89251464332848,47.61110256485221,12,1.7142103138384548,0.6956955726883085,-0.03786860008055787,-4.089421681235884,4.14834859283695
2026-05-30 12:12:30,-2148745.859194616,4426639.574835174,4044658.1945802,39.608624013140755,115.89251250753162,48.6463326004969,9,1.7074117725867917,0.5175891304057123,2.9390879408627475,-3.042353646886392,4.261695923545214
2026-05-30 12:13:00,-2148740.906747503,4426642.514267199,4044657.2120779664,39.60861442206526,115.89244568335822,48.211712763217825,9,1.7005302693915472,-5.192252178226727,1.892779349141249,-3.938395436558345,6.786240119649419
2026-05-30 12:13:30,-2148748.5262996727,4426642.135976328,4044658.9297863734,39.608609290121365,115.89252742308803,47.95534921641722,10,1.6935685567622474,1.8027268530857548,1.3413633700219176,-3.7276653540191007,4.352535903220946
2026-05-30 12:14:00,-2148742.904655874,4426643.049546931,4044657.3543872847,39.608607668383584,115.8924638900474,47.86216827891857,12,1.6865294192911222,-3.6253133321143753,1.1795066491340838,-3.928442050925689,5.474193058235979
2026-05-30 12:14:30,-2148747.5473270873,4426641.160761855,4044655.916841735,39.60859578911674,115.89252212693124,48.420064603320824,9,1.6794156725393063,1.3601422127195586,-0.1210120325066536,-3.3697654178544756,3.6359248785145435
2026-05-30 12:15:00,-2148744.601993716,4426641.488112172,4044657.894780016,39.608615223010524,115.89248960952278,48.049758079454946,7,1.6722301619106508,-1.4152018685700014,2.0541512770763344,-3.849706498686693,4.587218538934996
2026-05-30 12:15:30,-2148749.4430740546,4426641.72396238,4044653.1543562626,39.608568935819875,115.8925391214633,47.175952167885306,11,1.6649757615136036,2.8244794108854188,-3.06580721574662,-4.538464053952964,6.1623464520962195
2026-05-30 12:16:00,-2148739.5147641036,4426639.689208311,4044652.642701007,39.60860064080315,115.89244546684867,47.9210095075099,7,1.6576553730115986,-5.178745763553438,0.47128158583637736,-3.5263545273776264,6.2830478487297725
2026-05-30 12:16:30,-2148743.7909733336,4426637.433345938,4044661.4881410245,39.608663112797906,115.89250173153708,47.51939673282585,7,1.6502719244624324,-0.3612463672100503,7.423422083452663,-3.980434371273778,8.430987614208243
2026-05-30 12:17:00,-2148742.211423484,4426640.18467119,4044654.480570431,39.60860414429245,115.89247119556013,48.26361481606325,7,1.6428283691470802,-2.966450140700849,0.8955779221492036,-3.736349930678057,4.854090754856474
2026-05-30 12:17:30,-2148746.549666524,4426641.457827369,4044659.576246041,39.60862221387866,115.8925101657431,49.08852348545799,8,1.6353276843884221,0.37243069338612056,2.918870258004097,-2.71140671971442,4.001279120999868
2026-05-30 12:18:00,-2148744.6759370253,4426642.192849325,4044657.393906171,39.608607927385016,115.89248680065988,48.18393796842191,11,1.6277728703603538,-1.6192018734018625,1.3505435220531004,-3.067999069236929,3.722687309004929
2026-05-30 12:18:30,-2148747.4981291685,4426642.446494918,4044657.7341307267,39.60860194115088,115.89251507390026,47.67141058695845,7,1.6201669488877566,0.8052562452059755,0.7034488676148607,-3.8533291206348013,3.998927761503579
2026-05-30 12:19:00,-2148741.28608395,4426640.824241139,4044650.9799081134,39.60857880759946,115.89245825038071,47.78565822103834,10,1.6125129622378078,-4.0472807114633325,-1.8470972319740733,-3.819085776410194,5.863247010772109
2026-05-30 12:19:30,-2148742.6655024947,4426647.852859858,4044658.470341456,39.60859131670488,115.89243696113272,47.68858169057452,11,1.604813971903118,-5.860888615770934,-0.4414101358273922,-3.6722532354362207,6.930389750919949
2026-05-30 12:20:00,-2148752.541656076,4426639.838150725,4044656.6797311683,39.608595428798,115.89258116860515,48.29712738993876,7,1.597073057377168,6.478345362557181,0.03210440637971135,-3.3298764599171364,7.284096825810693
2026-05-30 12:20:30,-2148742.5720850443,4426642.330408882,4044651.024496219,39.60856815664433,115.8924640629609,48.74052006074195,9,1.5892933149225574,-3.5287978015064714,-2.9781390902515565,-2.9031454002951533,5.4543541854243545
2026-05-30 12:21:00,-2148749.4432149623,4426642.241186191,4044652.383871276,39.60856091338143,115.89253649296704,48.061969636467516,12,1.5814778563325393,2.67262030623966,-3.7652848008829,-4.071446299465886,6.156049374600468
2026-05-30 12:21:30,-2148739.9454917675,4426637.3933720905,4044654.6965646273,39.60862566788029,115.89246165262364,47.865177550774455,11,1.573629807686345,-3.7198200445701683,3.439209527234908,-3.577492091683664,6.201908819248194
2026-05-30 12:22:00,-2148744.7894994705,4426642.61635618,4044660.8339577713,39.60862940008292,115.89248583680889,48.433208552693685,8,1.565752308098794,-1.6438817633808183,3.8701150462770038,-3.025615046500108,5.180201167233135
2026-05-30 12:22:30,-2148742.0917231617,4426642.634730584,4044653.4837307967,39.60858490154908,115.89245748367297,48.429264064715454,10,1.5578485084646894,-4.060581665461263,-1.0527075050539887,-3.1404776392954408,5.240144688459645
2026-05-30 12:23:00,-2148743.5616150987,4426643.192246238,4044656.0251338477,39.60859604469469,115.89247004622284,48.92420502611092,10,1.5499215701985019,-2.9781611554406298,0.20057766228813,-2.93336220545403,4.185007657671676
2026-05-30 12:23:30,-2148743.460056002,4426642.413484733,4044651.296180311,39.60856740184049,115.89247294220002,47.92043097095153,9,1.5419746639698455,-2.7222313543888172,-2.9625042116332665,-3.872961734966721,5.584514961147374
2026-05-30 12:24:00,-2148743.8821358564,4426640.50640868,4044658.800909457,39.60862837653464,115.8924870606241,48.43834172770238,8,1.5340109684352576,-1.5064408113626828,3.8218383767141555,-3.146089878350165,5.174330296620182
2026-05-30 12:24:30,-2148744.738199586,4426643.026794308,4044659.015672902,39.60861476512954,115.89248321244673,48.18097497632212,10,1.5260336689667688,-1.8269315211850714,2.3269982171540082,-2.920867307157155,4.157410890416898
2026-05-30 12:25:00,-2148742.3877521544,4426642.736475575,4044659.9484350355,39.60862861909593,115.89246006728183,47.87746655621666,8,1.5180459563778046,-3.7974744773581515,3.880686254993674,-3.437407041201529,6.426220147394987
2026-05-30 12:25:30,-2148741.713233828,4426639.348123016,4044657.0778470193,39.60862776409716,115.89247023059035,48.45258031709998,11,1.5100510256468986,-2.9194441034241367,3.8015488313911066,-2.492313208765479,5.402458007338504
2026-05-30 12:26:00,-2148742.2046215744,4426642.018639817,4044658.1950624487,39.60862057013533,115.89246179898765,48.02779529326411,12,1.5020520746397459,-3.6314295151403124,3.018653910474226,-3.7769167071419734,6.0468712213294005
2026-05-30 12:26:30,-2148743.9953740756,4426639.625489866,4044660.373128479,39.608643565393194,115.89249272609521,48.771930105812075,10,1.5059476971699024,-0.9774500317366901,5.586627525772006,-2.941249383873577,6.388799857124357
2026-05-30 12:27:00,-2148740.6765939435,4426639.30326063,4044659.731420186,39.60864904705762,115.89245959970165,48.074636495295714,12,1.513945089979984,-3.800941497814458,6.210455187408934,-3.482471440796466,8.07121535089887
2026-05-30 12:27:30,-2148741.36679768,4426642.8069885615,4044657.1721987496,39.60861148953261,115.89244901404943,48.29304877307615,7,1.521936904940007,-4.696682001809446,2.056793528582193,-3.0151200694707403,5.948123273660661
2026-05-30 12:28:00,-2148744.2014668426,4426643.479038721,4044654.988878031,39.60858576098454,115.89247529051183,49.026239370129225,9,1.529919945430541,-2.4399613909196236,-0.7839931770557662,-2.1365529438619904,3.33660236959302
2026-05-30 12:28:30,-2148742.032214136,4426638.374725425,4044654.4082901836,39.60861340133905,115.8924785214839,48.93086807306885,7,1.5378910183418302,-2.153860567751273,2.2990246462796176,-2.9587365095537623,4.321892109074605
2026-05-30 12:29:00,-2148741.3281350844,4426642.581387381,4044659.1684782337,39.608626636623306,115.89244975618215,48.946011596839035,7,1.5458469353509892,-4.603819247962512,3.7829338625210385,-2.6681001677171348,6.5287440431595005
2026-05-30 12:29:30,-2148743.804112356,4426641.609402922,4044656.608572556,39.608607642441285,115.89248063483109,48.26905094566587,8,1.5537845141972921,-1.9531016543472595,1.6892243827827285,-2.788768120369326,3.8006989773974413
2026-05-30 12:30:00,-2148742.056332173,4426638.806499844,4044655.5715395394,39.608619213278395,115.89247657864652,49.10411608076999,10,1.5617005799550336,-2.289741337956365,2.9880819786266075,-2.1643919531712754,4.342365925701319
2026-05-30 12:30:30,-2148743.280517714,4426638.917981671,4044658.1199810496,39.60863331393224,115.89248883536443,49.156619704169415,10,1.5695919663034565,-1.2312206150790916,4.5675970966882,-2.4596385668601557,5.331854210333971
2026-05-30 12:31:00,-2148743.4237531004,4426642.562977738,4044659.7599697765,39.608625613042,115.89247180178195,48.38098388686725,9,1.5774555167932385,-2.677360284996012,3.7269866214934044,-3.341732988090283,5.676783132739487
2026-05-30 12:31:30,-2148742.8907259777,4426643.937700252,4044657.827922766,39.60860642830529,115.89245922807078,48.53480290083748,7,1.5852880861090308,-3.7419704778621936,1.6115129444654135,-2.668237632839182,4.870196001463498
2026-05-30 12:32:00,-2148746.358281082,4426645.600091885,4044653.912294038,39.60856197059315,115.89248709844884,48.994736336193206,12,1.5930865413275377,-1.347813871298954,-3.309419269996729,-2.3765859022188423,4.291505410332941
2026-05-30 12:32:30,-2148744.88210173,4426636.443843986,4044653.562919153,39.608610336391294,115.8925181927236,48.99267596597929,10,1.6008477631706508,1.3221730931717774,2.0728978953580195,-2.3537815081289355,3.40372366106546
2026-05-30 12:33:00,-2148744.5461276257,4426644.6143263765,4044652.4478276838,39.60856137878589,115.89247312821426,48.82095138193108,7,1.6085686472531147,-2.5205280080125094,-3.3478449693694268,-2.346189777504179,4.802679861303769
2026-05-30 12:33:30,-2148748.0897879605,4426639.769356774,4044653.570053111,39.6085852646715,115.89253488430398,48.91260748217879,8,1.6162461053242398,2.7718095992132734,-0.6831245206500431,-1.8397452517012602,3.396211147169965
2026-05-30 12:34:00,-2148744.3264044877,4426636.669955032,4044656.88996545,39.60863370994146,115.8925112219615,48.75051910717548,12,1.6238770665031628,0.7596046613052653,4.707521475957069,-2.6131475501941455,5.437490028235397
2026-05-30 12:34:30,-2148744.137412787,4426636.890147925,4044654.328592127,39.60861522740143,115.89250812260296,49.18586829251033,11,1.6314584785071566,0.5059990750326546,2.6690125441865153,-2.264046600569562,3.536321540034145
2026-05-30 12:35:00,-2148743.167049196,4426643.174845728,4044656.4021710325,39.6085997430137,115.89246600154992,48.593071880582805,9,1.638987308872504,-3.084472826503787,0.9631286182039496,-2.5825974090397428,4.13659264731524
2026-05-30 12:35:30,-2148744.600242884,4426647.6867539575,4044651.0424216613,39.608535657060735,115.89245807249087,49.147558967197085,10,1.6464605461674418,-3.750845541732665,-6.137700802953435,-2.465378011288524,7.603834701192287
2026-05-30 12:36:00,-2148748.449621308,4426644.051363583,4044658.4011079837,39.60859594829072,115.89251688054152,48.38821892757263,8,1.653875201196695,1.2900186440904475,0.5671634985158596,-2.6324071585361297,2.9858650311864343
2026-05-30 12:36:30,-2148744.851742228,4426642.90002816,4044655.6020252593,39.60859138217809,115.89248504640422,49.23665518203499,7,1.6612283081971104,-1.4203845495992873,0.07268737958186344,-1.6875313953095297,2.206929526298059
2026-05-30 12:37:00,-2148746.9503127174,4426641.0693144305,4044652.611779361,39.60857475456755,115.89251633808853,48.52721022688873,11,1.668516926023929,1.2676215731707392,-1.7607921779616196,-2.7168849829391286,3.4768833108487884
2026-05-30 12:37:30,-2148741.905596561,4426643.648480171,4044664.3246247154,39.60865557969543,115.89245037927576,49.13822073132627,7,1.6757381393272004,-4.360761592100988,7.222803304468407,-1.9245823689931922,8.653851543285356
2026-05-30 12:38:00,-2148745.0711947167,4426643.067711246,4044657.8306397186,39.60860547768601,115.89248649257775,48.461128178752126,11,1.682889059717885,-1.2601942233097687,1.6733058928580746,-2.5207744195925392,3.2775517945577874
2026-05-30 12:38:30,-2148744.540583953,4426636.142186583,4044653.8013260555,39.6086144001948,115.89251614912368,49.116105033158185,12,1.6899668269231705,1.2883293686209045,2.6753476456201133,-2.0697675246953264,3.6195600828359846
2026-05-30 12:39:00,-2148742.595690805,4426640.107970691,4044653.6244689873,39.60859762259872,115.89247561083864,49.12853565020012,10,1.696968609930544,-2.1658399136321185,0.8244937243661137,-2.177600402751213,3.1800308091374414
2026-05-30 12:39:30,-2148744.972163184,4426640.656281259,4044657.025404536,39.60861252940443,115.89249771679413,48.45028607437708,12,1.7038916081201587,-0.26279178266802933,2.4904227183725647,-2.2541442692356366,3.3693369115824403
2026-05-30 12:40:00,-2148743.5632825526,4426641.234908244,4044647.964294156,39.608550025183526,115.89248001631643,48.856761755169764,11,1.7107330523850448,-1.763735386191601,-4.4364595488715395,-2.157198893215447,5.238935283639973
2026-05-30 12:40:30,-2148737.481044419,4426639.017739029,4044658.681474549,39.60865119163322,115.8924275775001,49.23923448535778,7,1.7174902062387125,-6.235267627523437,6.803913717508559,-1.4385709510253402,9.340304633323093
2026-05-30 12:41:00,-2148742.8743787,4426639.955240147,4044654.5015062625,39.608603814679775,115.89247930674851,49.18805561931785,9,1.7241603669097152,-1.7986222097532818,1.5557787626628006,-1.7943224428828826,2.9791076584782177
2026-05-30 12:41:30,-2148751.5395847624,4426640.363057138,4044657.060211014,39.6085978780942,115.89256800269449,49.26874034896688,8,1.730740866422719,5.799383589827496,0.9073326275435518,-1.6735747742484266,6.103847560675661
2026-05-30 12:42:00,-2148741.1607359727,4426642.01978883,4044655.8098946265,39.608606575713196,115.89245085824595,49.09907397669543,9,1.7372290726656578,-4.205227571215803,1.8830896711645322,-1.7793999800725733,4.939253984605609
2026-05-30 12:42:30,-2148748.1038056165,4426647.076448958,4044655.3673274987,39.60856013902562,115.89249787617693,49.51494233201603,12,1.7436223904425425,-0.17117208971423492,-3.2612563291627517,-1.6560960849910293,3.6616590463236554
2026-05-30 12:43:00,-2148739.612303639,4426639.964902976,4044654.9701005723,39.6086151723982,115.89244508674903,49.20832362941107,8,1.7499182625115053,-4.672179536462987,2.8573778753741585,-1.8423481502839942,5.7782451185871375
2026-05-30 12:43:30,-2148746.6425586864,4426641.121680234,4044652.5424124636,39.60857477111172,115.89251284804055,49.32201190099201,12,1.7561141706076626,1.1359659834279956,-1.6174329790510409,-1.4138721841468374,2.4301322413258926
2026-05-30 12:44:00,-2148745.059614138,4426642.095132236,4044653.5317732003,39.60858059981346,115.89249131661768,48.86998730990612,10,1.762207636450388,-0.6917813007883139,-0.9609144448982476,-1.7480812095215812,2.11132798343055
2026-05-30 12:44:30,-2148740.9592448887,4426644.522071315,4044656.0704461667,39.60859601727719,115.89243602405516,49.83105679533066,12,1.7681962227345873,-5.4065659414009595,0.7597559943045002,-1.2151762205346457,5.593285054111879
2026-05-30 12:45:00,-2148744.876672031,4426640.583607758,4044651.1536541623,39.60857228709354,115.8924970860355,49.26187329485342,12,1.7740775341055948,-0.1710451532592504,-1.8651644475151223,-1.5875000141661342,2.4552497135129348
2026-05-30 12:45:30,-2148745.8626661715,4426639.571969479,4044656.269433661,39.60861062435687,115.89251255846825,49.2934472975153,11,1.7798492181172785,1.165912104316121,2.3991983913722614,-1.6644094619005185,3.1441632929951435
2026-05-30 12:46:00,-2148740.632685326,4426641.726313607,4044653.408154893,39.60859269355745,115.89244681906965,48.70553362174347,7,1.7855089661729884,-4.44198372516935,0.4176016436651204,-1.7834899210178967,4.804835777197137
2026-05-30 12:46:30,-2148747.0562626314,4426643.485423255,4044653.8135045157,39.60857042022482,115.89250516254701,49.66450901579845,12,1.7910545144489645,0.5613187208120097,-2.0462221660545943,-1.0787248162479888,2.380283825172209
2026-05-30 12:47:00,-2148743.3005731804,4426641.11290449,4044654.155223074,39.60859438455736,115.89247788474863,49.02273013655904,7,1.796483644799836,-1.7573155095930124,0.6221277541038213,-1.8938064540295914,2.6573866162089677
2026-05-30 12:47:30,-2148741.3845760645,4426643.021654928,4044658.8902986813,39.6086222949064,115.89244810875176,49.36954924881349,12,1.8017941856458504,-4.289506549266644,3.728277207039751,-1.491176556426052,5.875672292697085
2026-05-30 12:48:00,-2148748.703739805,4426639.50415094,4044656.2141232095,39.60860349285749,115.89254266407582,49.38752126698126,12,1.8069840128414754,3.8107407158071056,1.6491410221227811,-0.9864048350175161,4.267833807976144
2026-05-30 12:48:30,-2148745.9049419602,4426641.130039483,4044658.2857095962,39.60861653124528,115.89250507886611,49.4546894202961,8,1.81205105052503,0.6108881986315376,3.104082708520955,-1.1598581313640663,3.369537763174263
2026-05-30 12:49:00,-2148749.6072208774,4426640.5164894145,4044659.46322977,39.60861863456772,115.89254698067359,49.46325877146015,11,1.816993271948999,4.208548855101866,3.3450204324132127,-1.045063924736689,5.476605131450245
2026-05-30 12:49:30,-2148747.870582785,4426644.409441986,4044655.338676735,39.6085742441887,115.89250899426244,49.776700645538135,11,1.8218087002907088,0.9745326978011718,-1.575055488770493,-0.9324195886933325,2.0736248602793927
2026-05-30 12:50:00,-2148748.7841880587,4426645.290865009,4044654.4578926736,39.608561299089644,115.8925140825944,49.43546216550707,9,1.8264954094430281,1.4241809108712076,-3.004919163090321,-1.528011941597122,3.6595971004006413
2026-05-30 12:50:30,-2148744.020505173,4426637.25591604,4044660.031003398,39.60865331391765,115.89250503812028,49.80131740526544,7,1.8310515247847843,0.6653107951686057,7.215554224116574,-1.4643590486093294,7.392645577773795
2026-05-30 12:51:00,-2148739.0844763573,4426640.619233129,4044657.6010444136,39.60863142972421,115.8924362305337,49.55078492747008,11,1.8354752239305878,-5.204216846705822,4.793020405399089,-0.791399779780315,7.119215631342056
2026-05-30 12:51:30,-2148746.867882409,4426640.871790151,4044656.6017180495,39.608603738082415,115.8925164789844,49.44274829471553,12,1.8397647374597625,1.6730466773955786,1.7256430408422858,-1.4661143996710473,2.8153899413890415
2026-05-30 12:52:00,-2148746.5421773605,4426643.8710362995,4044654.7979231323,39.60857656955913,115.89249781665562,49.63965932799776,7,1.8439183496240896,0.09188298200807904,-1.28388586716379,-0.6387869873446272,1.4369600612008808
2026-05-30 12:52:30,-2148747.3748490624,4426639.7876134915,4044660.2641763957,39.60863353292878,115.89252730235789,49.0058654922685,11,1.8479343990340844,2.6282221649470427,5.045006751442876,-2.0992391806943713,6.0635344485032405
2026-05-30 12:53:00,-2148744.957901558,4426642.143763696,4044657.0689563407,39.608605214781704,115.89249000387959,49.137174696165715,9,1.8518112793235284,-0.5465207638840169,1.9074315681588827,-1.4080333226454345,2.433010063736968
2026-05-30 12:53:30,-2148747.7509961016,4426644.229631744,4044652.866950322,39.60855827011978,115.89250865586642,49.66340129926057,8,1.8555474397919975,1.063470564574599,-3.297907036269386,-1.2952477050728808,3.6993008905857208
2026-05-30 12:54:00,-2148744.2308814125,4426642.700336803,4044656.4685908183,39.60859998963566,115.8924795581597,50.13735511007903,11,1.8591413860251191,-1.4098647226363967,1.338257028022825,-0.21112033305335,1.9553061663626097
2026-05-30 12:54:30,-2148745.5356493383,4426642.579000082,4044659.4728603372,39.60861825848598,115.89249384281199,49.64181923860495,9,1.8625916804923186,-0.17324858535181656,3.371175385861676,-0.5203821161968794,3.4154993926838237
2026-05-30 12:55:00,-2148740.8812612505,4426637.110993773,4044654.986656236,39.60862680207755,115.89247289082682,49.06571734081528,9,1.8658969431218124,-1.9498925453226286,4.324367460574068,-1.4359483310508265,4.956226637455578
2026-05-30 12:55:30,-2148744.060691781,4426639.002771508,4044656.013702686,39.60861627404696,115.89249657669811,49.33384678878309,9,1.8690558518526186,0.09077613470784401,3.160386215224359,-1.0661313097505924,3.3366026592393583
2026-05-30 12:56:00,-2148743.9769371655,4426640.46393889,4044657.039795657,39.60861610473725,115.89248826963512,49.84417106100803,11,1.8720671431633626,-0.6044299906288755,3.145999061398037,-0.6867791865935616,3.276325893287642
2026-05-30 12:56:30,-2148744.7428118857,4426640.737213864,4044658.2007888905,39.60862086393525,115.89249490277219,49.671942194617145,9,1.874929612577671,-0.021962922895125525,3.678451701774148,-0.9962295139954188,3.811031689296583
2026-05-30 12:57:00,-2148746.270566895,4426638.934455192,4044656.165226212,39.60861216064921,115.89252007292752,49.67241963659004,11,1.8776421151459426,2.145761900326979,2.716343450154448,-0.7260103501408603,3.5369346757614104
2026-05-30 12:57:30,-2148741.373184216,4426645.408487027,4044652.360721025,39.60856461107591,115.8924358529282,49.74503224624051,12,1.880203565903317,-5.041122190233231,-2.5579284197514394,-1.1991049920289412,5.778733729749339
2026-05-30 12:58:00,-2148743.445441718,4426645.753793018,4044653.373072687,39.60856470277105,115.892455804403,49.4277965520572,10,1.8826129403036431,-3.319607113264891,-2.544245764210022,-0.548468575210362,4.218269274611661
2026-05-30 12:58:30,-2148745.2019008165,4426643.5101257,4044654.934714877,39.608582725598126,115.89248561216894,49.495249654611385,10,1.8848692746292859,-0.7551849621973149,-0.5404342380186895,-0.7286153321192759,1.1803617220797546
2026-05-30 12:59:00,-2148744.466541403,4426642.688673983,4044655.524053467,39.608592889142585,115.89248208604414,49.546904437388484,12,1.8869716663765987,-1.0413245176606876,0.5907696705321943,-0.8923963825527975,1.4932303433480383
2026-05-30 12:59:30,-2148739.976926043,4426635.212533346,4044657.630109121,39.60865722119511,115.89247307099458,50.13763306491944,11,1.8889192746169143,-1.7968282330179373,7.7344502880278565,-0.3256400844385041,7.947097232420003
2026-05-30 13:00:00,-2148744.2181763574,4426635.081752267,4044656.360442992,39.60863846740322,115.89251816392772,49.67264978795292,7,1.8907113203329045,2.074811468258028,5.655374082610916,-1.1041407024932646,6.124314274593083
2026-05-30 13:00:30,-2148744.2658909643,4426644.245309312,4044654.085226992,39.60857537007677,115.89247206905294,50.37439415305999,11,1.8923470867301764,-1.851572840096841,-1.3460629247168545,0.00894849555767318,2.289167415252611
2026-05-30 13:01:00,-2148744.8858079487,4426640.578824705,4044658.354638135,39.608622392190846,115.8924972060567,50.04208875001639,10,1.8938259195239808,0.31355482676071966,3.8755291586784693,-0.11327484819787492,3.8898424235933056
2026-05-30 13:01:30,-2148742.9836767022,4426640.037669016,4044660.4049990885,39.60864419314878,115.89248003253319,50.28443034541138,9,1.8951472272009178,-1.1395395021440848,6.29734379531018,-0.0979818374486825,6.40036636402544
2026-05-30 13:02:00,-2148744.04263036,4426639.699291975,4044657.577793557,39.60862361816838,115.89249284584605,49.46930295381778,11,1.896310481255534,-0.028251647282314538,4.015199887850181,-0.9857611270015001,4.134531810794728
2026-05-30 13:02:30,-2148743.278172714,4426646.6141232485,4044652.9653631337,39.60855785725104,115.89244967764955,50.52626043207102,10,1.8973152164017173,-3.7042827046339797,-3.28281265144601,0.2112637296135182,4.9541095692157056
2026-05-30 13:03:00,-2148740.8702118155,4426640.367927902,4044656.258021395,39.608618918311166,115.89245621429069,49.39060882795416,11,1.8981610307588053,-3.129724624747483,3.496184467210454,-0.9710863531668348,4.7918149756455835
2026-05-30 13:03:30,-2148744.927733261,4426642.186179983,4044661.841814886,39.60863828065027,115.89248947218371,50.21976974431364,10,1.8988475860123328,-0.2700519365140156,5.64639353691063,0.13525751980976153,5.654465723545081
2026-05-30 13:04:00,-2148742.5729968613,4426639.372724872,4044659.4653479247,39.60864210210136,115.89247911167843,50.09546776055854,12,1.8993746075493525,-1.140456794688025,6.071333879568015,-0.11389742972009036,6.178568556084599
2026-05-30 13:04:30,-2148742.3393178396,4426639.6722554965,4044656.235534555,39.60861867207707,115.89247514079855,50.116302419050974,7,1.899741884568276,-1.464437950560733,3.471130186690019,-0.03140318368182341,3.7675336022308494
2026-05-30 13:05:00,-2148743.5067024184,4426640.234772634,4044660.4147470766,39.60864194059501,115.8924845090979,49.63535947349832,9,1.899949270163193,-0.6476971969908394,6.054234337391785,-0.3416941623775852,6.0983620728558305
2026-05-30 13:05:30,-2148745.626616269,4426639.655584748,4044655.8868056564,39.60860812141761,115.89250966063615,49.72479084667756,10,1.8999966813826308,1.5187702755960446,2.3003739195413573,-0.6574138915544628,2.833827155023562
2026-05-30 13:06:00,-2148746.457987798,4426642.315264939,4044655.9291554396,39.60859265537227,115.89250484550908,49.430547728604594,8,1.8998840992627333,1.1225975499762841,0.5834807633479502,-0.6176013612972401,1.4078730418209118
2026-05-30 13:06:30,-2148744.2376415734,4426643.3016081415,4044655.8230914325,39.60859238786198,115.8924765716434,50.10891811072501,9,1.8996115688348474,-1.279683503156412,0.5533946248047037,-0.005252361790303731,1.3942248980411236
2026-05-30 13:07:00,-2148746.542512594,4426640.590951122,4044655.564013259,39.608598775459605,115.89251449868226,50.72068552625039,9,1.899179199107511,1.97928999739528,1.2617951475989013,0.23702474868595064,2.359215255075886
2026-05-30 13:07:30,-2148742.350750385,4426642.35252747,4044653.799115645,39.608587900995175,115.89246163197085,50.445609204713556,7,1.89858716302285,-2.5260935219070677,0.05387655564786309,0.16856754789750625,2.532284775232341
2026-05-30 13:08:00,-2148746.740183115,4426641.93543419,4044654.5536424126,39.60858433426111,115.89250973291213,50.346024626416764,11,1.8978356973874044,1.6028983115966178,-0.34311407006733674,0.2836974622165447,1.6635788266462064
2026-05-30 13:08:30,-2148747.152477049,4426634.484679285,4044651.989686611,39.6086037999384,115.89255193728496,50.689231942183234,8,1.8969251027774092,5.2276254712411925,1.816263016533985,0.9179824504154592,5.609774611521358
2026-05-30 13:09:00,-2148742.049624822,4426643.16200953,4044655.298276281,39.608594919098806,115.89245436159108,50.19891597007911,10,1.8958557434185668,-3.101141936595656,0.8289469698051719,-0.4138426507199193,3.2365877292630767
2026-05-30 13:09:30,-2148743.7288277624,4426638.207415255,4044660.289324057,39.60865094415819,115.89249714457412,50.18488426877781,8,1.8946280470403636,0.5730357696606099,7.045956173002843,-0.4848712161174954,7.085828708161569
2026-05-30 13:10:00,-2148743.957573317,4426641.939370398,4044654.5408304418,39.608591174432945,115.89248056455175,50.07652994865275,7,1.8932425047049812,-0.8293122743671251,0.4095150001348584,0.21286743980235814,0.9490911076811527
2026-05-30 13:10:30,-2148740.6439682413,4426640.983445644,4044658.116284073,39.60862924593346,115.89245071457607,50.261626398587694,11,1.8916996706108804,-3.3664788780999175,4.633220893090034,0.19386432166624012,5.730401317191842
2026-05-30 13:11:00,-2148742.580954342,4426643.081739765,4044656.1167247966,39.60859969973591,115.89246033552043,49.96631778364387,7,1.8900001618711277,-2.5282594647968613,1.3511336293774514,0.5889226702225948,2.926514636435585
2026-05-30 13:11:30,-2148738.319628993,4426640.569622991,4044657.811339901,39.60863505838043,115.89242847086327,50.72261720574007,12,1.8881446582665598,-5.237762224736565,5.273255516491194,0.7406398422551697,7.469265307981629
2026-05-30 13:12:00,-2148740.8951565297,4426640.909333024,4044658.940058204,39.60863473159521,115.89245372266777,50.4278168382451,9,1.886133901973878,-3.0629011641279718,5.234066771736995,0.5497561283962896,6.089256959016189
2026-05-30 13:12:30,-2148743.050637725,4426642.431586347,4044661.9942293516,39.60864276652532,115.89246856142488,50.53649031771904,9,1.8839686972687901,-1.7785554106874233,6.122800917428691,0.6915378026115141,6.413281138059666
2026-05-30 13:13:00,-2148745.6723171654,4426640.686894554,4044658.7344158078,39.60862251428177,115.8925048953743,50.326556573546156,10,1.8816499102043087,1.3439489081834517,3.8714317278554766,0.6913233112403288,4.1559728358012435
2026-05-30 13:13:30,-2148743.805636218,4426640.585684982,4044657.5348578743,39.60861935072639,115.89248585617347,50.14014570248632,8,1.8791784682643438,-0.2688902514400303,3.5166803523015355,1.1217671123548705,3.7010409511303872
2026-05-30 13:14:00,-2148748.3648655214,4426640.259200306,4044652.8043463733,39.60857672969706,115.8925352750406,50.75646705749769,9,1.8765553599927185,3.9725182921859457,-1.2180766874964124,0.9481548525266522,4.261878696390127
2026-05-30 13:14:30,-2148745.5207304363,4426641.064588695,4044658.635131157,39.60862025878386,115.89250138698303,50.324319036017336,10,1.8737816345977671,1.089784609585223,3.6096036576386386,0.9899783167808505,3.8983235022536675
2026-05-30 13:15:00,-2148745.1248669648,4426641.206130588,4044658.344858407,39.60861849953383,115.89249652053084,50.65469860267525,7,1.8708584015326655,0.6888320265835748,3.410053693592125,0.6926318963327089,3.5472094240185448
2026-05-30 13:15:30,-2148742.5143576507,4426638.231391425,4044656.632952934,39.608628413505684,115.8924843008527,51.03453544777848,11,1.8677868300516636,-0.3409843340987074,4.506007051207753,0.8964385832217501,4.606948230132757
2026-05-30 13:16:00,-2148745.876227664,4426642.077555412,4044655.8993621725,39.60859512406388,115.89249996016737,49.46233601554826,12,1.8645681487424,1.0132639778372268,0.8061578341980089,-0.9474153903780458,1.6044283294514994
2026-05-30 13:16:30,-2148745.989090966,4426641.47448366,4044657.466779844,39.60860885089894,115.89250420891875,50.68859514995872,7,1.8612036450344833,1.3916754846647075,2.324892369351452,0.8610712106268199,2.8431195566587935
2026-05-30 13:17:00,-2148741.139188673,4426641.52997487,4044658.738342524,39.60862952534452,115.89245312312718,50.15541385670791,11,1.8576946646845371,-2.9619702564991988,4.614589405224484,0.7403601665618246,5.533157900821865
2026-05-30 13:17:30,-2148742.1266965643,4426641.341632146,4044652.5575794596,39.60858502332807,115.89246442514062,50.16196837805922,9,1.8540426112379154,-1.9804902895832237,-0.3305223675572635,0.8393631219414299,2.1762622252532813
2026-05-30 13:18:00,-2148739.968856657,4426642.359921463,4044657.818777242,39.60862177988645,115.89243664358534,50.7975374557482,8,1.8502489454673041,-4.3413479431592235,3.743846918403042,1.3860695334479547,5.897870841546244
2026-05-30 13:18:30,-2148744.1223062593,4426641.634373805,4044657.9347068327,39.60861594630127,115.89248384099986,51.47309565444877,10,1.8463151847884296,-0.29033377983102726,3.09049032964296,1.971146785028206,3.6770700060584454
2026-05-30 13:19:00,-2148743.7688939315,4426643.885869061,4044658.5921231615,39.60860981894191,115.89246869059104,50.236341956503146,11,1.8422429026531137,-1.5711355892823025,2.4043057057957204,0.5789651411416589,2.9299067564495096
2026-05-30 13:19:30,-2148743.7850828734,4426641.418765751,4044655.1908532465,39.60859880655385,115.89248140484146,50.845391864705185,7,1.8380337279199148,-0.46911356980750096,1.1756646672230735,1.073757541718529,1.6598825890802325
2026-05-30 13:20:00,-2148744.465648357,4426641.507272868,4044658.1445784783,39.608617203006,115.89248808385204,50.859519088995185,11,1.833689344202604,0.11673463426445513,3.211187564134411,1.6135760412829276,3.595689111685079
2026-05-30 13:20:30,-2148745.1117340764,4426643.040536365,4044657.6917058905,39.608604549577954,115.89248705541313,51.28102037468167,11,1.8292114891967435,0.0434056472369026,1.7999573659278552,1.3969521832869716,2.2788606740562782
2026-05-30 13:21:00,-2148744.4293796956,4426638.737832712,4044654.3374082055,39.60860505299809,115.89250178593029,50.03385518047011,7,1.8246019539846339,1.3176586388594342,1.8489218862587562,1.0439316860725274,2.498905719556815
2026-05-30 13:21:30,-2148747.123660096,4426639.632513102,4044655.8141707056,39.60860399586998,115.89252545976007,49.82240129184895,8,1.819862582318897,3.356642583382996,1.7244511184928593,0.4593324583955557,3.8015480267894883
2026-05-30 13:22:00,-2148747.866722306,4426642.0841685925,4044661.4442532803,39.608628699215075,115.89252077732948,50.57613599149013,7,1.8149952698850118,2.9706321822111823,4.459179470084645,1.5459896518102942,5.576649631446974
2026-05-30 13:22:30,-2148743.5272042193,4426640.460222931,4044652.8524613227,39.60858811225647,115.89248357749294,50.701377968444945,9,1.8100019635430518,-0.19622060970398802,-0.053528238512707826,0.9251370785775209,0.9472309191268137
2026-05-30 13:23:00,-2148746.5118196267,4426643.552912335,4044657.1312874365,39.60859451733335,115.89249911624279,49.748809663276525,9,1.8048846605489808,1.146863140627512,0.6496687305351116,0.2385365886436761,1.3395014844660929
2026-05-30 13:23:30,-2148742.7310842094,4426639.93040071,4044651.876715235,39.60858603747295,115.89247793201454,50.874095352799124,11,1.799645407755763,-0.6505447843495634,-0.29957248133302006,1.263912856752969,1.4527311855542628
2026-05-30 13:24:00,-2148743.5717918114,4426640.633034768,4044658.4210223886,39.60862585692107,115.8924831658462,51.20680464251855,12,1.7942863007946617,-0.1888555326857828,4.112200557906721,1.667928256129113,4.441603821624379
2026-05-30 13:24:30,-2148742.052136143,4426643.375948121,4044654.3565496067,39.60858725970356,115.89245330006857,51.22021194570599,12,1.7888094832370096,-2.728837462277621,-0.18048410337716114,1.4977422360312886,3.1180699499359585
2026-05-30 13:25:00,-2148749.397328163,4426640.166535522,4044659.1628082544,39.60861886904438,115.89254656145191,49.83013945218,11,1.7832171457368022,5.260482746999293,3.319552602710454,0.835352685631743,6.276139125531806
2026-05-30 13:25:30,-2148745.5030388073,4426639.773997641,4044654.958352665,39.608601360776674,115.8925077640353,50.52713031294045,12,1.7775115251544806,1.9565319841304565,1.3673293946651632,1.1501057657129965,2.6495943747613784
2026-05-30 13:26:00,-2148746.2160970457,4426641.266811276,4044659.139224358,39.60862098904392,115.89250764281756,51.05723056496357,11,1.7716949036621994,1.9599416025003094,3.5370574654687585,1.4531076183625367,4.29693708934434
2026-05-30 13:26:30,-2148744.1595870974,4426642.008315071,4044651.0268493937,39.60856586544366,115.8924823301151,50.939692840320184,9,1.765769607831006,-0.19102135347634153,-2.5908745603279666,1.5449909968221478,3.0226010860019326
2026-05-30 13:27:00,-2148745.6125057223,4426639.462177992,4044652.4614387774,39.60858531859567,115.89251049625726,50.44388894215523,11,1.7597380077002254,2.231240303057426,-0.44098856010649135,0.9876699032625901,2.479595942475976
2026-05-30 13:27:30,-2148744.6056785816,4426641.290432261,4044655.7737037386,39.608601472787434,115.89249065328124,50.99567422253051,11,1.7536025158294941,0.54784480396519,1.3425127311636749,1.9545987772471047,2.433707201489958
2026-05-30 13:28:00,-2148742.506563161,4426636.437229121,4044654.6706778295,39.60862401095469,115.89249334213217,51.03502830516077,7,1.7473655863337507,0.7911941226646291,3.834436565846363,1.8925055056120885,4.348616907248875
2026-05-30 13:28:30,-2148746.954389745,4426639.253389049,4044655.9494398544,39.60860731044085,115.89252561438721,50.639796418778936,7,1.7410297139016377,3.5643114463506853,1.9706694751320855,1.2864022068332133,4.271145619684401
2026-05-30 13:29:00,-2148746.8775610286,4426639.8926976565,4044655.1948770974,39.60859896287805,115.89252155884454,51.60040605108738,11,1.7345974327976528,3.230709672262175,1.033884067112546,2.3808473370033716,4.144253285308898
2026-05-30 13:29:30,-2148744.7917894428,4426646.297734008,4044655.178355204,39.60857110250641,115.89246714182114,51.42607059748392,9,1.7280713158484708,-1.4097224030798465,-2.0690175339742574,2.0860382503588712,3.2587890989750217
2026-05-30 13:30:00,-2148743.4643967706,4426642.589623157,4044658.828967174,39.60861889667841,115.89247209204594,51.1697872047634,11,1.7214539734138619,-0.9733866462822202,3.2255422936313902,1.422743318395626,3.657294519341421
2026-05-30 13:30:30,-2148745.8309408776,4426641.848092096,4044656.455821325,39.60860028953555,115.89250065255067,51.43893526124321,10,1.7147480523425656,1.4819097764352345,1.1493647829847393,2.2648529434041023,2.940519485585176
2026-05-30 13:31:00,-2148744.0162911178,4426640.217861735,4044653.8928740113,39.608595376766964,115.89248993312356,50.30411642403251,7,1.7079562349136037,0.5780238531602837,0.5930729795050749,0.4499256192452322,0.9424861785164246
2026-05-30 13:31:30,-2148745.5546027105,4426640.870499701,4044655.863916367,39.60860189113483,115.89250272870153,51.02516669420015,11,1.7010812377633868,1.6849473364277652,1.3050050664982336,0.996514820848381,2.3526851761958207
2026-05-30 13:32:00,-2148743.4420625134,4426640.564869459,4044655.6537008802,39.60860727706256,115.89248215351299,50.35749112101696,9,1.694125810799112,-0.06198496674588205,1.8914936492038852,1.1219347107904631,2.2000745115467337
2026-05-30 13:32:30,-2148746.318382263,4426641.79043269,4044654.4076806232,39.60858511817904,115.89250605177304,51.206103208068654,12,1.6870927360988295,1.9941780185058908,-0.5796768309132214,2.1910608817384363,3.018860544191151
2026-05-30 13:33:00,-2148744.8219075236,4426643.120788905,4044656.3306744783,39.60859539067535,115.89248361136107,51.28735880831843,10,1.6799848267986417,0.08751370672496905,0.5488524956066487,1.9080472839915459,1.9873455031136145
2026-05-30 13:33:30,-2148744.733144395,4426641.219076787,4044657.0164292594,39.608610168257776,115.8924923513361,50.706365088151905,10,1.6728049259675024,0.8471670439010267,2.177264715725486,1.9348218264611092,3.0334319083779495
2026-05-30 13:34:00,-2148747.295099074,4426639.62715291,4044656.058042445,39.60860529209979,115.89252728287009,51.42555299411833,7,1.6655559054700086,3.8465099190311283,1.6239317968835614,1.6404408952878289,4.485960250500116
2026-05-30 13:34:30,-2148743.2147619515,4426641.018244777,4044657.03043252,39.608615091154434,115.89247746718358,50.62730012628785,12,1.6582406648177122,-0.4015385384303011,2.6993692669424716,1.8415617105780926,3.2922905660080475
2026-05-30 13:35:00,-2148745.1985904607,4426642.447192823,4044656.9322354337,39.608602101201996,115.89249098226978,51.280557457697235,8,1.6508621300093336,0.7661089451001274,1.2450505025161478,2.349427454876077,2.767107340762845
2026-05-30 13:35:30,-2148742.4023616235,4426639.914496062,4044653.1222462407,39.60859560650056,115.89247456945441,51.86666921011373,9,1.6434232523604217,-0.6256904618949886,0.5115299413373402,2.883825853308431,2.994929546283359
2026-05-30 13:36:00,-2148746.589198609,4426641.591316168,4044653.214399934,39.6085771636329,115.89250990108734,51.6160669165553,7,1.635927007322848,2.4073825317939965,-1.5484099121995696,2.3772781200660043,3.7208218407670777
2026-05-30 13:36:30,-2148743.664293659,4426644.721515942,4044653.283454036,39.60856884381772,115.89246334580936,51.23699774514271,7,1.6283763932946809,-1.562339391359359,-2.4848619424888905,2.1760013462357986,3.6538233544935914
2026-05-30 13:37:00,-2148748.800292387,4426640.720207513,4044656.63889497,39.60859995046342,115.89253749209122,51.137039443406046,10,1.620774430420861,4.78976800809232,0.9548540484343571,1.9622131637602318,5.263449850163873
2026-05-30 13:37:30,-2148745.545003842,4426644.652493947,4044655.026722332,39.6085766312605,115.89248339754813,51.293837183144994,11,1.6131241593851742,0.17505980918814923,-1.6468664049217714,2.4546442088387526,2.961096601672863
2026-05-30 13:38:00,-2148743.882948124,4426643.705176858,4044658.7593823723,39.60861162753587,115.89247080410858,51.302730912759614,12,1.6054286401940383,-0.8907560064672307,2.224265899486438,2.480472511321794,3.448702500085896
2026-05-30 13:38:30,-2148743.020320179,4426635.8103285795,4044654.084623716,39.60862187565087,115.89250191149324,50.732979432058045,7,1.5976909509525183,1.7804310338602694,3.3481890059462303,1.5928043378314956,4.113068191081542
2026-05-30 13:39:00,-2148744.112922214,4426640.061856369,4044659.4238443533,39.60863442169767,115.89249173860557,49.63414970247812,10,1.5899141866331488,0.9213464339589035,4.7270211079563635,0.09559165440209783,4.816922832143476
2026-05-30 13:39:30,-2148748.2588691562,4426638.470856937,4044655.4106189488,39.60860432968449,115.8925432580582,51.376151574425535,8,1.582101457837963,5.337830269279884,1.37286910042477,2.2119222816054753,5.938838415919771
2026-05-30 13:40:00,-2148745.967180565,4426636.684523122,4044657.5533043584,39.60863415254516,115.89252833532804,51.35479001714231,11,1.5742558895543166,4.072284697310241,4.669110646629612,2.142351891444884,6.555438087053727
2026-05-30 13:40:30,-2148743.170593727,4426641.3270305125,4044658.1115497258,39.608621134963855,115.89247543440617,51.23122831246471,7,1.5663806199049108,-0.44115527872620697,3.2099077200848196,2.405872612639325,4.035634842209599
2026-05-30 13:41:00,-2148740.8383836695,4426642.161635693,4044657.588143185,39.60861902373518,115.89244676028505,51.67386608228163,12,1.558478798892606,-2.8829474623809874,2.9611565734464187,2.9280414310139293,5.0649048307987
2026-05-30 13:41:30,-2148745.2153076753,4426640.005427451,4044654.4767447705,39.6085975377013,115.8925035732278,50.69132803645432,12,1.550553587140454,1.9856605578017263,0.5616507614396917,1.6587276104428428,2.6475794066053373
2026-05-30 13:42:00,-2148747.065848921,4426638.199901671,4044654.454467544,39.60860205060454,115.89253213870288,51.69830438782315,7,1.5426081546274821,4.438505689491123,1.04787777810516,3.9526342985939085,6.035039228697079
2026-05-30 13:42:30,-2148745.265974783,4426638.9705245625,4044653.0366581464,39.60859271595795,115.8925093662331,51.19984546264134,9,1.534645679420763,2.5009732363497026,-0.0031203103779646746,2.1977882664152872,3.3294369087380336
2026-05-30 13:43:00,-2148747.2131240196,4426641.773992153,4044651.2060775296,39.60856069189528,115.8925155079507,51.10071722321958,9,1.526669346404209,3.0359309369969663,-3.5727885187372332,1.830002065067668,5.032951620270932
2026-05-30 13:43:30,-2148743.061871157,4426639.014320453,4044656.0988195594,39.60861930141218,115.89248605513825,51.064125122367805,11,1.5186823460046828,0.5268275439680566,2.917727830005937,1.3953489202165097,3.276840179231198
2026-05-30 13:44:00,-2148744.6949557844,4426640.731186646,4044653.0068256883,39.60858487570034,115.89249443211773,51.72176047047912,7,1.5106878729158464,1.2526414505223822,-0.9188068081828937,3.2473775214527127,3.5998301794899183
2026-05-30 13:44:30,-2148745.0610010587,4426644.500145769,4044656.794387022,39.60859092303056,115.89247910218863,51.05993675695032,11,1.5026891248203467,-0.04902251821162795,-0.26297217179762455,2.656304802060501,2.6697402068144096
2026-05-30 13:45:00,-2148745.5956251775,4426638.799473553,4044654.4081875356,39.60860231561883,115.8925136891403,51.334616787709116,11,1.5053106988892238,2.917871793078526,0.9860499328304094,2.496570988780538,3.9647366839298144
2026-05-30 13:45:30,-2148746.81198352,4426639.292340497,4044656.9128643665,39.60861416904413,115.89252392459605,51.93016203699832,9,1.5133083983900497,3.802162818849121,2.286091012737188,2.947303828747318,5.326279571943726
2026-05-30 13:46:00,-2148746.3758730474,4426643.111279518,4044655.9539957736,39.608588937705,115.89249993778334,51.91714341468695,12,1.5213007747089597,1.759736858543341,-0.5304084347165524,3.0776701184491526,3.584698073329087
2026-05-30 13:46:30,-2148745.55457995,4426640.433329651,4044654.117985499,39.60859199257204,115.89250495137776,51.244919347579255,12,1.5292846310019956,2.1971648822965117,-0.20726839523085205,2.2572139006001732,3.156819332923768
2026-05-30 13:47:00,-2148743.9435190163,4426640.858571762,4044653.626295058,39.60859040717369,115.89248591295234,51.636834302975444,12,1.5372567738330845,0.5775959031628818,-0.3993249137780651,2.8692964500974614,2.953970130630352
2026-05-30 13:47:30,-2148745.3778326036,4426640.7700381875,4044655.375075014,39.60859944822437,115.89250138782705,51.18441134485616,11,1.545214014451393,1.9093208996655378,0.5880296230713242,2.4577580514606936,3.167311126970145
2026-05-30 13:48:00,-2148745.478617238,4426639.661219703,4044661.2720387597,39.60864593162327,115.89250808166632,51.63175300646751,11,1.553153170066764,2.489965255425445,5.731362360853774,2.4852451508198903,6.724944977047101
2026-05-30 13:48:30,-2148749.7039247984,4426641.104317512,4044655.188106382,39.60858562299591,115.89254500468277,51.57418596244353,7,1.5610710651228104,5.655538655507074,-0.9793399187268039,2.6051071183623837,6.303237839276648
2026-05-30 13:49:00,-2148742.3398506804,4426640.130905423,4044657.886519022,39.608627798221676,115.89247281424655,51.49415005122451,9,1.5689645325670776,-0.5100327025690634,3.685547764855392,3.2573736853562947,4.945086350183597
2026-05-30 13:49:30,-2148745.750927954,4426639.074933156,4044654.242869747,39.6085993602231,115.89251391531273,52.29486051893535,9,1.57683041511783,3.012509288559366,0.5122521979955226,3.3265030180152992,4.516994228120354
2026-05-30 13:50:00,-2148743.5948053626,4426642.674933601,4044657.2819110164,39.60860736788727,115.89247302431556,51.28774806700999,12,1.5846655665269302,-0.4767735959091832,1.3843122475410463,2.4508183699117296,2.8548457301131185
2026-05-30 13:50:30,-2148742.380113127,4426639.021807349,4044655.4443960832,39.60861641220843,115.89247887552295,51.73748769880786,11,1.592466852838276,0.03100183958816949,2.3713306941853234,3.1887983727111084,3.9739911219136252
2026-05-30 13:51:00,-2148748.4638222144,4426638.652346158,4044657.401297895,39.60861673485452,115.89254448214407,52.27514323658378,9,1.600231153641364,5.648676636042156,2.3901351127454267,3.492000099616793,7.057928753640887
2026-05-30 13:51:30,-2148743.675829563,4426642.858902751,4044657.3124774257,39.6086064316632,115.89247293761713,51.75284432187466,11,1.6079553633193902,-0.4624800510307039,1.229365931333656,3.3020749553628,3.5537202199328335
2026-05-30 13:52:00,-2148744.10891385,4426638.766800133,4044653.3510569897,39.60859884144437,115.89249828169682,51.22365343077049,9,1.6156363922914772,1.711755560608487,0.36963351496941854,2.157124472836165,2.7784747661210507
2026-05-30 13:52:30,-2148746.543179493,4426638.927076887,4044659.21925909,39.6086327672251,115.89252296611203,51.56787992790292,11,1.6232711682484429,3.8294107062487655,4.118076347475375,3.273916613461184,6.507032284587648
2026-05-30 13:53:00,-2148745.9713931954,4426640.918236087,4044651.732541776,39.60857185913674,115.89250685192913,51.83648105136334,9,1.6308566373817055,2.4579494526726786,-2.660138498694823,3.505570896646212,5.040523748138202
2026-05-30 13:53:30,-2148742.8193165795,4426647.049018862,4044651.34951754,39.60854552285386,115.89244265970605,51.44487719106656,9,1.6383897656047473,-3.0251404374119284,-5.600978636598468,2.7919979450795505,6.95109263922052
2026-05-30 13:54:00,-2148749.4937629546,4426640.935305619,4044655.2629214283,39.608587538011804,115.8925436625901,51.81287090935968,12,1.6458675397667168,5.618480518362105,-0.9549020219363717,3.3287723373961593,6.599991400064592
2026-05-30 13:54:30,-2148744.433551651,4426642.154556581,4044653.9963986333,39.60858509044963,115.89248445633868,51.133919076131406,11,1.653286968857657,0.5614294018847075,-1.2442779841349834,2.3928736582383676,2.754863884004926
2026-05-30 13:55:00,-2148742.293770487,4426639.218102504,4044653.543670722,39.608602392939716,115.8924769729494,52.00716272478725,8,1.6606450852048504,-0.07264447756407821,0.6585137591860661,3.5181870802610122,3.580022056199295
2026-05-30 13:55:30,-2148743.5012448495,4426641.731614656,4044653.1217785086,39.608583509499894,115.89247684081806,51.50038412814497,12,1.6679389456598703,-0.07823945316276149,-1.455418251651409,2.5341638744249555,2.9234141413271835
2026-05-30 13:56:00,-2148745.3694998394,4426644.665102054,4044655.7378812465,39.6085819528408,115.89248149500301,52.55445442316055,11,1.67516563277578,0.32529921284511787,-1.64616056277175,3.8499027349179595,4.199692279754725
2026-05-30 13:56:30,-2148744.9954607356,4426637.304444929,4044657.7278692806,39.608634604444134,115.89251500420687,51.221111401209484,12,1.6823222559740925,3.1962382423889073,4.180133879526257,2.176510818842038,5.6944409293107086
2026-05-30 13:57:00,-2148744.900072172,4426642.220585658,4044654.615995466,39.60858789664462,115.89248900748348,51.50922310230378,10,1.6894059527009462,0.9782715590888358,-1.022543173173852,2.5862733654890566,2.948121385792085
2026-05-30 13:57:30,-2148745.614552745,4426642.857177734,4044655.172776894,39.60858671088841,115.89249325486765,51.570644937583644,11,1.6964138895720962,1.346493509412808,-1.1723485905711999,3.122872765153503,3.5971906115804573
2026-05-30 13:58:00,-2148746.6087954063,4426642.944436587,4044653.875833232,39.60857475488346,115.89250322604622,52.273400253545425,10,1.7033432635062367,2.2040157721670233,-2.517724169910371,3.3401501349457963,4.727919568234033
2026-05-30 13:58:30,-2148743.351686477,4426644.314463819,4044654.062362918,39.608577138406936,115.89246214095957,51.29856153170047,12,1.7101913028461797,-1.3047856105305127,-2.2714820176834025,2.9733339094642153,3.962677198974993
2026-05-30 13:59:00,-2148743.9989844705,4426641.608119876,4044656.249022659,39.6086046606594,115.89248268267669,51.853239715415384,12,1.7169552684674998,0.4563330854091332,0.7650917691374903,3.6099206239787187,3.7182162674416688
2026-05-30 13:59:30,-2148748.5584066035,4426637.272798501,4044656.439491193,39.608616904463645,115.89255248764555,51.832120934107145,12,1.723632454874129,6.430085415175789,2.1056931684386178,2.535130639109262,7.22542936602497
2026-05-30 14:00:00,-2148745.399026404,4426643.59810161,4044656.565544483,39.608593127681736,115.89248722975714,51.73581762024938,8,1.7302201912805373,0.8535753212318292,-0.5520524713704064,3.356246899263235,3.506814225044759
2026-05-30 14:00:30,-2148744.0610352433,4426642.257231137,4044656.2404973987,39.60860110661827,115.89248003208337,51.429872646129496,9,1.7367158426799927,0.24198178188682773,0.31502732724541266,3.4843997527827684,3.506970065008986
2026-05-30 14:01:00,-2148742.051009921,4426644.517370844,4044656.337441775,39.60859517249646,115.89244748439766,51.43193327224471,7,1.7431168108985473,-2.5376336210627177,-0.36229898464280574,2.899452103331111,3.870099152286966
2026-05-30 14:01:30,-2148744.638918706,4426638.802481268,4044654.939715442,39.60860838780817,115.89250365216698,52.301007505155866,11,1.749420535634257,2.2691905901957097,1.085907875630376,4.375025322402331,5.04670867206048
2026-05-30 14:02:00,-2148744.842486747,4426643.361258944,4044655.410894638,39.60858770235299,115.8924826041957,52.235110712123785,9,1.7556244954812734,0.4726242536980473,-1.2289216461564734,3.756112422451114,3.9802013300418797
2026-05-30 14:02:30,-2148745.4717009193,4426640.535180721,4044653.757294034,39.60858916589273,115.89250356531404,52.04268236307226,9,1.7617262089383807,2.2683387952856418,-1.0852612908212598,3.6806273399703047,4.457596950744854
2026-05-30 14:03:00,-2148745.836470041,4426641.683639553,4044656.203489666,39.60859936617038,115.8925015466748,51.74713846386011,10,1.7677232354015466,2.098724967142643,0.028131120223761907,3.517023890419908,4.095716651993558
2026-05-30 14:03:30,-2148745.3120916975,4426643.007273961,4044657.938241212,39.60860593567628,115.89248932332744,52.193782487152845,8,1.7736131761401497,1.0562578959771554,0.7384647272264651,4.061990683330188,4.261546574617364
2026-05-30 14:04:00,-2148743.2699453053,4426643.344051933,4044656.0741427573,39.60859633307773,115.8924662190303,51.7452802483776,10,1.7793936752564217,-0.9168925437851028,-0.34634568073969696,3.4831318126177955,3.6184049651035317
2026-05-30 14:04:30,-2148742.203112375,4426641.413400505,4044655.9660430336,39.60860817877511,115.89246486068465,52.54207243206534,10,1.7850624206277925,-1.0305933313391016,0.9495670637068929,4.03729760818393,4.273590083305281
2026-05-30 14:05:00,-2148743.8089351114,4426639.653036453,4044656.556338101,39.608617332690535,115.8924906330435,51.48930160232179,9,1.7906171448316919,1.1756395818251064,1.9466570456770274,3.185410239685592,3.9138779330648195
2026-05-30 14:05:30,-2148740.5353506138,4426641.890597406,4044658.1134264367,39.60862482991884,115.89244496412402,52.559820570988876,9,1.796055626052504,-2.7277099851796507,2.759822526034254,4.381465909385575,5.852714383391934
2026-05-30 14:06:00,-2148745.314754814,4426641.390080555,4044659.583681744,39.60862569837387,115.89249757429567,51.981399768426066,7,1.8013756889702508,1.7732236176276899,2.837164682466369,3.611711781770831,4.923239525772574
2026-05-30 14:06:30,-2148744.3926162897,4426639.408326318,4044655.636648661,39.608610734956166,115.89249799151163,52.17223797460548,7,1.8065752056306967,1.8106203950554,1.157142218273241,3.7954915271744136,4.3615456275446265
2026-05-30 14:07:00,-2148744.0111632994,4426642.162595987,4044654.8821259495,39.6085922667508,115.89247999086423,51.619175640256394,7,1.811652096296507,0.27280260491152375,-0.9119356754429921,3.8658582672056188,3.9813198916332015
2026-05-30 14:07:30,-2148747.267111047,4426640.915659585,4044653.176103032,39.608578680410396,115.89252043791,52.79316021280702,9,1.8166043302791028,3.7330316060470095,-2.4391478052487425,5.2493740383836895,6.887735098161976
2026-05-30 14:08:00,-2148743.545833358,4426641.4732839465,4044657.712665449,39.60861666994034,115.89247862144526,52.26439651651286,9,1.8214299267509233,0.1581991309225268,1.7585431801444318,3.592458814548537,4.002906620904941
2026-05-30 14:08:30,-2148747.247068679,4426638.860464856,4044653.8665809664,39.60859410891209,115.8925306781889,52.09703465025535,7,1.8261269555377173,4.610873726325446,-0.7648935301133195,3.4081878975566364,5.784545217869685
2026-05-30 14:09:00,-2148742.9584044334,4426645.497735188,4044657.12649382,39.60859335229324,115.89245200459436,52.605269930346076,12,1.830693537890599,-2.116219500877887,-0.8680537727355785,3.9461181100742913,4.5611128539987496
2026-05-30 14:09:30,-2148744.462444964,4426639.867414965,4044653.796218608,39.60859539307338,115.89249638861405,52.47528414467112,8,1.835127847237513,1.6799378586976617,-0.6607129433687908,4.808753300054824,5.136422987197306
2026-05-30 14:10:00,-2148741.962598129,4426639.5038105445,4044652.420428868,39.608593934698845,115.89247205109274,52.181121656252586,12,1.839428109913842,-0.4009070060069664,-0.8417857352379958,3.8568627287650794,3.967961663127916
2026-05-30 14:10:30,-2148744.716481658,4426639.295032198,4044657.868902096,39.60862604067319,115.89250196013828,52.13677028892569,11,1.843592605871855,2.1570291870994653,2.702779509279613,3.555256314918399,4.95960073539674
2026-05-30 14:11:00,-2148747.0622690152,4426641.989549349,4044656.7595206476,39.608598599569724,115.89251283165599,51.963901284840155,9,1.8476196693686913,3.086758359897937,-0.3623828067323129,3.305722335518692,4.537311828667074
2026-05-30 14:11:30,-2148746.111010863,4426639.513904272,4044654.1956709367,39.608595873956325,115.89251545517392,52.30142359152504,9,1.8515076896326486,3.3109615269615205,-0.6841248852720578,3.737532157724491,5.039805524193623
2026-05-30 14:12:00,-2148745.5997339375,4426640.32918313,4044655.0446090936,39.608598862945904,115.89250595393656,52.3498184223049,9,1.8552551115074585,2.4981127426481162,-0.37154242825867245,3.9134635927040016,4.657661252430984
2026-05-30 14:12:30,-2148746.05505678,4426639.415536899,4044653.938549894,39.60859473080546,115.89251536922154,52.005981995477406,12,1.858860436074338,3.3027487142234646,-0.8493990348897361,3.637321755186645,4.985954005055644
2026-05-30 14:13:00,-2148744.9826780036,4426641.438815045,4044659.421023109,39.608625145239564,115.89249384792588,52.77526570218734,9,1.8623222212515287,1.4616142797532332,2.5074232663046168,4.41161904540775,5.280707371270317
2026-05-30 14:13:30,-2148744.0622360487,4426639.617042917,4044654.5366781433,39.60860283278979,115.8924934694379,53.006034455297794,8,1.8656390823711186,1.4283485687336666,0.011573351087110884,5.046137410051718,5.244408101719617
2026-05-30 14:14:00,-2148748.1482950365,4426640.46345288,4044655.9425542136,39.60859805483357,115.89253196784506,51.74670143514348,10,1.8688096927328828,4.719506082266263,-0.5379331255631938,3.063386806516456,5.65220739485606
2026-05-30 14:14:30,-2148743.1068603457,4426642.59871496,4044650.1872769976,39.608559615335786,115.8924683005558,52.200444521913305,11,1.8718327841349496,-0.7263601804454538,-4.823853303493133,4.134785721396357,6.394811394186817
2026-05-30 14:15:00,-2148746.2333030156,4426643.376613543,4044656.7049032296,39.60859315329324,115.8924970951719,51.261233464408555,10,1.874707147381068,1.7345914306997623,-1.1202557815807772,2.8603766000199995,3.5278229464592155
2026-05-30 14:15:30,-2148745.8622277956,4426641.69935082,4044656.442371306,39.60860088310409,115.89250173660362,52.43900458110328,7,1.8774316327642615,2.129864683479491,-0.28133961279025843,4.891848641069558,5.342813741353169
2026-05-30 14:16:00,-2148747.540583242,4426639.372445501,4044658.4107824024,39.6086223594841,115.89253114949454,52.62188083076458,12,1.880005150526705,4.64331659756313,2.083471403410341,4.86011000793634,7.037180643075526
2026-05-30 14:16:30,-2148748.273456758,4426641.722462047,4044656.486453438,39.60859504886258,115.89252687714472,52.528623315412766,10,1.8824266712956046,4.275944016937311,-0.9670463348758204,4.4687987463200365,6.260114861956629
2026-05-30 14:17:00,-2148745.576238496,4426640.284932091,4044655.2242167746,39.60860039898414,115.89250593282442,51.98936161439642,10,1.8846952264949413,2.4826599515211143,-0.39219043487879324,3.5201963185779417,4.325412800349457
2026-05-30 14:17:30,-2148743.1940126936,4426642.519936794,4044653.396344586,39.60858213119164,115.89246961406212,52.335269008931725,7,1.8868099087328811,-0.6255753870490761,-2.438889100584095,3.9040103762132876,4.645516292879674
2026-05-30 14:18:00,-2148745.8238072856,4426643.2421092065,4044658.2412979263,39.60860555803212,115.89249348955546,51.41818724518817,9,1.8887698721647237,1.4135972905788017,0.1425531204459468,3.7314865102604564,3.9928148302089297
2026-05-30 14:18:30,-2148742.890845215,4426641.857293274,4044654.233871517,39.60859212510951,115.89246980772015,52.325812944973976,9,1.8905743328312306,-0.6143434832393255,-1.3673990077369906,3.9627464669972747,4.2368098285689095
2026-05-30 14:19:00,-2148743.741549994,4426641.612242804,4044656.0061432137,39.60860359247273,115.89247996503853,52.48062836102441,8,1.8922225689721923,0.25133249241972555,-0.1133773343284985,4.419306892895247,4.427899711519762
2026-05-30 14:19:30,-2148746.95257528,4426641.3052876,4044659.4537316742,39.60862114001297,115.89251516191679,52.54003352075087,10,1.8937139213151304,3.258116524512289,1.8155887775420472,4.15016714153289,5.579925913405655
2026-05-30 14:20:00,-2148747.5118380086,4426642.4120467855,4044655.6454874845,39.608587551711146,115.89251539266402,52.265712346324705,7,1.8950477933389909,3.2745415972648626,-1.9314760812671234,4.310165249623951,5.747238206633758
2026-05-30 14:20:30,-2148744.4736909713,4426642.22432992,4044658.843180119,39.60861835433423,115.8924845220235,52.01066636855903,12,1.89622365151275,0.6311069116941578,1.4689019254602202,3.504790303116959,3.8522102576873376
2026-05-30 14:21:00,-2148748.5226028897,4426643.1467721015,4044655.080180207,39.60857731376494,115.89252224468622,51.39953822857539,7,1.8972410255088152,3.8533387296430424,-3.1052615270406028,2.9139475919916515,5.742992171817714
2026-05-30 14:21:30,-2148744.0349652413,4426641.4917945545,4044656.5799936694,39.60860747214763,115.89248365107045,51.97920427048102,10,1.8980995083911534,0.5490995496251221,0.22371427287723306,3.4841113713203873,3.5342029425390287
2026-05-30 14:22:00,-2148741.9294722322,4426641.231110616,4044655.519409255,39.60860669248731,115.89246292115556,51.60711992890932,9,1.898798756778058,-1.2276823070502303,0.11862555883000181,3.5049893766445015,3.715673075048815
2026-05-30 14:22:30,-2148746.187611547,4426643.644002601,4044653.3074524207,39.60856825274123,115.89249525693155,52.086803187742596,8,1.8993384909794968,1.5333393227953303,-4.166671742003908,4.083219254724248,6.031994891128072
2026-05-30 14:23:00,-2148744.9610671103,4426639.158163755,4044654.6670422214,39.60860385599679,115.89250521816322,52.80523756141443,7,1.8997184951089865,2.380791737307783,-0.23313226730207975,4.155379836780987,4.794757714255893
2026-05-30 14:23:30,-2148745.540503269,4426644.747086503,4044656.518326033,39.608586534149886,115.89248286942195,52.16870681017294,12,1.899938617169941,0.4650340122085034,-2.1742129200181233,4.277135432378275,4.820513039188897
2026-05-30 14:24:00,-2148748.405757742,4426639.953292684,4044654.325317166,39.60858878417315,115.89253725886928,52.04999559804637,9,1.8999987691164717,5.111467192965041,-1.942747094497394,3.9948952337752743,6.7720418683567205
2026-05-30 14:24:30,-2148742.223193947,4426642.501298524,4044653.1505958256,39.608582941823606,115.892459539326,52.355147675460614,12,1.8998989268886015,-1.5397558165908012,-2.6094631280560336,4.178449046842982,5.1613546892722075
2026-05-30 14:25:00,-2148743.6609483347,4426639.322494634,4044658.9517035317,39.608636069528124,115.89249076358715,52.61807172970213,10,1.8996391304218905,1.1253200834734307,3.269570985077438,4.455558906925866,5.639897595685166
2026-05-30 14:25:30,-2148745.160601383,4426641.419023789,4044654.835130882,39.608592894809235,115.89249581234019,52.419347458990146,11,1.8992194836314615,1.55178565380073,-1.5408871421101116,4.49037373923024,4.994579884037354
2026-05-30 14:26:00,-2148742.5850668936,4426640.674327653,4044656.439449171,39.60861432134454,115.89247261975133,52.57902892733873,11,1.8986401543704352,-0.4370209025142928,0.8194733055611501,4.449850749579267,4.545733764893506
2026-05-30 14:26:30,-2148747.150530431,4426642.682631713,4044655.906536307,39.60858887822341,115.89251023203757,52.06780653573211,12,1.897901374362792,2.7738083632636212,-2.0226161622332133,4.084253873900589,5.335364906199968
2026-05-30 14:27:00,-2148745.656722772,4426640.0961646605,4044658.777574302,39.60862589289185,115.8925077357536,52.50693552361772,11,1.8970034391106845,2.5545250901155274,2.068193539818137,4.674102499516289,5.714040350764041
2026-05-30 14:27:30,-2148745.911266251,4426643.500870859,4044655.3182561975,39.60858367019538,115.89249308995828,52.16997789484178,8,1.8959467077762413,1.2960866846089145,-2.6362571708085505,3.8310177730638397,4.827669183176396
2026-05-30 14:28:00,-2148747.213233036,4426638.050299439,4044659.0205419245,39.608634222243175,115.89253444327458,51.797181103884846,10,1.894731603037907,4.826315276318092,2.9573783783980474,3.749421464657353,6.789518932816296
2026-05-30 14:28:30,-2148744.3954591104,4426643.639285397,4044656.8968838216,39.60859772759945,115.89247650779782,52.324625784465724,11,1.8933586109213751,-0.1344425411893586,-1.1110766444489086,4.4206887395190915,4.560159540896809
2026-05-30 14:29:00,-2148743.1521000396,4426643.505208142,4044654.9963573003,39.608588299170194,115.89246416513653,51.698397866812485,12,1.8918282806051865,-1.1964399935855716,-2.175087148109086,3.505869452444577,4.29576458592698
2026-05-30 14:29:30,-2148742.9117500572,4426643.086925164,4044656.6576933116,39.608602610866804,115.8924637743004,52.80569852118803,8,1.890141224201063,-1.2365307351941202,-0.603846453231264,4.480545497889247,4.687102170511679
2026-05-30 14:30:00,-2148744.0292171724,4426640.368274222,4044654.199679571,39.60859670529928,115.89248930371184,52.89071940500727,7,1.8882981165090724,0.9398146486028529,-1.2766223509339805,5.279111388876491,5.511989954344818
2026-05-30 14:30:30,-2148746.3167098626,4426638.307015804,4044655.348441409,39.60860959059676,115.89252374667959,52.74788180604515,10,1.886299694747718,3.8782470348511975,0.13648997874327773,4.412592851997693,5.876257759418878
2026-05-30 14:31:00,-2148741.3320960714,4426639.607702201,4044654.2220077077,39.60860750994729,115.89246491819593,52.248086871902025,9,1.8841467582590576,-1.1597211123886204,-0.11151312047569562,4.229525221710303,4.387057309363728
2026-05-30 14:31:30,-2148744.578401547,4426640.630849679,4044655.975178857,39.60860633637172,115.89249372138197,52.196126554025,12,1.8818401681889831,1.296085259702565,-0.2587238797459873,4.595313069982977,4.781597772452787
2026-05-30 14:32:00,-2148748.3323156936,4426643.193881136,4044655.3340493236,39.6085793130069,115.89252001185534,51.67568407992788,7,1.8793808471427667,3.536848953547026,-3.275151668830835,3.0327193294561505,5.695024627278539
2026-05-30 14:32:30,-2148742.26737323,4426644.882567424,4044658.493339889,39.60860775353972,115.8924478939026,52.649216880207206,12,1.8767697788160376,-2.6380800266910907,-0.13497481789259147,4.798607702915117,5.477619949865808
2026-05-30 14:33:00,-2148744.2426268226,4426642.727632285,4044653.498913851,39.608579157323845,115.8924795424036,52.09194425523486,8,1.8740080076013115,0.060556539108189034,-3.325762663287389,4.09875772231979,5.278653166596694
2026-05-30 14:33:30,-2148746.05133766,4426644.136308401,4044659.921467199,39.60861207936001,115.89249132617293,53.32073986840956,10,1.8710966381702525,1.060272464129633,0.3120922685431713,5.4293843839070615,5.540739487693841
2026-05-30 14:34:00,-2148743.9386746692,4426638.59477248,4044655.7619739757,39.60861692649974,115.89249737313254,52.27849957697955,9,1.8680368350318137,1.569237172005683,0.8337528725216637,4.671757643007398,4.998296572777626
2026-05-30 14:34:30,-2148744.727495162,4426636.396077649,4044658.826826608,39.60864759371374,115.89251681607193,52.513484472239064,11,1.8648298220664545,3.2236180951813624,4.221563252847452,5.389649214386539,7.567141374093001
2026-05-30 14:35:00,-2148743.598426572,4426641.827354959,4044658.4508483037,39.60861985300816,115.89247737199655,52.3939497905014,7,1.8614768820366028,-0.15796119122108032,1.1262184327144338,4.596780825964907,4.735368376174799
2026-05-30 14:35:30,-2148745.3048893344,4426639.612701443,4044653.1208631517,39.608589900580036,115.89250650853911,52.18098064986498,8,1.8579793560735625,2.3250668024720165,-2.2145013938790785,4.17235472208682,5.264835798614238
2026-05-30 14:36:00,-2148742.6593797468,4426639.992318621,4044654.5238231285,39.60860431614382,115.89247686605769,52.44410482169974,8,1.8543386431410886,-0.2186279751618021,-0.6302456197565915,4.7643539489401325,4.81082906405197
2026-05-30 14:36:30,-2148744.9472670513,4426640.855527673,4044655.5494299154,39.60860129684266,115.89249644287806,51.9650599562745,12,1.8505561994758093,1.4465780077941304,-0.981129069556057,3.889165597785288,4.263896249999308
2026-05-30 14:37:00,-2148744.8299527774,4426641.843730822,4044654.817267847,39.60859141114996,115.89249018919352,52.913936074513664,11,1.8466335380047614,0.9027007509545069,-2.094048928461089,5.7512201632958195,6.186795853045683
2026-05-30 14:37:30,-2148742.3693829933,4426644.050349675,4044659.109223158,39.60861606584098,115.89245319411015,52.30907986484734,9,1.8425722277402288,-2.2702201469375702,0.6271491041313326,4.044283736415784,4.680111799413684
2026-05-30 14:38:00,-2148748.8294192855,4426642.001742805,4044658.838782675,39.60860859053698,115.89253128086791,52.33117685368696,10,1.8383738931521707,4.398087389332256,-0.21794478264585182,4.7718597431132945,6.4931747258510795
2026-05-30 14:38:30,-2148747.136637034,4426640.642846016,4044653.9399741427,39.60858572482105,115.89252045836939,52.767934153226655,9,1.8340402135184417,3.4630513031734855,-2.771234659305163,4.401112713133727,6.248380508504031
2026-05-30 14:39:00,-2148742.1464998336,4426641.1818197975,4044655.813278579,39.60860844876408,115.89246544519365,52.05559243966477,10,1.8295729222531156,-1.2511575209336812,-0.2639304671998548,4.2335797752193045,4.422471271455722
2026-05-30 14:39:30,-2148745.686668543,4426640.85564036,4044655.9578111134,39.60860229105784,115.89250418767188,52.54940714209523,10,1.8249738062131369,2.052128591899132,-0.9623452531103616,4.117737188237409,4.700329743248582
2026-05-30 14:40:00,-2148748.3122965912,4426642.054804134,4044656.124363801,39.60859072256196,115.89252559411102,53.02505325158945,9,1.8202447049835975,3.8727553213632584,-2.2612114518633266,5.428158048809737,7.041037623251507
2026-05-30 14:40:30,-2148742.3126300937,4426641.750274935,4044656.0938411904,39.60860706119556,115.89246429497241,52.3219828217639,8,1.8153875101419388,-1.379440028033582,-0.4622379130416032,4.27960740634643,4.520128121154262
2026-05-30 14:41:00,-2148745.193011711,4426641.751052422,4044655.932524899,39.60859874103167,115.89249446355169,52.13139076709402,8,1.8104041645013325,1.190207932550919,-1.4002404283127026,4.195254109171434,4.580111922246909
2026-05-30 14:41:30,-2148747.01997069,4426641.630972902,4044656.4100122494,39.608598118302886,115.8925142118567,52.281514441441885,7,1.8052966613335943,2.8686118226609505,-1.483675095264863,3.8655723092972507,5.037149477216758
2026-05-30 14:42:00,-2148741.0577671486,4426639.981760565,4044656.3952738973,39.608621391749935,115.89246014254375,52.514758027665685,7,1.8000670435718888,-1.7657360847751957,1.08552036732456,4.864413918128686,5.287598808139452
2026-05-30 14:42:30,-2148743.6359601878,4426640.616749224,4044657.950386285,39.60862250584235,115.89248392083039,52.58205539231041,10,1.794717402993595,0.25702105187933766,1.195184116065696,5.022228924755961,5.168878820891463
2026-05-30 14:43:00,-2148748.0504202545,4426643.745612226,4044657.2648869134,39.60859061277975,115.89251425351942,52.676450354422215,11,1.789249879383619,2.8401510037060884,-2.3587876746508685,5.128340325571022,6.31903564737654
2026-05-30 14:43:30,-2148747.8309619036,4426643.965843215,4044652.0182407377,39.608553522437305,115.89251083482866,52.778849138972696,11,1.783666659678501,2.5368520829691357,-6.489496868464376,4.62848928873992,8.36493282654762
2026-05-30 14:44:00,-2148745.2743748613,4426642.152043368,4044655.5081224632,39.60859352175915,115.89249327689494,51.99355838378498,8,1.777969977091685,1.024284160027046,-2.063090696319331,4.4192155810536535,4.983469435398303
2026-05-30 14:44:30,-2148744.978430034,4426640.276188311,4044652.348310867,39.608581926898026,115.89249971513034,52.119317659130175,8,1.7721621102202476,1.563649949370176,-3.3634742564234923,3.9438049609346675,5.414014943429859
2026-05-30 14:45:00,-2148744.413493212,4426640.409447616,4044657.0243448876,39.608615187298106,115.8924931197175,52.312486222752945,12,1.7662453821335038,0.9882963658064561,0.31524267644848436,4.055779254981366,4.186341244673905
2026-05-30 14:45:30,-2148745.489827155,4426642.696138338,4044652.530329721,39.60856946522592,115.89249276719418,52.457066098017016,12,1.7602221594437957,0.946684128779234,-4.772926413754247,4.500307617265069,6.627956400038362
2026-05-30 14:46:00,-2148743.5458826427,4426641.043904347,4044657.1236920203,39.60861478104362,115.89248080526167,52.216288853971704,8,1.7540948513598946,-0.08784847753817049,0.24428054693111734,4.5840285237112015,4.591373198381137
2026-05-30 14:46:30,-2148742.046794934,4426638.633704794,4044657.2664234424,39.60863191887975,115.89247735736708,52.66907550955137,10,1.7478659087233337,-0.3944161028247495,2.133903676943592,4.6272641963683245,5.11083974583757
2026-05-30 14:47:00,-2148745.1010459117,4426644.152144216,4044656.6992510906,39.60859195158514,115.89248129117526,53.086006485580064,7,1.741537823028118,-0.06985022703435251,-2.314968756588118,4.763577858736365,5.296756877037044
2026-05-30 14:47:30,-2148747.9693717523,4426642.8611993315,4044656.639704965,39.608591015685555,115.8925179015682,53.03056373637492,8,1.7351131254241547,3.0489767536630232,-2.431180592883043,4.871215375019205,6.239842750375377
2026-05-30 14:48:00,-2148747.931001286,4426641.296461329,4044653.730864134,39.60857892301629,115.8925254559846,52.669132384596026,11,1.7285943857048194,3.6829234472914605,-3.7856163393329743,4.642052588312254,7.031604967565406
2026-05-30 14:48:30,-2148746.070044917,4426638.972602328,4044657.1461058697,39.60861928998495,115.89251777845256,52.07598885123809,9,1.721984211279089,3.0141719729497574,0.683146998099383,3.9538556047960536,5.018455603779434
2026-05-30 14:49:00,-2148745.7098558336,4426637.78233211,4044656.4457158605,39.608621440436416,115.89252005767553,52.75449924335432,11,1.7152852461285948,3.1967699833755545,0.9100579242332096,4.42927887165705,5.537694021429692
2026-05-30 14:49:30,-2148742.27621242,4426641.117033337,4044657.705819704,39.60862162613714,115.89246713338228,52.747472356396955,8,1.708500169750083,-1.3415490918773758,0.9190642137318077,4.681058161685192,4.9554756086534235
2026-05-30 14:50:00,-2148745.1609530346,4426639.032435409,4044655.574468515,39.60861031739625,115.8925079513073,52.849856892045274,7,1.701631696083634,2.1365116019566703,-0.3476281503586123,4.982696791892572,5.43256794491829
2026-05-30 14:50:30,-2148745.562224662,4426640.421056894,4044652.7278803946,39.60858236449062,115.89250509386183,52.21094607334866,11,1.6946825724271408,1.879503712356617,-3.4616367883029495,4.230447967021039,5.780324684701294
2026-05-30 14:51:00,-2148745.672160562,4426639.509088565,4044656.8261668677,39.6086152973348,115.89251088262262,52.075979485616216,11,1.6876555783374072,2.361779155540929,0.1828604312180797,4.077703720302123,4.715835699790511
2026-05-30 14:51:30,-2148745.766290931,4426642.712027877,4044655.479094322,39.608589210042354,115.89249558240749,52.85888976437002,7,1.6805535245183798,1.0404956218281618,-2.7236882944229652,5.113418563056112,5.8862686368553625
2026-05-30 14:52:00,-2148744.9175575725,4426641.813099399,4044651.595425232,39.60856893288299,115.89249126262386,52.34730509289057,8,1.6733792516968957,0.6581135257454275,-4.985121464003614,4.074746358857782,6.47210223286556
2026-05-30 14:52:30,-2148744.0137236877,4426638.796651879,4044658.252766329,39.60863303090317,115.89249713277215,52.47178654122626,10,1.6661356294864227,1.147034098469692,2.119282616330879,3.7940212779006677,4.494623842781223
2026-05-30 14:53:00,-2148746.035015662,4426639.692985879,4044656.943125174,39.60861425870729,115.89251374851864,52.85035828729529,8,1.65882555523927,2.5547777735831265,0.02528654253348206,4.6693137332779004,5.322595196086704
2026-05-30 14:53:30,-2148744.7951137074,4426641.494286252,4044659.5485219285,39.60862621539147,115.89249160109645,52.37320721365647,11,1.651451952887665,0.6475375760367924,1.3423914642748054,3.896608373484743,4.1719152163064
2026-05-30 14:54:00,-2148749.164064786,4426640.159415576,4044653.36119981,39.608579121596414,115.89254415417996,52.51922391257203,11,1.64401777177424,5.128314330126973,-3.8949100466283637,4.754341954160857,8.004604896995623
2026-05-30 14:54:30,-2148743.345569784,4426637.99922148,4044657.0866186577,39.60863068862674,115.89249418849383,52.54523516508209,11,1.6365259854723138,0.8419649735607357,1.8193382456721505,4.884549165672061,5.279935342476854
2026-05-30 14:55:00,-2148746.225035257,4426643.885942378,4044655.547392773,39.60858249961751,115.8924944187416,52.221872157439805,7,1.6289795905965208,0.8480949772694093,-3.5391342707378404,4.225022256587073,5.576338363607143
2026-05-30 14:55:30,-2148745.940560088,4426641.752033475,4044654.64569025,39.60858791539166,115.89250228926886,53.11170491514062,10,1.621381605604197,1.5075021962480069,-2.947274883942283,4.977208812476908,5.977591461132766
2026-05-30 14:56:00,-2148742.7341410485,4426641.202833113,4044655.7001963737,39.608606086206954,115.89247149399847,52.267344737671635,12,1.6137350695880286,-1.1397379484875867,-0.9394036431794044,4.333261588940151,4.578060483897691
2026-05-30 14:56:30,-2148742.4729634477,4426639.800199598,4044656.351623241,39.60861848773604,115.89247589019432,52.085606342126525,9,1.6060430410604751,-0.7776200948930269,0.4282804235213886,3.971243161325779,4.06926152754156
2026-05-30 14:57:00,-2148743.1596822254,4426638.027221446,4044655.11949203,39.60861732186515,115.89249209891214,51.87304557239631,9,1.5983085967303832,0.5945758456929161,0.2901879679189745,4.124338880517803,4.1770684330469425
2026-05-30 14:57:30,-2148744.916702697,4426638.989695357,4044656.1420153547,39.60861509621495,115.89250561006318,52.6556025253037,8,1.5905348302723654,1.7360020960770945,0.034666134088523926,4.6460974467756175,4.959952268255374
2026-05-30 14:58:00,-2148744.265085722,4426641.5049740225,4044658.627670014,39.608621077010824,115.89248599461047,52.62023974141209,8,1.582724851089351,0.044480597382931863,0.690267159928734,4.2876950217157805,4.343129732677336
2026-05-30 14:58:30,-2148742.6502250684,4426642.839755667,4044658.4756239303,39.60861718460572,115.89246229157862,53.07478486099913,7,1.574881783068887,-1.996675325830884,0.2501514127125386,4.9891161418811425,5.379643850966616
2026-05-30 14:59:00,-2148748.5266800136,4426640.477559454,4044653.5734826936,39.60858055361273,115.89253585976657,51.92014778763492,11,1.5670087633336032,4.280370552559608,-3.823737893341757,3.842555914007331,6.907081836526177
2026-05-30 14:59:30,-2148743.4955378636,4426639.790004409,4044654.8847813145,39.60860578025889,115.892486653696,52.04361286622907,11,1.559108940986424,0.05813487458405486,-1.031218427722579,3.4463470067166715,3.597790822160523
2026-05-30 15:00:00,-2148747.777368849,4426641.57428255,4044657.11985685,39.60860145736157,115.89252243399635,52.17384468731613,11,1.5511854758509618,3.1035497148139797,-1.5184863616887085,4.1379923135507575,5.390807179816552
2026-05-30 15:00:30,-2148744.9600045606,4426638.394571234,4044653.1413502623,39.60859717189751,115.89250908973675,52.341849557160934,11,1.5432415372076205,1.9479402865069533,-2.001386208837324,4.472867562689872,5.273192804182706
2026-05-30 15:01:00,-2148741.263532508,4426642.933527669,4044653.0463744286,39.60858238954959,115.89244728890472,52.36907355081484,7,1.535280302525945,-3.3515674760898104,-3.6492261291973325,4.2898861684300185,6.5538522432907165
2026-05-30 15:01:30,-2148744.167121756,4426641.202520694,4044659.3713531997,39.60862805225848,115.89248650632817,52.434603720346416,11,1.527304956193654,-0.012430277750972163,1.4125502987404954,4.85241729861909,5.0538506604582825
2026-05-30 15:02:00,-2148746.5489456975,4426641.535921969,4044657.9466207293,39.60861047520858,115.89250976109828,52.0473041668134,12,1.5193186882429495,1.9615740297353168,-0.5450704803049053,3.7153373643748915,4.236579544131331
2026-05-30 15:02:30,-2148744.836558179,4426641.795832653,4044651.2451666063,39.608566786972766,115.89249050193793,52.552872722654605,8,1.5113246930745243,0.29987933725094384,-5.4008159303248595,4.810824037067554,7.238975635114944
2026-05-30 15:03:00,-2148745.125325384,4426639.946486882,4044653.167039769,39.608588952966606,115.89250293034658,52.97245898023395,11,1.503326168179866,1.3479289178837726,-2.9465240091675007,4.747413130936174,5.747768918463324
2026-05-30 15:03:30,-2148740.94930614,4426641.775052269,4044655.305839712,39.60860485582332,115.89244988790819,51.82702664400186,8,1.5046736871377189,-3.2029078899839467,-1.1872215458855073,3.9160544917629707,5.196498506994217
2026-05-30 15:04:00,-2148743.715875534,4426641.237772623,4044658.0682325405,39.60861993097104,115.89248160019169,52.47805322702568,7,1.5126716730427638,-0.5058871149690902,0.48042483273928815,4.666127012661152,4.717994392884587
2026-05-30 15:04:30,-2148745.326094842,4426639.881413236,4044653.8358584936,39.60859343989182,115.89250536432935,51.87738407620981,12,1.520664590447542,1.5113828128270395,-2.4655595436186344,3.911519773346134,4.864488545295969
2026-05-30 15:05:00,-2148744.8284937553,4426640.23467245,4044655.285741978,39.608602953152,115.89249835561907,52.16459199251115,12,1.5286492422916682,0.8970189076201704,-1.4148410236711138,3.4287556638376753,3.81612151866129
2026-05-30 15:05:30,-2148746.8088752255,4426640.4058581,4044653.6002152977,39.60858539874786,115.89251823003748,51.970457407699904,7,1.5366224348208597,2.581551817263693,-3.3684112637918258,4.122238943755465,5.916372041772838
2026-05-30 15:06:00,-2148742.269025673,4426637.961118727,4044654.4346048366,39.60861512105105,115.89248310523068,52.15498863973952,10,1.5445809788644183,-0.43729605449238795,-0.07404428661722484,3.552708174444395,3.5802857104453674
2026-05-30 15:06:30,-2148744.322898414,4426639.726709096,4044657.4434166555,39.60862184216145,115.89249564229651,52.01025293335293,8,1.5525216911108335,0.6196795008148925,0.6674136867967047,3.7602356269440724,3.868955373636823
2026-05-30 15:07:00,-2148744.077601059,4426639.9642950045,4044654.561331585,39.60860117929804,115.89249186468808,52.50974316464743,8,1.560441395381087,0.2814401017960898,-1.6305253751045643,4.100939504309317,4.4221630847090685
2026-05-30 15:07:30,-2148743.949085054,4426640.80447499,4044655.64346819,39.60860470677796,115.8924862463278,52.51492466110022,7,1.5683369238990628,-0.21425509764042294,-1.2431116432903866,4.196402321432444,4.38189733424605
2026-05-30 15:08:00,-2148741.8410563627,4426641.896773043,4044656.362615375,39.60860935528775,115.89245861023856,52.36224266132476,12,1.5762051185586228,-2.592865273978956,-0.7310383158175353,3.9784485541648253,4.8047289461878595
2026-05-30 15:08:30,-2148747.0213994673,4426642.070046828,4044660.0238789306,39.6086210003418,115.892511994228,52.66314764234586,10,1.5840428321868167,1.9570286521409561,0.557877268572361,4.391512389579545,4.8401001291214065
2026-05-30 15:09:00,-2148743.521863886,4426642.848711095,4044655.6760646417,39.60859548273331,115.89247137662053,52.21769547934803,9,1.5918469298026894,-1.5317854010365997,-2.278036315177231,3.9763924915276205,4.831926449644319
2026-05-30 15:09:30,-2148745.9872111245,4426639.70507648,4044655.0919597475,39.60860143577928,115.89251318627916,52.1824298295729,11,1.5996142898712533,2.028246588999645,-1.6204803812408444,3.9100266942650843,4.6934049091934
2026-05-30 15:10:00,-2148743.84465014,4426642.973175653,4044658.3957834984,39.60861295955368,115.89247412499168,52.60649862697057,7,1.6073418055520388,-1.3275396904308359,-0.3443462534815429,4.576411486691126,4.777497050493538
2026-05-30 15:10:30,-2148740.7890386633,4426639.467810597,4044654.2740065875,39.60860994779188,115.89245994088196,51.856361884727356,12,1.615026385941811,-2.5559487987246987,-0.6814288745318733,3.7563585531636905,4.594284400499605
2026-05-30 15:11:00,-2148743.593803013,4426641.720485744,4044657.4687687317,39.608613581260535,115.89247786697008,52.408631163546836,12,1.6226649573108687,-1.03843706120889,-0.2806627437955238,4.04349743825391,4.18413606841519
2026-05-30 15:11:30,-2148746.103495357,4426637.624582424,4044657.442621412,39.6086282052687,115.8925249832472,51.89278419016717,11,1.6302544643325154,2.975289260390112,1.3402818096628863,3.348205598735907,4.675380438393483
2026-05-30 15:12:00,-2148745.410777389,4426646.200082299,4044656.272631022,39.60857767281019,115.8924741223659,52.00789706308406,7,1.6377918713051323,-1.3896545721291018,-4.270912566364076,4.00109672737967,6.015031920215735
2026-05-30 15:12:30,-2148748.919547558,4426643.885818468,4044658.3584468835,39.60859532956837,115.89252264486109,52.593292236626226,8,1.645274163366425,2.7442855989977346,-2.312874717834433,4.838625883776938,6.024350035681876
2026-05-30 15:13:00,-2148743.614620432,4426641.1990879085,4044657.3982175663,39.608615721037815,115.89248073622879,52.70990683239843,10,1.6526983476993367,-0.8551309182407714,-0.05105447713338873,4.632499592458353,4.711041065528242
2026-05-30 15:13:30,-2148746.4215994086,4426640.421135246,4044655.3536369116,39.60859848739748,115.89251409557166,52.33440837037675,11,1.6600614547291168,1.9820800215761432,-1.965391746432009,4.479040262912622,5.27761381740524
2026-05-30 15:14:00,-2148743.1199376807,4426641.158882359,4044659.9870618284,39.60863517612393,115.89247575877062,52.327065563594,7,1.6673605393111322,-1.3119138971534194,2.1058835758098624,3.9532632478727527,4.6673497849841326
2026-05-30 15:14:30,-2148743.4149480746,4426642.691471196,4044659.234862001,39.608621320305836,115.89247105618726,51.90315601117239,12,1.6745926819088648,-1.7296427143005801,0.5669444999890889,3.4834128042339545,3.930299575083561
2026-05-30 15:15:00,-2148745.0219480754,4426640.6514595635,4044655.142427229,39.60859932842076,115.89249826281734,52.19005650945817,12,1.6817549897617077,0.5813797520366696,-1.874867827933567,4.067471165432266,4.516354001838371
2026-05-30 15:15:30,-2148743.5720417136,4426636.754083499,4044653.9440745306,39.608614664072405,115.89250289209059,51.72817839003543,12,1.688844598042011,0.9616633145231024,-0.1730932940388752,4.018387175966679,4.135479792589277
2026-05-30 15:16:00,-2148749.2110658824,4426643.7621955145,4044654.6891224855,39.608569706990814,115.8925263271617,51.950470658871666,7,1.6958586710009942,2.950146422478712,-5.163581794570112,2.8786656640164745,6.6070157309081115
2026-05-30 15:16:30,-2148742.1257999362,4426642.151332801,4044656.4068899127,39.608607642456725,115.8924602986022,51.645787067556725,11,1.7027944031029913,-2.711974658858173,-0.9527671308781516,3.5548856539208726,4.571628131029811
2026-05-30 15:17:00,-2148744.237996959,4426639.012205817,4044653.2295134095,39.60859641073688,115.89249838603196,52.600934653185575,12,1.709649020147634,0.5295242005611848,-2.199279691736619,4.319220834863526,4.875745651875645
2026-05-30 15:17:30,-2148743.4104673075,4426640.769511425,4044653.5611938606,39.608591743732035,115.89248078198803,52.48618498545159,7,1.7164197803795032,-0.9915051569295434,-2.7168785229684325,3.790678059661541,4.767992401082912
2026-05-30 15:18:00,-2148745.980267198,4426639.221296381,4044656.847481117,39.60861615686266,115.89251557345824,51.63426699607392,9,1.7231039755847766,1.968143838015078,-0.006352015743733341,3.4632696097498084,3.9834491216830323
2026-05-30 15:18:30,-2148743.31815106,4426643.347871694,4044659.926719787,39.60862299863177,115.89246670457185,52.48153560659411,10,1.7296989321744987,-2.2265275810987717,0.7539835688068042,4.126310069730538,4.748931572783906
2026-05-30 15:19:00,-2148748.365461902,4426639.886582351,4044658.421163545,39.60861772628384,115.892537175971,52.185963448851275,9,1.73620201225396,3.7843561210520282,0.16988223654088208,4.097274105100802,5.580131388916005
2026-05-30 15:19:30,-2148743.806609773,4426643.139267951,4044656.7681055213,39.60860087487743,115.89247288196977,52.10051475050198,8,1.7426106146778404,-1.7293927456177864,-1.6992646733072236,4.02632036307505,4.6999526981298585
2026-05-30 15:20:00,-2148742.496809897,4426642.5602728445,4044653.0630434565,39.6085813458632,115.89246210563317,52.30926328835235,12,1.7489221760906146,-2.6664920771443814,-3.8653963344678215,4.487395997064959,6.495243771750652
2026-05-30 15:20:30,-2148744.5353900567,4426641.401389377,4044653.4715166376,39.608585059193,115.89248935280345,51.65120316336174,9,1.7551341719518685,-0.3519434018250135,-3.451398320124307,3.5117584636517307,4.936442244093879
2026-05-30 15:21:00,-2148744.443565642,4426641.153973473,4044654.7256062017,39.60859528726499,115.8924896489811,52.24774649290074,8,1.7612441175460873,-0.3421263088341242,-2.314034695441696,3.888627571167448,4.537976572234376
2026-05-30 15:21:30,-2148745.7680511666,4426637.60169088,4044659.698414038,39.608644856258714,115.89252158580499,51.78450398919685,7,1.767249568976494,2.373504338108765,3.190400173064397,3.3431888621277857,5.195102296891346
2026-05-30 15:22:00,-2148743.7689431114,4426640.710411869,4044652.313782758,39.60858247322085,115.89248483759752,52.23250175166156,8,1.7731481241425926,-0.7845346565812674,-3.731611860855448,3.244127913510226,5.0064745706605125
2026-05-30 15:22:30,-2148746.9803316537,4426643.123330711,4044656.7289442653,39.6085927580314,115.89250620831737,52.4478777453644,11,1.7789374237009583,1.0275702240054339,-2.587264477674701,4.052121328244056,4.916251143046934
2026-05-30 15:23:00,-2148746.4728083657,4426640.70893551,4044655.4202329856,39.60859734210285,115.89251316859266,51.46771892887104,10,1.7846151520089615,1.6073742933048762,-2.075471285310254,2.5497216118240145,3.659550993322432
2026-05-30 15:23:30,-2148744.4231355437,4426639.777563116,4044658.0731471586,39.60862571173169,115.89249643371762,52.52935486948141,11,1.7901790380509774,0.16088565466518293,1.076746201076439,3.991451344896701,4.137263638455648
2026-05-30 15:24:00,-2148746.552863427,4426638.328528914,4044655.012742724,39.608606554376614,115.89252611104243,52.35545781987465,10,1.7956268563467772,2.6834309839806423,-1.0463045637167578,3.8603707919425063,4.816432054656709
2026-05-30 15:24:30,-2148743.314930574,4426639.20980371,4044655.2311277017,39.608611626349735,115.89248771199416,52.33738586362968,9,1.8009564278416772,-0.6156319998017581,-0.47967342654055223,3.9390419161506607,4.015612104337387
2026-05-30 15:25:00,-2148741.2632158804,4426644.0175794205,4044653.4015473956,39.60857928400676,115.89244177343306,51.65083382175537,9,1.8061656207781374,-4.559409964488061,-4.065805428482674,3.223516781227987,6.907246444525535
2026-05-30 15:25:30,-2148749.773880615,4426640.290341475,4044653.6453652256,39.608578902128855,115.89254987637838,51.65962998119774,9,1.811252351548442,4.669917750061037,-4.104100416720586,3.115456519409477,6.953980252142814
2026-05-30 15:26:00,-2148740.9891764773,4426637.811035303,4044654.7590240315,39.60862134693129,115.89247046170172,52.24823145913603,11,1.8162145855281016,-2.1365354979819524,0.6115909134538082,3.8824455647941036,4.473500971626771
2026-05-30 15:26:30,-2148749.100885031,4426643.1102543725,4044656.4113769243,39.60858531964475,115.8925284879772,51.871383588741246,10,1.8210503378896896,2.810502562225822,-3.382895452180592,3.257573445813504,5.473087889622394
2026-05-30 15:27:00,-2148743.542577534,4426642.6010529585,4044658.54750607,39.60861668425432,115.89247285288592,52.893631180890885,8,1.8257576743967345,-1.9623188433862968,0.10334217484490571,4.026985147534021,4.480846373919799
2026-05-30 15:27:30,-2148742.438564579,4426641.621295891,4044659.1108888104,39.60862840241376,115.89246626998943,51.49456583655531,7,1.8303347121774,-2.540328198215024,1.4090466759300693,3.271831319810713,4.375335424272096
2026-05-30 15:28:00,-2148747.4431070085,4426640.221517862,4044659.590729614,39.608626444235846,115.89252581106119,50.98547241513381,12,1.834779620477597,2.5363923642920616,1.1968998521786398,2.641130587914217,3.852457172273356
2026-05-30 15:28:30,-2148743.5688475147,4426642.58077678,4044655.5815067706,39.60859608602598,115.89247323116864,52.13292214289002,8,1.8390906213932734,-1.9750104416990877,-2.167429147913831,3.0797460820485343,4.2524406269741375
2026-05-30 15:29:00,-2148744.4730196362,4426639.877731089,4044655.2131577097,39.60860517242391,115.89249644693047,51.57554402686234,11,1.8432659905815403,-0.004591749711071347,-1.1531860957478288,3.2341034444237224,3.433552729291472
2026-05-30 15:29:30,-2148746.0941901775,4426637.645298944,4044657.4653769494,39.608628280248865,115.89252478043458,51.43806245504017,11,1.847304057950392,2.4035337538862867,1.4176551312308625,2.620828024839514,3.828245043484036
2026-05-30 15:30:00,-2148745.343933904,4426641.989244208,4044661.293182971,39.608634437157725,115.89249483333646,52.422588160358714,7,1.8512032083267242,-0.17222660264598993,2.1071635996208884,4.071909292545162,4.58805467763211
2026-05-30 15:30:30,-2148749.3292511893,4426637.357881057,4044655.5696432637,39.608608489251594,115.8925601297561,52.04242839623576,10,1.8549618821023712,5.396951182835698,-0.7667443448852322,2.946936596282207,6.196726092287158
2026-05-30 15:31:00,-2148743.4472464398,4426640.804861608,4044653.281110043,39.608589521216025,115.89248098750846,51.59620956615312,8,1.8585785758579405,-1.3856755997101564,-2.865669514392062,2.7552955037239455,4.209965789194674
2026-05-30 15:31:30,-2148743.9253774076,4426645.384882203,4044660.854937169,39.60861745981579,115.89246270764279,52.03700139364907,9,1.8620518429641493,-2.96350913486445,0.24225804081720348,3.0797260639113144,4.280862994712667
2026-05-30 15:32:00,-2148739.5868956298,4426639.3571120715,4044658.028665558,39.60863964401799,115.89244791107556,52.350461029518684,11,1.8653802941604674,-4.2433969186841445,2.711662698293398,3.8557419014014953,6.342418908353275
2026-05-30 15:32:30,-2148747.528467445,4426648.961464468,4044656.416955785,39.60855918046984,115.89248226453792,51.79697611695913,7,1.8685625981107934,-1.3200848455703293,-6.212618703630997,3.4521661552951732,7.228880018369068
2026-05-30 15:33:00,-2148744.6405238183,4426638.673369914,4044659.5943951476,39.60864143460176,115.89250432548427,53.03280169763638,10,1.8715974819359764,0.5520871388460467,2.924975579127506,4.369733655010558,5.287235058431149
2026-05-30 15:33:30,-2148745.1068512215,4426644.728782021,4044657.774334547,39.60859645047595,115.89247841991352,51.03156782421091,7,1.8744837317229532,-1.6775891372618221,-2.060664612209651,2.6934711342924773,3.7835738011487
2026-05-30 15:34:00,-2148748.830334246,4426638.934055964,4044655.647124033,39.6086021648006,115.8925468889886,51.57293466650409,7,1.8772201930102896,4.163384626258419,-1.4185657633092172,2.5910513220864164,5.104865064297369
2026-05-30 15:34:30,-2148745.007043405,4426641.863558897,4044658.019555145,39.60861314784735,115.89249194342895,51.29093736072937,12,1.8798057712499585,-0.5495331402642938,-0.19142884654633008,2.3284321536892745,2.4000474932535956
2026-05-30 15:35:00,-2148744.239676147,4426641.185177845,4044658.615749745,39.60862270292031,115.89248735453346,52.07193429840359,8,1.882239432245136,-0.956053755408985,0.8774117394783627,3.43820163616222,3.6749313782320665
2026-05-30 15:35:30,-2148745.2587168654,4426641.830598374,4044658.0263580806,39.60861273621219,115.89249474735153,51.19703883650547,9,1.8845202025638739,-0.33786076817406563,-0.22045779855403858,2.2702153690953026,2.305781724641555
2026-05-30 15:36:00,-2148747.871360882,4426644.99406795,4044659.1892168834,39.60859802571055,115.89250602971964,51.68037481141191,8,1.886647169928453,0.613035576703153,-1.8446820562290303,3.119536123022942,3.6756183329777508
2026-05-30 15:36:30,-2148746.135767803,4426639.670127456,4044651.2624983285,39.608574599781115,115.89251492014608,51.55358402731244,7,1.8886194835802885,1.3594670639026014,-4.436113682792898,2.369130888333738,5.209610011368925
2026-05-30 15:37:00,-2148746.957924526,4426645.711719065,4044655.676679322,39.60857217496192,115.8924928122196,52.281552377127824,8,1.8904363546202159,-0.5448800957446288,-4.69621822998021,3.552652537534826,5.913772064832206
2026-05-30 15:37:30,-2148743.7083646734,4426641.90606306,4044653.269388473,39.60858312170839,115.89247812340541,51.26171866829348,9,1.8920970563240433,-1.814682646753582,-3.4718764490286285,2.63581098894854,4.721705068638881
2026-05-30 15:38:00,-2148746.1495572245,4426644.264682712,4044655.458443427,39.608580120567616,115.8924917022856,51.59858621320419,7,1.8936009244332326,-0.6670440476916722,-3.7955489455146667,2.792500603201149,4.759117478927912
2026-05-30 15:38:30,-2148747.14311348,4426639.11910541,4044656.429670367,39.60861087137408,115.89252827410672,51.412019147301116,11,1.8949473574205906,2.446960013271881,-0.37255545249562605,2.737139317172477,3.690303851086948
2026-05-30 15:39:00,-2148743.773302791,4426640.887978085,4044656.7859665807,39.6086126654815,115.8924839803809,52.1471398639909,10,1.896135816730875,-1.3542669783157635,-0.16355709830364829,3.0817673372848646,3.3701750539278907
2026-05-30 15:39:30,-2148740.76311496,4426646.79383867,4044658.3086056975,39.608600391356276,115.89242241815153,51.03838529732578,8,1.8971658269962075,-6.632136283672983,-1.5159355309552127,2.4763346321705093,7.239856727153597
2026-05-30 15:40:00,-2148750.0626839,4426640.523737998,4044650.2237367933,39.60855317283096,115.89255171487153,51.436889559927046,10,1.8980369762262155,4.411653430463808,-6.746946784192157,2.443771070466111,8.423538089430773
2026-05-30 15:40:30,-2148746.3362555183,4426641.642013119,4044656.093519903,39.608597566976506,115.89250699367976,51.3605292074037,11,1.8987489159728217,0.5741679093327928,-1.8087574571330682,2.6214021345869387,3.236204795444663
2026-05-30 15:41:00,-2148747.3723396254,4426643.837191797,4044653.174037776,39.608563371626396,115.89250668484391,51.970821496573286,11,1.8993013614696204,0.5347675360508486,-5.593809536988662,3.4632123068883476,6.600796992507958
2026-05-30 15:41:30,-2148746.3920038897,4426640.095154536,4044658.876553376,39.608624750402626,115.89251544309487,51.61019532113538,7,1.8996940917457783,1.270855894246552,1.2300574871670253,2.822913446798124,3.33120945810835
2026-05-30 15:42:00,-2148744.1242967043,4426645.246529368,4044660.076815121,39.60861226081368,115.89246549485081,51.47585611420295,11,1.899926949714421,-3.013314279266583,-0.14527450170669454,3.5291026444438787,4.642815212939106
2026-05-30 15:42:30,-2148744.6768060126,4426638.465519988,4044658.8604632854,39.60863730682191,115.89250576241933,51.68090547031369,11,1.8999998422354665,0.4175505399185846,2.6460327322878268,2.7969933449801627,3.8728554640714647
2026-05-30 15:43:00,-2148743.0385247534,4426642.035014872,4044653.416565653,39.6085851551964,115.89247045101634,51.6521110483839,12,1.8999127401528781,-2.614712058331862,-3.1314110561332065,3.0515493181720488,5.094546848513184
2026-05-30 15:43:30,-2148745.0937016304,4426638.487509109,4044653.2699149786,39.60859725434576,115.89251001766952,50.96259173867235,9,1.899665678306327,0.7564350761626051,-1.7768341506245715,1.7804261972849538,2.6266425465322514
2026-05-30 15:44:00,-2148744.2630780227,4426639.85834882,4044659.3106949264,39.60863430647841,115.89249434630734,51.62585010830011,8,1.8992587555172582,-0.5960573471564776,2.3477069170883187,2.401208691267169,3.4106913241541728
2026-05-30 15:44:30,-2148745.74224427,4426640.763525858,4044656.395275194,39.60860567000179,115.89250523822004,51.87176547373193,8,1.8986921345493615,0.3231599426809304,-0.8190063186386833,2.88455963722161,3.0159389912947008
2026-05-30 15:45:00,-2148743.9009547196,4426642.24996287,4044657.2394952183,39.60860849468067,115.89247839216786,51.8283739789148,12,1.8979660420434692,-1.984718404939042,-0.4933516894494394,3.1117705510566154,3.723656670372496
2026-05-30 15:45:30,-2148745.1270609493,4426646.43885993,4044655.3669365956,39.60857085117808,115.89246993625646,50.49563259041156,7,1.8970807684269029,-2.7198201055969538,-4.65948734105144,1.7277473983493072,5.665099713220487
2026-05-30 15:46:00,-2148742.2616362846,4426640.224929885,4044653.266107322,39.60859536170651,115.89247151684224,51.175700951863185,11,1.8960366677973053,-2.596516516585515,-1.9263494582776666,1.9491399493129857,3.7751644730151646
2026-05-30 15:46:30,-2148746.5997342383,4426641.159535481,4044657.0547701214,39.60860607956379,115.89251220696096,51.2454778830348,10,1.8948341577810077,0.8714138767643673,-0.7240237781162795,2.427015255145606,2.6784278270292754
2026-05-30 15:47:00,-2148744.191636679,4426644.622596849,4044654.373165447,39.608575617770086,115.89246937280414,51.60700786517803,11,1.8934737193659823,-2.8032225165103184,-4.092466882411852,2.8672956918538137,5.729548520191767
2026-05-30 15:47:30,-2148744.526177931,4426636.272895672,4044656.3061255314,39.608631191659406,115.89251533358967,50.74005751203727,10,1.8919558967094574,1.1156859524665617,2.0892214585812745,1.9967194343781327,3.0978201928373794
2026-05-30 15:48:00,-2148744.2276363824,4426640.209425845,4044657.8164251815,39.608622191777286,115.89249218989947,51.451465272715474,8,1.8902812969202571,-0.8748404382656237,1.103389929172849,2.585948459756099,2.9444769594513374
2026-05-30 15:48:30,-2148748.3409585063,4426640.152566657,4044655.189837457,39.608593935917504,115.89253556681977,51.06744435522232,7,1.8884505898159707,2.8233618402290177,-2.019688255726936,2.400949058022643,4.22079010499249
2026-05-30 15:49:00,-2148743.7782639354,4426642.253716824,4044657.132997966,39.60860804079564,115.89247708787119,51.87526474874297,12,1.8864645076550293,-2.1886469792831744,-0.4405595854613342,2.8682257415110937,3.634692181262959
2026-05-30 15:49:30,-2148744.7144953692,4426648.317816663,4044654.510295704,39.60855625375158,115.89245606049846,50.638299101946544,7,1.884323844843817,-3.997801557064401,-6.175271273849463,1.7910501588279948,7.571278179193702
2026-05-30 15:50:00,-2148746.8677022327,4426644.874042475,4044657.5300618927,39.6085896057641,115.89249612652307,51.01521789072238,11,1.882029457618918,-0.5823381122745606,-2.4593866429768676,2.1072732307321664,3.2906383583768224
2026-05-30 15:50:30,-2148745.764567911,4426641.225920521,4044651.4902025987,39.608569106453395,115.89250312088812,51.193922662676414,12,1.8795822637046284,0.005093264978215939,-4.72083984053852,2.2250942338092274,5.218946166679149
2026-05-30 15:51:00,-2148737.4138590894,4426641.163671148,4044653.9447932886,39.608607361271886,115.89241596214535,50.835589656127546,8,1.8769832419458876,-7.458968190034806,-0.46042765859175105,2.142621529017621,7.774254118907948
2026-05-30 15:51:30,-2148743.5728543936,4426644.355648817,4044653.508593142,39.6085725210968,115.89246424831752,51.5265474017054,12,1.8742334319167435,-3.340136843526394,-4.313404760098196,2.6240557834956464,6.053729719174552
2026-05-30 15:52:00,-2148745.2669356065,4426640.929195307,4044657.079725969,39.60861076699554,115.89249941688134,50.61348523411795,8,1.8713339335045462,-0.34293544122461117,-0.05367471869359042,1.4678389199639508,1.508322507700423
2026-05-30 15:52:30,-2148746.8587300936,4426642.269937075,4044654.887602439,39.608584640776016,115.89250927383888,50.25180854495326,8,1.8682859064699993,0.48985134581352174,-2.939098936119086,0.753581010053227,3.0734575376934203
2026-05-30 15:53:00,-2148740.444309564,4426643.081111756,4044655.8306406303,39.60860304870187,115.89243795695792,51.37400800389272,12,1.8650905699832787,-5.618909040672238,-0.8810842478133825,2.1691155382345126,6.087159475264591
2026-05-30 15:53:30,-2148744.1002989057,4426641.1308378335,4044659.9926241143,39.60863291066544,115.89248617083793,51.32531983664082,8,1.8617492021363728,-1.5056910509424766,2.4484752730504713,2.183865170246636,3.6099035701032522
2026-05-30 15:54:00,-2148746.737658232,4426643.407944377,4044657.5012807604,39.60859727353102,115.89250221907237,51.34919369534416,10,1.858263139431871,-0.14301575702996383,-1.4922205795535306,2.2191068996132617,2.6779864071188095
2026-05-30 15:54:30,-2148743.6360919964,4426645.305451192,4044656.4905178496,39.60858822407699,115.89246008121442,51.256066779654226,11,1.8546337762483758,-3.7560553120258913,-2.4815415683332502,2.4459298141629855,5.123336092642678
2026-05-30 15:55:00,-2148744.026140463,4426638.070732569,4044654.5721701975,39.60861112583465,115.89250095398344,51.31489148969349,11,1.8508625642827672,-0.27018073613094296,0.07586209609487216,1.8263567101469529,1.8477909839857338
2026-05-30 15:55:30,-2148740.8609374994,4426645.282583191,4044660.815518307,39.608625365310196,115.89243112724057,50.85168705511291,9,1.846951011969552,-6.2507740639372855,1.671890397324261,1.306923863746721,6.601169887579533
2026-05-30 15:56:00,-2148742.1084153648,4426640.371734191,4044658.9598724293,39.60863460535653,115.89246916535652,50.99910501902458,10,1.8429006838774995,-3.0070074632206634,2.7131177826986264,1.691909158776412,4.389266292697652
2026-05-30 15:56:30,-2148743.407545842,4426641.092775649,4044653.540918229,39.608589946721885,115.892479107658,50.7494679901093,9,1.8387132000838455,-2.1657396924930072,-2.228274936834,1.5809013753213836,3.4863859178604018
2026-05-30 15:57:00,-2148745.90861242,4426640.672850409,4044654.679569599,39.60859378342718,115.8925074420219,50.576136765789684,12,1.8343902355262722,0.24850393258135917,-1.7865537028879692,1.7038980527960375,2.481289364853129
2026-05-30 15:57:30,-2148741.9487203863,4426637.848112936,4044655.9081635154,39.60862675523069,115.89248032458036,51.35867241922004,9,1.8299335193329656,-2.0791331208462567,1.889292370599279,2.1664565961015425,3.547640677773951
2026-05-30 15:58:00,-2148744.111151857,4426639.596887448,4044655.070658204,39.60860652967348,115.89249408432636,50.988620782363974,10,1.8253448341309824,-0.9109460499915374,-0.33964195737133884,1.6408352772321626,1.9072282957768236
2026-05-30 15:58:30,-2148745.0929761142,4426641.80623246,4044653.273584168,39.6085802064752,115.89249313508213,51.38347378290213,10,1.820626015333218,-1.0004604787045233,-3.245290125001224,2.105637717266578,3.995815231120647
2026-05-30 15:59:00,-2148749.5400912766,4426640.7035138095,4044652.457610828,39.60856909599268,115.89254532649967,51.24694649295363,8,1.815778950404279,3.4545791550174534,-4.462204861751797,1.3135015450465417,5.794020683028507
2026-05-30 15:59:30,-2148747.052500392,4426641.387272726,4044656.705878828,39.60860134951654,115.89251579177373,51.04807592341942,9,1.8108055781055061,0.9208575563154409,-0.8655952612857911,1.1024326287463424,1.6770782618316395
2026-05-30 16:00:00,-2148750.14192031,4426639.761438577,4044653.634281369,39.60858062709179,115.89255642101949,50.79379811963798,7,1.805707887719512,4.387463626962861,-3.1491987000591553,1.2999912000131564,5.554931741298719
2026-05-30 16:00:30,-2148742.725733024,4426645.234714789,4044655.6676174463,39.60858513603273,115.89245090471714,51.606420132639464,10,1.8004879182544793,-4.643601388334151,-2.6320056787679724,2.3725971759740196,5.841207504124948
2026-05-30 16:01:00,-2148745.637729426,4426639.573581314,4044658.316808155,39.60862542314414,115.89251019401833,50.856326253216956,8,1.7951477576285986,0.4190701051224195,1.8566767283835885,1.4632133267786451,2.4008043373817727
2026-05-30 16:01:30,-2148745.2728342908,4426640.9170442885,4044658.708439439,39.60862214710473,115.89249954045641,50.63796290924246,12,1.7896895418349157,-0.499352065155237,1.5099594372732361,1.694411723066413,2.323867697277579
2026-05-30 16:02:00,-2148745.1209915155,4426640.382123242,4044657.360364101,39.60861589887448,115.89250066983223,51.51094146455129,11,1.7841154540869744,-0.4099749207014647,0.8334365683786111,1.6843116814461656,1.9234348934577685
2026-05-30 16:02:30,-2148743.955508098,4426638.61221065,4044655.4014908713,39.6086142865527,115.89249746079659,51.4212985708956,11,1.778427723945556,-0.6914363106686776,0.671604692682644,1.9518892858380121,2.1769264615768917
2026-05-30 16:03:00,-2148744.917026325,4426643.797404116,4044660.972267829,39.60862396729665,115.89248116731075,50.694378527286666,11,1.7726286264268774,-2.0916645032177645,1.7634057990193708,1.2420957711991925,3.0045735655608903
2026-05-30 16:03:30,-2148740.4936714447,4426643.304044626,4044659.308762326,39.60862597861025,115.89243734047055,50.81579084879921,9,1.76672048109263,-5.8462760059784005,2.0040003395966366,0.9950205991192694,6.259794444856306
2026-05-30 16:04:00,-2148745.6236894517,4426642.005424182,4044658.295996505,39.608612801294335,115.89249768155518,50.98974043420054,12,1.760705651122169,-0.6926576047660435,0.5587547110821175,1.4224680583367826,1.6779144083013022
2026-05-30 16:04:30,-2148747.6124221324,4426641.023131619,4044654.2485413966,39.60858472689686,115.89252350863363,51.03661844004901,10,1.7545865423672904,1.5096195492924578,-2.539971775063176,1.386776697270513,3.263978769816994
2026-05-30 16:05:00,-2148746.0123543954,4426640.944991119,4044653.4437853713,39.60858352574491,115.89250714496167,51.02039173139571,8,1.7483656023899048,0.10406925212229501,-2.655675335922381,1.5075486572960088,3.0555105716031723
2026-05-30 16:05:30,-2148745.2373904795,4426643.676991604,4044656.8143079383,39.60859485632516,115.89248513545371,49.93874931009042,12,1.7420453194830625,-1.784120035101082,-1.3802664895639094,0.28709657032657765,2.2739050821341347
2026-05-30 16:06:00,-2148746.0595245445,4426635.875261953,4044655.647697172,39.60862482675021,115.89253341757292,50.509702679196764,11,1.7356282216756527,2.3389469801724223,1.9642527118303108,1.0545109420346435,3.231246666359784
2026-05-30 16:06:30,-2148742.3743884815,4426643.026943445,4044656.2497036057,39.608601422812086,115.89245845033145,50.795308882364736,8,1.7291168757212403,-4.077647074763614,-0.6156973793999133,0.7920552098251505,4.199242834695243
2026-05-30 16:07:00,-2148741.3657233617,4426642.081768241,4044661.170498054,39.60864304306751,115.89245269037652,50.758813747131136,12,1.7225138860713927,-4.575712018126063,4.022120456435153,1.1440267612641926,6.198660393132217
2026-05-30 16:07:30,-2148748.8948473693,4426640.695744156,4044655.627136498,39.60859280052609,115.89253860696245,50.58154039542202,8,1.7158218938339262,2.7662414832753393,-1.5367523014383528,0.9465301896150086,3.3029712350582234
2026-05-30 16:08:00,-2148749.300325561,4426639.645837831,4044657.898743993,39.608612995205135,115.89254819297051,50.47381784095971,7,1.7090435757165157,3.58085918504211,0.7229836691299867,0.887365102577612,3.7593449847282807
2026-05-30 16:08:30,-2148742.8321579183,4426641.26850751,4044656.0036800876,39.60860761509861,115.89247218680394,50.249909605975546,8,1.7021816429560266,-2.923876091540543,0.14399308831094138,0.8774603157970595,3.05609587774376
2026-05-30 16:09:00,-2148744.7236050866,4426638.151669555,4044662.449494153,39.60866377661891,115.89250784851065,50.939194539510034,11,1.695238840234077,0.12099501098672061,6.39619511021383,0.6927255988323999,6.43473545966613
2026-05-30 16:09:30,-2148744.165340905,4426642.658181054,4044660.1271146866,39.60862582562858,115.89247908596344,50.89007898357172,11,1.688217944579181,-2.3432822134542937,2.2019778464338646,1.1682008453336208,3.421165179162643
2026-05-30 16:10:00,-2148742.359347549,4426638.676162078,4044656.8368544215,39.608627930959265,115.8924804155301,50.65559386232304,10,1.6811217642559924,-2.234012628106102,2.454078968817265,0.6242647459388958,3.3768361643335463
2026-05-30 16:10:30,-2148751.842352719,4426641.716318801,4044652.5834707418,39.608559010808065,115.89256429318844,50.0614029719163,7,1.6739531376420285,4.934647989961472,-5.177584296148156,0.07777148488998786,7.152913974906506
2026-05-30 16:11:00,-2148739.489905545,4426640.48882932,4044656.0187808853,39.60862007897393,115.8924411405577,49.78680730111232,12,1.6667149320923498,-5.600984948840022,1.6195170748440377,-0.071103812851331,5.830859602583983
2026-05-30 16:11:30,-2148744.7627981603,4426648.84559767,4044655.1849142425,39.60855811151298,115.89245388283534,50.42240759566059,9,1.6594100427926726,-4.515200784418607,-5.240277357548735,0.503402929741673,6.935485521383839
2026-05-30 16:12:00,-2148744.1342285518,4426638.916072237,4044655.827631626,39.6086152418139,115.89249778785674,49.57878251853113,9,1.6520413916013146,-0.7643110571648095,1.1198358736443046,-0.6142922168073466,1.4884752949361222
2026-05-30 16:12:30,-2148740.2722418094,4426640.408685015,4044656.2445505466,39.60862010831208,115.89244974319828,50.542817512019255,9,1.6446119258805103,-4.87643993132566,1.6787204102635682,0.8251992556938524,5.222903639859784
2026-05-30 16:13:00,-2148743.132256304,4426645.010392322,4044652.8572138073,39.60856572056468,115.89245630375089,50.190966485718704,9,1.6371246173174845,-4.318748039673377,-4.3395655963281765,0.22363897370695035,6.126453181538112
2026-05-30 16:13:30,-2148743.771905442,4426639.244252388,4044652.5910577667,39.608591938619455,115.89249232372866,49.61606590604706,7,1.6295824607358382,-1.2416106453055873,-1.4105595445182932,-0.17948306315133256,1.887720687264405
2026-05-30 16:14:00,-2148742.906248481,4426642.232228252,4044649.717089875,39.60855873048873,115.89246806261183,50.25162584063762,10,1.621988472897638,-3.3193086931977422,-5.077814774642445,0.2759893943976176,6.072740998275423
2026-05-30 16:14:30,-2148748.4583919374,4426644.051334353,4044659.328406194,39.608602378523926,115.892516972564,50.11948960610542,12,1.61434569129677,0.8604997338053881,-0.2139929930634854,0.13556241957776216,0.8970116847406114
2026-05-30 16:15:00,-2148740.6678450103,4426642.311871264,4044660.223452649,39.60863701272556,115.89244420994636,49.84050078040555,12,1.606657172943975,-5.36450112731273,3.649333137741316,0.2739971495350412,6.493887828805619
2026-05-30 16:15:30,-2148742.4273673543,4426646.277968315,4044662.0062579005,39.608624616754746,115.89244247457952,50.109338227877316,12,1.5989259931440762,-5.51532623704485,2.2923472757960597,0.3612734406611348,5.983660922279274
2026-05-30 16:16:00,-2148740.8133132355,4426639.491955217,4044657.9724069634,39.608635495818326,115.89246007239281,49.58245758573648,11,1.5911552442659183,-4.012663315921629,3.5189246491690156,-0.33389971967478355,5.347502837425273
2026-05-30 16:16:30,-2148744.5577624664,4426641.384199697,4044656.03020381,39.60860289470012,115.89248967456432,50.781158389050894,12,1.5833480345054383,-1.483246115581236,-0.08076647444198617,0.6090820431609715,1.605466660532618
2026-05-30 16:17:00,-2148743.7479006336,4426641.524690919,4044655.867260535,39.608603060753154,115.8924804767446,49.83405669174273,10,1.575507486642451,-2.271676701511103,-0.04327264957096,-0.45383409537499786,2.3169706395451146
2026-05-30 16:17:30,-2148746.2870500484,4426644.152737637,4044657.2977829324,39.608593150975935,115.89249371176311,50.36870207410105,7,1.5676367367915571,-1.1415469319809344,-1.1241697870412672,0.3297589521725331,1.635734720102688
2026-05-30 16:18:00,-2148740.7729471046,4426641.988109853,4044655.486565255,39.608605457532654,115.89244695716405,49.547397542111526,9,1.5597389331477607,-5.14132386988557,0.26096958984816876,-0.11502086718531473,5.149227715082012
2026-05-30 16:18:30,-2148745.4296296206,4426644.274014521,4044650.9386937604,39.608550422864916,115.89248411346541,50.158758769421205,8,1.5518172347272108,-1.9651607165372647,-5.828746252981111,-0.14943329368102232,6.152923681691734
2026-05-30 16:19:00,-2148749.1435069274,4426641.463386473,4044657.6543494347,39.60860233491294,115.89253730841777,50.90662190556586,9,1.5438748101036572,2.5827559052077476,-0.047358706270791,0.38300805777314006,2.6114298928487987
2026-05-30 16:19:30,-2148743.7041942156,4426637.844085733,4044655.6660743174,39.60862070723284,115.8924987339854,50.633996199193064,11,1.5359148361410546,-0.7169232009964861,2.0111342014194604,0.8115561503128947,2.2841328852229297
2026-05-30 16:20:00,-2148750.803081441,4426641.152372261,4044658.299977412,39.608604282494845,115.89255627419233,50.429113246566274,12,1.527940496722851,4.202957433011218,0.20716610572822736,0.6073769958357477,4.251667413396454
2026-05-30 16:20:30,-2148744.753777382,4426642.897564314,4044657.3780971053,39.60860399714301,115.89248403273271,49.67817687143168,12,1.5199549814784958,-1.9754288889617744,0.1946795343573326,-0.18070765817209195,1.9932071327798273
2026-05-30 16:21:00,-2148746.625204416,4426640.969295544,4044657.8717979733,39.60861267950493,115.89251344109456,50.40731497260743,9,1.5119614845076095,0.5390932761563445,1.1776160886390317,0.3375304351190017,1.3384050236195675
2026-05-30 16:21:30,-2148742.287860416,4426637.357575132,4044659.5198959284,39.60865356195431,115.89248637141668,49.077562973195434,10,1.5039632031024073,-1.7759930172572076,5.734766485260141,-1.5641949228021665,6.203902287619413
2026-05-30 16:22:00,-2148751.0842184685,4426640.254585105,4044654.9621123043,39.60858497524148,115.89256378421108,49.43349330991392,7,1.5040366635311968,4.844067205496058,-1.8591587546963542,-0.9153835210559431,5.268717619795852
2026-05-30 16:22:30,-2148750.209050672,4426643.346929891,4044659.20280221,39.60860075655713,115.89253889275979,49.663790475161974,10,1.5120349155532098,2.7156292814688863,-0.0882342274689067,-0.43787742689961806,2.752119967271864
2026-05-30 16:23:00,-2148744.1813801425,4426639.5175145,4044653.6313485564,39.60859674817165,115.89249522357504,48.97858322870066,11,1.520028353769462,-1.0184246396709615,-0.513970685811631,-1.39891949845543,1.8050845896304688
2026-05-30 16:23:30,-2148739.573511916,4426643.897148378,4044657.694027018,39.60861399005188,115.89242468582907,49.96447279769933,12,1.5280137809112506,-7.049992643826093,1.4190654261585816,-0.14674851984051596,7.192890802020843
2026-05-30 16:24:00,-2148746.900413639,4426641.445075999,4044654.4393898034,39.608585662081396,115.89251390472046,49.867604124912475,12,1.535988002914184,0.5804303693013415,-1.7061615774775736,-0.5184300843768925,1.8752750450147535
2026-05-30 16:24:30,-2148744.547214525,4426637.301122127,4044655.58463176,39.60862082873433,115.89251032563821,49.84621204028876,8,1.543947830195788,0.2752966219672808,2.2165021702690018,-0.3496849633779979,2.260740956962222
2026-05-30 16:25:00,-2148747.5028543416,4426640.847649023,4044656.962721702,39.6086047882523,115.8925232531826,49.20463245614908,7,1.5518900789312742,1.3819360701003975,0.4551587289324324,-0.3924965998160712,1.5069739052933515
2026-05-30 16:25:30,-2148746.814658862,4426641.919709448,4044657.6385466326,39.60860569343047,115.89251059301587,49.90694200973866,7,1.5598115723270494,0.30059457096771336,0.5747656043168561,-0.3377811913492707,0.7313061802216066
2026-05-30 16:26:00,-2148743.7081332384,4426644.089391931,4044655.255715429,39.60858570935961,115.89246701924394,49.46593392700108,11,1.5677091418913676,-3.4241790685202074,-1.6243548829533143,-1.1883577658013984,3.9718667221605863
2026-05-30 16:26:30,-2148744.0662073833,4426640.377556075,4044655.7643383844,39.60860745180769,115.89248964399503,49.7490765771416,8,1.5755796287017088,-1.4877106390794652,0.8081447601510228,-0.12529019398723812,1.6976685576693542
2026-05-30 16:27:00,-2148740.455210362,4426640.613126637,4044657.958673148,39.60863052606038,115.89245062028965,49.45993579105486,10,1.583419884668284,-4.823007004882645,3.388448493297969,-0.36458703487596655,5.9055823986191225
2026-05-30 16:27:30,-2148744.8738891217,4426640.438836779,4044657.425719859,39.60861667895016,115.89249779301285,49.82748881584881,8,1.5912267737932397,-0.7869139888201366,1.8704519780223752,-0.45978319214048574,2.0806789304608073
2026-05-30 16:28:00,-2148743.7805164596,4426638.312629259,4044657.668728764,39.608632040054026,115.89249715103257,49.8832246377887,8,1.5989971734250217,-0.8395743152170283,3.594535519083766,-0.5203618400594814,3.727780448647295
2026-05-30 16:28:30,-2148740.678318343,4426639.94049529,4044653.5997069925,39.60860310062559,115.89245637756872,49.92002379108477,10,1.6067279755073756,-4.323947409475603,0.4012255319289373,-0.3097105590342213,4.353553003899198
2026-05-30 16:29:00,-2148742.171962548,4426634.668383795,4044658.5932055386,39.60866123986831,115.89249883132699,49.11263270554472,7,1.6144160878225498,-0.6908477785183663,6.873610870187076,-1.401686753330756,7.0490086396812295
2026-05-30 16:29:30,-2148747.1337045496,4426647.663989538,4044655.389185838,39.60855969097741,115.89248472669244,49.36680932168209,12,1.6220584352281198,-1.8942309058406557,-4.379426523936441,-1.026586604649216,4.880713826895113
2026-05-30 16:30:00,-2148745.016886151,4426640.150599189,4044654.1622946835,39.60859509844002,115.8925007565587,49.09146770309699,11,1.6296519608870255,-0.5204376483113184,-0.4303512975920373,-1.2195820600980578,1.3940724466224803
2026-05-30 16:30:30,-2148745.3739135414,4426642.07419626,4044656.322622648,39.60859934085499,115.89249471541613,49.39576788236024,12,1.6371936274902432,-1.0338928951267905,0.05935830657177199,-0.5437104131724003,1.1696490672611282
2026-05-30 16:31:00,-2148745.733657895,4426640.828675495,4044654.925421251,39.608595129235326,115.89250481700445,49.35838990811574,12,1.6446804184716917,-0.16669768812653207,-0.3893779739616908,-0.9735025056701786,1.0616545833647393
2026-05-30 16:31:30,-2148750.2841317556,4426639.301574491,4044653.6981124682,39.60858308209606,115.89256024902254,49.588397301684594,9,1.652109339214798,4.577172867833363,-1.7079076719906479,-0.9514050976136988,4.977211241030437
2026-05-30 16:32:00,-2148745.4657745776,4426638.5340553215,4044652.850554314,39.60859316776055,115.89251367852596,49.60407908722853,11,1.6594774182503134,0.5983431108590829,-0.5697495876466969,-1.1486919354878549,1.4149636863152848
2026-05-30 16:32:30,-2148744.70135374,4426641.2908070935,4044658.393661449,39.60861946115165,115.89249165359027,49.04088180067024,12,1.6667817084448682,-1.2812583919959752,2.3674100294782687,-1.8764264949696037,3.281345715671898
2026-05-30 16:33:00,-2148749.0892909765,4426645.087209129,4044657.4298553593,39.608582263362244,115.89251831414484,49.840262048514084,7,1.674019288179769,1.002726367537436,-1.743010186169418,-1.0498152676484462,2.268404014595493
2026-05-30 16:33:30,-2148745.4694350623,4426643.966067839,4044652.532230639,39.60856299545286,115.89248609627442,49.42131463340289,11,1.6811872625196267,-1.748176262576053,-3.863275186432892,-0.8884958106649875,4.332486608947765
2026-05-30 16:34:00,-2148747.7697270303,4426640.453198132,4044656.0555005195,39.60859983893251,115.8925280544203,49.7123124786968,12,1.688282764370272,1.8443628320116083,0.24475987055301318,-1.0684282873925806,2.1454884422060285
2026-05-30 16:34:30,-2148747.058853939,4426633.567372547,4044655.2392057106,39.60863136306273,115.89255562088371,49.892897460333465,9,1.6953029556255752,4.206356982961706,3.7622803622670586,-0.9550142302026848,5.723656591052671
2026-05-30 16:35:00,-2148744.270063333,4426637.715507857,4044653.6498569143,39.60860592699842,115.89250531536355,49.29610871557262,11,1.7022450283026327,-0.09079791190700282,0.9571498436909216,-1.370994900514478,1.674516975524862
2026-05-30 16:35:30,-2148746.413455534,4426639.275054864,4044653.4754686616,39.60859133645308,115.89251983783579,48.7114733903116,7,1.709106205664931,1.1560780751981565,-0.6442001195816875,-1.906888473338413,2.321149275633482
2026-05-30 16:36:00,-2148740.1652837605,4426639.608251842,4044656.5337323034,39.60862650584505,115.89245269281521,49.168867789718284,8,1.7158837433330116,-4.580774472776524,3.277728288143048,-1.5445371674742694,5.840598647659641
2026-05-30 16:36:30,-2148743.5097202193,4426640.551334577,4044653.199460255,39.60859010150724,115.89248293106208,50.57233438259297,8,1.722574930382168,-1.9895894080976513,-0.7451045908633286,0.031128008226807585,2.124762531916482
2026-05-30 16:37:00,-2148741.5804774514,4426639.432177141,4044658.9771196684,39.608640878018264,115.892468412545,49.57607000322856,10,1.7291770904268002,-3.2256636982325677,4.909056871338272,-0.9800926709743817,5.955193305328267
2026-05-30 16:37:30,-2148745.0028265757,4426643.95368518,4044654.8528040983,39.60858037070039,115.89248127142969,50.06438346454412,11,1.735687582690913,-2.1203478125866635,-1.789369141561966,-0.7808206373442083,2.8822556511902047
2026-05-30 16:38:00,-2148742.18729272,4426645.118035701,4044647.6268323953,39.608531134575315,115.89244585774259,48.59242334819305,9,1.742103803064411,-5.14295193257935,-7.23677779597567,-1.5574101643392182,9.013680373140334
2026-05-30 16:38:30,-2148746.5484503494,4426646.910602439,4044659.4747850453,39.60859345583386,115.89248242685576,49.342563364656165,12,1.7484231851446885,-2.009676811869185,-0.30140447480471255,-1.2331172350313442,2.3770199117652218
2026-05-30 16:39:00,-2148743.4883641466,4426640.370136378,4044651.888778514,39.60858196760967,115.89248362870616,49.78694423503415,7,1.7546432012631756,-1.9007085260599441,-1.558973894105899,-0.5964075900390445,2.529583862416278
2026-05-30 16:39:30,-2148747.5927905045,4426634.671645971,4044657.2879075524,39.60863860247443,115.89255559896434,49.753144168758794,10,1.7607613634963546,4.260286832597869,4.745026864808204,-0.8857855611406649,6.43816277396616
2026-05-30 16:40:00,-2148746.247617909,4426649.268551761,4044652.607623646,39.60853429466538,115.89246728595444,48.67906125903113,7,1.7667752246609048,-3.285386865643899,-6.815704387214336,-2.078343074652548,7.846470740835934
2026-05-30 16:40:30,-2148744.9061851674,4426638.843656623,4044657.136459776,39.60862279305324,115.89250624246564,48.77033632876441,7,1.7726823792925483,0.05273344683359604,3.0249544877427894,-1.9568344049583448,3.60310024253543
2026-05-30 16:41:00,-2148745.5557085164,4426642.380420303,4044654.292613391,39.60858318678471,115.89249506266984,49.90019429908079,8,1.7784804646081893,-0.8964514950931393,-1.3541037229157906,-0.5780018659043182,1.72374833791305
2026-05-30 16:41:30,-2148743.8344922834,4426643.420460249,4044650.5700000124,39.60855623303299,115.89247174424457,49.32526903661533,7,1.7841671614510124,-2.88352011412085,-4.3288352763033915,-1.5070510308100744,5.415229072474578
2026-05-30 16:42:00,-2148745.201352324,4426645.2498197835,4044660.503743698,39.60861252443873,115.8924767604702,49.16820930462932,12,1.7897401952180982,-2.4473463499298034,1.9365404727685873,-1.9552807635560514,3.6827728715626558
2026-05-30 16:42:30,-2148743.1831567893,4426640.245461187,4044656.4520842787,39.6086151220964,115.89248106554741,49.69998438885366,8,1.7951973367702496,-2.071821883285308,2.241802557763419,-1.0287876720641367,3.2212619729301175
2026-05-30 16:43:00,-2148745.2145898044,4426642.366755117,4044659.6409515366,39.608621321907364,115.89249155887376,48.554878677483266,11,1.800536403323603,-1.1669365028886591,2.9467935933153804,-2.665478437307324,4.141268958076604
2026-05-30 16:43:30,-2148742.8858330566,4426644.886881247,4044653.302556292,39.608570070107,115.89245435044792,48.750516000299584,10,1.8057552593227277,-4.341167328474236,-2.725456714095122,-2.339525035089494,5.6344676291579505
2026-05-30 16:44:00,-2148746.9393212046,4426645.812466638,4044650.072180053,39.608532707842635,115.89249210506782,49.08433314640075,10,1.8108518172948056,-1.104670084516393,-6.856083416024379,-1.412197980217866,7.086640878331666
2026-05-30 16:44:30,-2148743.644078456,4426640.8286205465,4044657.1699326728,39.60861596519477,115.8924829285518,49.11602111583837,9,1.8158240386845994,-1.881390998945363,2.4019500352368706,-1.7545027900107137,3.5195562366358653
2026-05-30 16:45:00,-2148745.230884939,4426639.544379996,4044657.4444788434,39.608620519958116,115.89250608072912,48.516295954429,7,1.820669934669852,0.10667980917811737,2.9238764804061645,-2.5048600033747226,3.8515916048907672
2026-05-30 16:45:30,-2148734.0546704377,4426647.485548786,4044657.3710690513,39.60860706347126,115.89234862874356,49.48055388828857,10,1.8253875669567774,-13.349698790148105,1.4464321496570112,-1.5231666940346682,13.513943189500973
2026-05-30 16:46:00,-2148745.3562961104,4426643.719460604,4044652.3995920443,39.60856362396007,115.89248616506623,49.34093702078256,9,1.8299750485553645,-1.5795973598053865,-3.359252222535128,-1.8123336411848527,4.130890526349215
2026-05-30 16:46:30,-2148744.095392647,4426638.31824688,4044658.5261747567,39.60863719071631,115.89250042085622,48.771262555376836,9,1.8344305445341367,-0.3518403281259912,4.822632430280471,-2.622373139131593,5.500765042694299
2026-05-30 16:47:00,-2148739.5370372366,4426645.328343976,4044654.594145531,39.60858514900165,115.8924170264546,48.90331213697587,7,1.8387522727541112,-7.474615809903374,-0.9381521456349642,-2.424413086668844,7.913772158005821
2026-05-30 16:47:30,-2148748.8189644935,4426643.580137151,4044655.248562958,39.60857551547153,115.89252314555881,49.01713995981869,9,1.842938504581621,1.6092652330650923,-1.9917594785872654,-1.8276623802525873,3.1459800042410975
2026-05-30 16:48:00,-2148748.6186822182,4426643.274013219,4044658.447090521,39.60859984555246,115.89252260414058,49.78183003448433,10,1.8469875655797487,1.5720806286257076,0.7244605113404831,-1.4421209531661217,2.2529965332757786
2026-05-30 16:48:30,-2148743.2959148665,4426643.5405562185,4044657.038141593,39.60860196452998,115.89246549188634,49.175464668627065,10,1.8508978361780852,-3.3026839451166747,0.9751122748020749,-2.025691944226546,3.9952463056369183
2026-05-30 16:49:00,-2148741.274433119,4426642.608049835,4044654.867325913,39.60859670684027,115.89244905807139,49.20062809803255,9,1.8546677523205248,-4.698627081549962,0.406816003576039,-1.4706366623303362,4.940178934495227
2026-05-30 16:49:30,-2148744.641090752,4426638.424243168,4044657.3575594528,39.608627151434625,115.892505598179,50.14273763323807,7,1.8582958060908776,0.1460416065109167,3.8013330885727528,-0.9353727939100911,3.9174460640444715
2026-05-30 16:50:00,-2148743.7826247914,4426638.279415235,4044656.1824653945,39.60862186449717,115.89249734200389,48.41815564498261,7,1.8617805463160066,-0.5502838946106572,3.2295077819608764,-2.780801663998905,4.297137509192929
2026-05-30 16:50:30,-2148745.5597580643,4426645.258930406,4044657.3542728764,39.60858966894965,115.89248046850855,48.981940587693785,11,1.8651205791462868,-1.9833853517523257,-0.32931776479901775,-2.589283944632287,3.278209723261838
2026-05-30 16:51:00,-2148744.708784965,4426644.239337524,4044653.7407704247,39.60857189800156,115.89247673881285,48.64799367506147,12,1.8683145686131166,-2.2923327136866294,-2.2871594412705347,-2.5573004589213393,4.1262177859669675
2026-05-30 16:51:30,-2148744.211775405,4426643.913943944,4044654.671250854,39.60858128760323,115.89247318710073,48.84323920378466,8,1.871361237163298,-2.5859166402852143,-1.2303288818493536,-2.4886855403136563,3.7939728183769224
2026-05-30 16:52:00,-2148742.4701236305,4426643.775314623,4044658.4563019224,39.6086126864102,115.89245564787747,48.92329278512372,7,1.8742593661700309,-4.075519952180932,2.269372577396949,-1.9396738786681247,5.051955020707685
2026-05-30 16:52:30,-2148746.973731818,4426640.383782512,4044657.5855466286,39.60861282989767,115.89252006918993,48.9008648627605,9,1.8770077964203533,1.443982309412588,2.299580606627174,-2.8468581120049903,3.9341780572517218
2026-05-30 16:53:00,-2148741.5629968457,4426642.129192808,4044656.071637325,39.608606829335265,115.89245451571045,48.83057213464471,11,1.879605428578812,-4.151346310793524,1.6476440758673765,-2.594764669932051,5.1653858408842455
2026-05-30 16:53:30,-2148746.4030628977,4426637.192582466,4044660.447653665,39.60865058830977,115.89253031790228,48.36578407826377,12,1.8820512236271765,2.3416826250313143,6.518859085587246,-2.6975592098233205,7.433426328727523
2026-05-30 16:54:00,-2148744.8772268197,4426643.170841621,4044653.297242462,39.60857388885165,115.89248393633383,48.58205093312464,7,1.8843442032800395,-1.613861819965492,-1.9809709946393508,-2.558051341185662,3.6155805508502383
2026-05-30 16:54:30,-2148744.278709267,4426638.33999719,4044654.8763076724,39.60861122578573,115.89250223053699,48.73116226305419,9,1.8864834503761108,-0.038436696253074776,2.177077402027101,-2.248036482135193,3.1296663430862237
2026-05-30 16:55:00,-2148743.888329869,4426644.2652352825,4044652.8211045987,39.60856741494845,115.89246801271285,48.84621769342616,9,1.8884681092450761,-2.9535160218613745,-2.6724398440418966,-2.2760944915175765,4.587569917258065
2026-05-30 16:55:30,-2148744.4996239706,4426641.164248004,4044655.288058431,39.60859900784887,115.89249018395877,48.397274557968935,10,1.8902973860498486,-1.0462774008867948,0.847692829839894,-2.704312162605336,3.021023635489061
2026-05-30 16:56:00,-2148745.32209973,4426639.541427436,4044657.7754546506,39.608622610216145,115.89250705123416,49.63786914901249,9,1.8919705491040975,0.40751410297061186,3.4807094416757476,-1.4586779158125058,3.7959382533926647
2026-05-30 16:56:30,-2148745.740995571,4426645.4755696505,4044656.136591565,39.60857962924808,115.89248126544193,49.96080554392395,11,1.893486929164909,-1.7861014823703294,-1.2771929458174274,-1.1597304303935667,2.4832146498746606
2026-05-30 16:57:00,-2148741.44620602,4426639.950343381,4044661.2980552935,39.60865469601962,115.89246437126532,48.14396624440867,10,1.8948459197004766,-3.2192128096383814,7.068033117134975,-3.168412840136547,8.388042869716317
2026-05-30 16:57:30,-2148756.2810254795,4426646.339686458,4044654.687824213,39.60853877926428,115.89258728016266,48.0848739158093,11,1.8960469771327064,7.303248103281801,-5.786084795846179,-3.66886481869766,10.013829396424175
2026-05-30 16:58:00,-2148744.9605236533,4426635.724633417,4044659.459127073,39.608654865828015,115.8925226712431,48.544761844100115,8,1.8970896210546386,1.7899927879884394,7.11199139657832,-3.0316220480087916,7.935693293470186
2026-05-30 16:58:30,-2148744.2311163465,4426639.730902803,4044655.211053341,39.60860651738445,115.89249465953802,48.48299400873066,8,1.8979734344226071,-0.5934817444978675,1.7576056713160644,-2.8340020498266596,3.387176684986529
2026-05-30 16:59:00,-2148741.7652517213,4426640.814196928,4044656.5509870215,39.608616425250794,115.89246332082735,48.421962460670734,10,1.8986980637230482,-3.261350663636944,2.869492468188424,-2.819941050697514,5.179040712873787
2026-05-30 16:59:30,-2148741.832989877,4426642.14262134,4044658.1767839193,39.608620733206244,115.89245727565743,48.90751329737337,9,1.8992632191139034,-3.7660911487794926,3.359609534254515,-2.2224234419046924,5.5144886180584844
2026-05-30 17:00:00,-2148744.1539435238,4426642.997901827,4044652.9677641448,39.60857429258651,115.89247723916958,48.411329595709304,10,1.8996686745405515,-2.0465486885309714,-1.783546585332078,-2.8108881663499243,3.9077477196338553
2026-05-30 17:00:30,-2148743.7533009755,4426644.8866923945,4044657.494576082,39.60859707198309,115.89246343829254,48.87641393785761,7,1.8999142678262282,-3.2142997418436496,0.7565360733779378,-3.1242464434963995,4.5458756582685105
2026-05-30 17:01:00,-2148745.9862881494,4426640.79482526,4044653.561979034,39.60858518583869,115.89250763547373,48.362493393241444,8,1.8999999007368933,0.5778431649417268,-0.5514410152959355,-3.301292507553062,3.3965456182784393
2026-05-30 17:01:30,-2148748.80253644,4426641.648685077,4044659.452125112,39.60861474173333,115.89253279448806,49.077184413781886,8,1.8999255390205247,2.7420216896843637,2.740461890810339,-2.549081276881972,4.639679911139722
2026-05-30 17:02:00,-2148745.167266217,4426639.0166726615,4044656.8163212836,39.60861902334283,115.89250809758926,48.416984222576,9,1.8996912124208172,0.6428129342340115,3.22673119702487,-3.011974250244791,4.460604395192401
2026-05-30 17:02:30,-2148750.3667661487,4426636.826542543,4044653.0120465104,39.60859083649149,115.89257369966109,48.833139293585475,12,1.8992970146652866,6.265748687568729,0.10881181261297512,-2.3091418561024235,6.678591373780666
2026-05-30 17:03:00,-2148744.4269420374,4426642.686118574,4044657.200327514,39.60860466443439,115.8924816842272,48.52446365782869,10,1.8987431034277789,-1.5900842446308823,1.654343495213694,-3.0200549562579257,3.792881786188081
2026-05-30 17:03:30,-2148743.022027925,4426644.231491267,4044653.4406842683,39.60857406308908,115.8924591096224,48.644158984696126,8,1.8980297002654043,-3.5074884597297302,-1.7319684384633556,-2.971103803846963,4.912193784879046
2026-05-30 17:04:00,-2148741.760715748,4426643.926355742,4044659.441404419,39.60862053521052,115.89244744868853,48.67787784617608,12,1.897157090529915,-4.491494587004791,3.4366803089199367,-2.6213909166061624,6.233456946869584
2026-05-30 17:04:30,-2148747.770194898,4426642.841002805,4044656.948394339,39.60859376485387,115.89251591785042,48.98910133213201,10,1.896125623253571,1.3770312532586462,0.47521838553634876,-2.549257507873165,2.9361133199947433
2026-05-30 17:05:00,-2148745.475109083,4426640.948102819,4044660.1791329687,39.608631714966,115.89250150139624,48.42342576221897,9,1.8949357110095306,0.15757902034350668,4.697531446649451,-3.213978565773767,5.693969710243119
2026-05-30 17:05:30,-2148746.5655222973,4426646.403871316,4044654.534197625,39.60856164458283,115.89248518230002,48.12257483258761,11,1.8935878297468252,-1.224485131805151,-3.0706289393311166,-3.451759517540617,4.779411018943845
2026-05-30 17:06:00,-2148747.7235823236,4426644.27865634,4044653.235594312,39.608560651315685,115.89250811942304,48.427933865135635,12,1.8920825185999892,0.7505923051107539,-3.1714293041253447,-3.095891641476823,4.49509707295877
2026-05-30 17:06:30,-2148742.3194331615,4426641.137672814,4044649.1929118983,39.608562180520956,115.8924674811806,48.10317061256033,10,1.89042037967341,-2.710972071019678,-2.992436450301404,-3.4196126991578226,5.291294406020387
2026-05-30 17:07:00,-2148746.3628940643,4426638.844289685,4044654.85734487,39.6086032939437,115.89252149854413,47.88932438261321,8,1.8886020778004977,1.9221543792810667,1.5802019918127308,-3.827842708964672,4.56553344060607
2026-05-30 17:07:30,-2148746.4637403605,4426644.487029247,4044655.836921183,39.60858082528569,115.89249386282714,48.527354384179944,12,1.8866283402777566,-0.4273050809476566,-0.9049743844360743,-2.484348065756838,2.6783490400839987
2026-05-30 17:08:00,-2148739.723841817,4426638.027659528,4044658.0962811518,39.60864661264951,115.89245610558444,48.94964111680831,12,1.8844999565738807,-3.6422352057959904,6.40606253391489,-3.0618188790554495,7.979865245159732
2026-05-30 17:08:30,-2148740.206207254,4426644.758172661,4044652.4823807394,39.608571718024315,115.89242693532422,48.04020519687913,9,1.8822177780139724,-6.1227547300169745,-1.8988076999110453,-3.335881224829584,7.22645831035904
2026-05-30 17:09:00,-2148742.207493669,4426635.239591288,4044656.367313009,39.60864272479368,115.8924962990534,48.55671181573809,10,1.8797827174390274,-0.17692624435142335,5.99116927598473,-3.0548158939948,6.727355523208725
2026-05-30 17:09:30,-2148741.64372222,4426644.8030003905,4044657.7019161247,39.60860421388975,115.89244176562315,48.834136975208054,11,1.8771957488408098,-4.826251015671107,1.7244757444175216,-2.836187403956856,5.8575143576191335
2026-05-30 17:10:00,-2148745.776262538,4426637.424013065,4044651.8892066306,39.60859141470321,115.8925225752748,47.39259256136062,8,1.8744579069722644,2.098547267770439,0.311572918729075,-4.33083309197329,4.822560895342127
2026-05-30 17:10:30,-2148739.244099232,4426639.669464853,4044656.3425937,39.608627161641955,115.8924427319719,49.01141852586957,8,1.871570286933637,-4.715033116224052,4.287078949333621,-2.839138250591737,6.976481148177931
2026-05-30 17:11:00,-2148744.096885208,4426639.893265431,4044656.563025799,39.608615424060524,115.89249242786305,48.31379900395587,12,1.868534043734439,-0.45082184709231654,2.991591097316494,-2.9694208209244897,4.2391411445125184
2026-05-30 17:11:30,-2148748.789312805,4426640.788175551,4044661.1725837733,39.60863117284123,115.89253703147514,48.714531116920625,10,1.8653503918314707,3.377987273514442,4.746876235776756,-3.2100405563628027,6.651916445003023
2026-05-30 17:12:00,-2148745.433830932,4426643.776328455,4044656.026673596,39.608588374383814,115.89248668809712,48.56306527164884,8,1.8620206046430419,-0.9126544605069373,0.0032037039160215386,-3.110478176020534,3.2416080749378104
2026-05-30 17:12:30,-2148741.6747308844,4426639.9823867595,4044651.5420633806,39.608586079784324,115.8924666021738,48.87190738163678,8,1.8585460140396328,-2.6157224341587417,-0.2447558391275071,-3.2846986803974723,4.206085435931281
2026-05-30 17:13:00,-2148746.0058662174,4426636.138127366,4044656.6080517024,39.608630290282285,115.89253151887581,47.40868660581914,10,1.8549280098111591,2.950388241115665,4.669134223412362,-4.0574514987593,6.85335814286239
2026-05-30 17:13:30,-2148748.151865574,4426644.621810379,4044656.796683311,39.60858259360076,115.8925108609022,47.716488490498776,7,1.8511680391110699,1.1985278474982868,-0.6188897883014215,-4.0916350670320485,4.3082445488921595
2026-05-30 17:14:00,-2148748.0177174956,4426642.17247161,4044656.6711430815,39.60859465726351,115.8925219100292,48.549226252320736,10,1.8472676058775157,2.1582032985264257,0.7262663555479709,-3.540031825828945,4.209172083064922
2026-05-30 17:14:30,-2148747.5786241083,4426641.231130838,4044655.081646344,39.60858953774018,115.89252209696205,48.01496090148289,11,1.8432282702317822,2.18904189610263,0.16386990815777192,-4.043779902616544,4.6011861156116804
2026-05-30 17:15:00,-2148746.1538934815,4426641.059655877,4044652.556882591,39.60857641135685,115.89250804456405,48.30463508275392,11,1.839051647854273,1.0022411080108098,-1.2875077808192434,-3.326942975012128,3.705497683610041
2026-05-30 17:15:30,-2148741.741199591,4426637.7528179865,4044657.41330748,39.608638236368904,115.89247863531362,48.06780338374964,10,1.8347394093382494,-1.4977675752575068,5.5804988224604894,-3.8470853216222634,6.941566126517642
2026-05-30 17:16:00,-2148742.3533555707,4426638.023918722,4044655.292934989,39.608620559449264,115.89248366927836,47.78189155528119,12,1.8302932795216247,-1.0522664626754588,3.6235696304545826,-3.4225764488294796,5.09426649512042
2026-05-30 17:16:30,-2148747.250962225,4426645.009074616,4044658.5248258836,39.60859487522201,115.89249945463024,48.33564564143951,7,1.8257150367970412,0.3127037040059686,0.7776071660292976,-3.756505224242424,3.848868406547539
2026-05-30 17:17:00,-2148749.445999862,4426639.794157853,4044653.9768211637,39.608584580150215,115.89254896475863,48.19679526014973,7,1.8210065124005481,4.561741085972517,-0.3603818880277492,-4.028672523060224,6.096684274154976
2026-05-30 17:17:30,-2148740.225822497,4426640.792294432,4044657.6044197762,39.60862771227886,115.89244730637945,47.77241868873833,9,1.8161695896791263,-4.116554673829074,4.431824775515704,-4.857329741174812,7.7576249869402805
2026-05-30 17:18:00,-2148745.565004061,4426641.426006942,4044654.1010239823,39.60858674108473,115.89250001302456,48.334610659706875,7,1.8112062033373695,0.4059256750984845,-0.11166157442824343,-3.602049688290577,3.6265694420239907
2026-05-30 17:18:30,-2148745.1745918044,4426640.199183596,4044651.9997215634,39.60857940775145,115.89250216151352,48.3889843265747,8,1.8061183386636401,0.6048982028864058,-0.9215701765096791,-3.6793297607054014,3.8409192798208807
2026-05-30 17:19:00,-2148745.682913387,4426642.049228984,4044659.364453577,39.608619862150206,115.89249807919889,47.89898979810115,12,1.8009080307359668,0.2710739633127876,3.5727340815518156,-4.44140462591825,5.706486218523271
2026-05-30 17:19:30,-2148742.2687254273,4426642.56588059,4044654.8259298317,39.608594152536625,115.89245968789156,48.69651183961716,8,1.795577363608055,-2.99669339753779,0.7226070174706765,-3.5302313580140217,4.686668930237122
2026-05-30 17:20:00,-2148748.031610099,4426639.855676617,4044655.127473659,39.60859580213153,115.8925338359623,47.99675045687757,12,1.7901284694756767,3.3595300983254726,0.9091256188108412,-3.886185541687064,5.216837158350884
2026-05-30 17:20:30,-2148744.185140029,4426646.329104057,4044652.900238796,39.608556605435794,115.89246062755123,47.70423207811569,12,1.784563527823838,-2.8856022133382724,-3.438521009738455,-3.7956580974071743,5.878532747246386
2026-05-30 17:21:00,-2148739.843821464,4426636.909315275,4044654.219772906,39.608625094891664,115.89246304892971,47.65254567608301,12,1.7788847645549977,-2.6631212614835342,4.166767763064777,-3.7678248251125916,6.21696649157901
2026-05-30 17:21:30,-2148744.3375088926,4426641.412201335,4044658.517702052,39.608620608321104,115.89248722498522,48.2029597850164,12,1.7730944510987494,-0.5802320660413463,3.671489748785427,-3.199605529203496,4.90448588217039
2026-05-30 17:22:00,-2148748.9162415657,4426641.78039992,4044654.7294483655,39.60858092044981,115.89253331582759,48.322137668026514,10,1.7671949035032744,3.3767551588233373,-0.7313608934414122,-3.2963833270270957,4.775301791279549
2026-05-30 17:22:30,-2148743.3216596344,4426644.556373294,4044655.696803721,39.60858734092579,115.8924605963683,48.04652486399264,8,1.7611884815089471,-2.826457272615575,-0.016413595719134477,-4.252651990169729,5.1062881890410825
2026-05-30 17:23:00,-2148742.696627206,4426643.795370101,4044659.7419798104,39.608620963064986,115.8924579185668,48.2204411880324,12,1.7550775876044853,-3.039941952668109,3.717689385139453,-4.166650406845432,6.357942831831327
2026-05-30 17:23:30,-2148746.569040133,4426649.999740191,4044651.4610938085,39.60852175250028,115.89246693498379,48.040414403576555,10,1.7488646660659684,-2.253360965068693,-7.292866996524514,-4.338809592776163,8.780023539277002
2026-05-30 17:24:00,-2148750.056483991,4426647.951937721,4044660.97055432,39.60858974406006,115.89251387914656,47.7361300907618,9,1.7425522019791788,1.7766788710415469,0.25578294924739486,-4.474326576605059,4.820955407597701
2026-05-30 17:24:30,-2148745.8925401345,4426641.221674711,4044658.146602827,39.608615122863014,115.89250448300953,48.168239709772806,11,1.7361427202455815,0.9887164484262572,3.074187167869505,-3.8207254867806784,5.002612337950804
2026-05-30 17:25:00,-2148743.993109839,4426645.549403964,4044654.7164524794,39.608573733600586,115.89246258059667,48.21541390701736,11,1.7296387845724135,-2.5790518163795886,-1.5188937853043996,-4.19898061910831,5.156547763984582
2026-05-30 17:25:30,-2148746.3309469954,4426638.723964299,4044657.29664732,39.60862096509548,115.89252177572162,47.52922835933006,12,1.7230429964472285,2.4986818790980863,3.7246992476747045,-4.819835367103957,6.583890079925985
2026-05-30 17:26:00,-2148746.590167035,4426638.879804036,4044653.6012662984,39.60859380400643,115.89252369868761,47.396108676343715,11,1.7163579940973293,2.678717398753421,0.7104852564586599,-4.289193334850056,5.10661293478873
2026-05-30 17:26:30,-2148741.758070633,4426642.340511158,4044654.53822489,39.608594585642024,115.89245548463921,48.003721771765974,10,1.7095864514345283,-3.1391029398175183,0.7976833984870202,-4.635654504870388,5.655047193394402
2026-05-30 17:27:00,-2148744.537751417,4426639.726894934,4044656.590082746,39.60861536724995,115.89249789197706,47.48170930786298,9,1.7027310769855997,0.5030166715817043,3.1046481050633536,-4.916183297173575,5.836156598273478
2026-05-30 17:27:30,-2148746.3252206906,4426644.376382011,4044656.717322289,39.608587866219054,115.8924929744256,48.39585338702861,10,1.6957946128089245,0.09808552974390321,0.05200950694420592,-2.9989936437091247,3.0010479228038753
2026-05-30 17:28:00,-2148744.193057321,4426640.689248907,4044655.662340725,39.608604821620744,115.89248938788214,47.733804751026966,9,1.6887798333976831,-0.19302402867605958,1.9338045351854527,-4.375702842990202,4.787863158665115
2026-05-30 17:28:30,-2148745.8632154195,4426641.935219111,4044653.536317122,39.60857944720637,115.89250054761058,48.02184045370528,10,1.6816895445701163,0.7769101081015726,-0.8832403746674478,-3.80050469932731,3.978383948932287
2026-05-30 17:29:00,-2148744.236829459,4426639.590554674,4044653.4117293046,39.60859470581033,115.89249543302367,48.41626125524734,7,1.6745265823472137,0.3551184002172136,0.8097494669570064,-3.474925725712735,3.585653647053793
2026-05-30 17:29:30,-2148742.1773147685,4426649.804881355,4044655.4266596586,39.60856131514234,115.8924219217132,48.771368619845454,9,1.6672938118183622,-5.915719327177268,-2.8975600607008056,-3.195870812327518,7.321555825942602
2026-05-30 17:30:00,-2148743.522596693,4426642.270559705,4044652.601579231,39.60857706377433,115.89247432406718,47.46202302697591,10,1.6599941259953406,-1.4188908115675443,-1.1506373359231812,-4.947228320168522,5.273735437604796
2026-05-30 17:30:30,-2148742.0443578367,4426643.544351053,4044652.6628949083,39.608574628494196,115.89245236229881,47.22023653757699,7,1.6526304446551445,-3.281422945131104,-1.4223587325768303,-5.2320975360700155,6.337640376032738
2026-05-30 17:31:00,-2148746.100058607,4426641.301889917,4044653.3097700356,39.608580537961274,115.89250624892655,48.310669751037594,8,1.6452057131721347,1.3423078365579337,-0.7680428630952576,-3.7399254783318705,4.047063472582592
2026-05-30 17:31:30,-2148745.8154223277,4426640.933086683,4044654.307424275,39.608590087896125,115.89250514259368,48.18450874717718,11,1.6377229013399037,1.26322447363244,0.2901354908307905,-3.852335975622945,4.064530371752974
2026-05-30 17:32:00,-2148744.302564301,4426643.942326661,4044651.1571449065,39.608556464227384,115.89247399381118,48.11701980647741,12,1.63018500218342,-1.384998721900463,-3.444185324158906,-4.305774751949837,5.685097204212623
2026-05-30 17:32:30,-2148744.5840334236,4426631.954434007,4044656.722436204,39.60865616279759,115.89253789812197,47.60307629906664,12,1.6225950307618375,4.095349833026057,7.620033515161261,-4.6486526572165925,9.820731772861649
2026-05-30 17:33:00,-2148747.7935327413,4426643.836556661,4044657.645162183,39.60859343233045,115.89251110014528,47.83697186651676,11,1.6149560229625315,1.819146368720723,0.6544006757697689,-3.7898339557973157,4.254453568649216
2026-05-30 17:33:30,-2148741.097065677,4426641.016420555,4044657.830998809,39.608625959695104,115.89245529318883,47.83604766478474,10,1.6072710342867644,-2.9378250508684656,4.262158998036643,-4.449124162764441,6.825798207517522
2026-05-30 17:34:00,-2148745.3512334693,4426639.050820663,4044657.7846493763,39.60862512565884,115.89250985104536,47.99132284726112,10,1.5995431386275438,1.74317093054988,4.166574051972175,-4.0805904406090425,6.086887757111335
2026-05-30 17:34:30,-2148741.419402861,4426641.919075993,4044655.141328879,39.60860179609885,115.89245407993276,47.89081610130297,9,1.591775427040099,-3.010793887132576,1.573758639053648,-3.89530674377358,5.168656567511408
2026-05-30 17:35:00,-2148747.5090675903,4426648.78780287,4044653.0049592196,39.608536382304344,115.89248294435049,47.11162901644861,9,1.5839710065054917,-0.5270699920652488,-5.69063367370444,-5.431584880615404,7.884366093743009
2026-05-30 17:35:30,-2148744.6022132877,4426643.856830021,4044659.843330902,39.60861659283428,115.89247756741983,48.08323931886165,9,1.5761329986878834,-0.9715759664795025,3.209047657577578,-3.671893562128528,4.972398722834448
2026-05-30 17:36:00,-2148743.889080466,4426639.686455015,4044654.7493621605,39.60860438793453,115.89249130265512,48.239418363470634,11,1.5682645386858902,0.21828361336067387,1.8503904546545213,-4.351286891551812,4.733422671083683
2026-05-30 17:36:30,-2148745.443463916,4426640.273290438,4044656.2530688494,39.60860794907475,115.89250460118147,48.10560807751478,12,1.5603687737786072,1.3707581872576873,2.2415384144534327,-4.2988400103846525,5.038203837310308
2026-05-30 17:37:00,-2148742.6013683765,4426641.839298513,4044659.466388546,39.60862934767098,115.89246686689529,48.02202693115361,7,1.552448862166716,-1.8409483749937108,4.612419311151209,-4.3646748639647726,6.61164801614533
2026-05-30 17:37:30,-2148740.4473660104,4426638.5048388075,4044658.3158820732,39.60864387844924,115.89246125829226,47.09993843576478,10,1.5445079717092671,-2.3054275145453045,6.220748363698849,-5.1225507666292645,8.381720144813864
2026-05-30 17:38:00,-2148745.86489935,4426642.238441904,4044653.6591329114,39.608578737418384,115.89249902342878,46.97976136189311,10,1.536549278656569,0.9392112787382043,-1.014716786803671,-5.336109324404937,5.512334415248365
2026-05-30 17:38:30,-2148744.8446511575,4426641.986318019,4044657.90248142,39.60861210723241,115.89248961813736,47.693532621838315,9,1.528575966379723,0.14995941174393504,2.6842991476050537,-4.56406297478411,5.297038849847997
2026-05-30 17:39:00,-2148745.2434439184,4426641.937756412,4044655.210442961,39.608592630333426,115.8924940424896,47.478822052888106,9,1.5205912240973354,0.5433179881388531,0.5171079651778845,-4.6138698057506105,4.674440037940677
2026-05-30 17:39:30,-2148742.010254882,4426641.84769904,4044655.0192659465,39.60859983839565,115.89246063215532,47.545980711331225,12,1.512598245599852,-2.2988599239322864,1.311726260773764,-5.025169143010153,5.6795869259063965
2026-05-30 17:40:00,-2148743.672445479,4426645.054509902,4044649.7211585785,39.608542324267454,115.89246173800281,47.97073947794157,10,1.504600227972106,-2.189394541790905,-5.078039007030786,-3.9091679835581075,6.772113624284946
2026-05-30 17:40:30,-2148744.377776154,4426640.9054489555,4044656.60671025,39.60860981868277,115.89249022351655,48.33375291294659,8,1.5033996296854963,0.2614232540009711,2.407924448262298,-3.447920071862593,4.213620187941089
2026-05-30 17:41:00,-2148742.1180262556,4426641.08279353,4044653.8505368936,39.608595372932896,115.89246565045399,48.619879514702774,11,1.5113981275365491,-1.8251933098197002,0.7983108120061932,-3.598628765456106,4.113242001432048
2026-05-30 17:41:30,-2148743.3603654793,4426643.974881482,4044655.5869711293,39.60858947190178,115.89246395857276,47.18536381618583,9,1.5193920662885634,-1.9551557209322845,0.1369430867323187,-4.873068386827394,5.252445411881456
2026-05-30 17:42:00,-2148743.7380081727,4426639.845149268,4044653.7530940436,39.60859701686067,115.89248891321873,47.53258723372403,9,1.5273782484726195,0.19353252210688,0.9678632956775732,-4.5712512469366935,4.676596215074932
2026-05-30 17:42:30,-2148742.659331557,4426642.696092765,4044658.34513807,39.60861699312535,115.89246311746423,48.01820967468955,8,1.5353534797223223,-1.9978331885063432,3.1784424369939517,-4.370063259498704,5.76118795617726
2026-05-30 17:43:00,-2148747.253946558,4426646.0051649865,4044652.6414534077,39.608548807218185,115.89249442099522,47.62650844484891,7,1.5433145700515123,0.693656178732196,-4.397194530166585,-4.830614021731337,6.568965706819277
2026-05-30 17:43:30,-2148745.9891376304,4426641.429432651,4044657.291181881,39.608607860792866,115.89250443848213,47.21576643402747,10,1.551258335130199,1.5647715148590142,2.150536962812893,-4.608863955216119,5.321179012195421
2026-05-30 17:44:00,-2148747.11936428,4426634.93240128,4044656.340553613,39.60863185170685,115.89254931384747,46.79800325886433,7,1.5591815975582715,5.416733878085308,4.806100132799678,-5.510098706918864,9.099494060247697
2026-05-30 17:44:30,-2148745.88407104,4426640.19148881,4044656.7392608537,39.60861065238202,115.89250963256593,48.05761229997646,8,1.5670811881363955,2.037647253771802,2.445334877132912,-4.283874521849308,5.336970105881805
2026-05-30 17:45:00,-2148744.0004694485,4426640.174630993,4044650.573764995,39.60857254486205,115.89248998720747,47.049154721207614,12,1.5749539471336715,0.37188405236833905,-1.792450854805451,-5.738690946546222,6.023599554690722
2026-05-30 17:45:30,-2148742.382760906,4426640.061892935,4044657.6591587365,39.60862646419486,115.8924736146526,47.66120322225959,7,1.5827967255514641,-1.0140785126358218,4.184534386536196,-4.322206637195099,6.10083219540637
2026-05-30 17:46:00,-2148744.9910827703,4426642.867037544,4044658.7197460225,39.60861289651029,115.89248667377169,47.693567377646055,9,1.5906063863829805,0.11676854604464726,2.670252172670734,-4.322316204798055,5.081958179015055
2026-05-30 17:46:30,-2148743.762585051,4426645.469681206,4044654.0400516377,39.60857001322817,115.89246057117998,47.09030444860349,7,1.5983798058680125,-2.1014324683442736,-2.0982687028068634,-5.194190762767167,5.983173710348553
2026-05-30 17:47:00,-2148744.751697101,4426643.699708269,4044652.5132187037,39.60856602616924,115.89247993221869,47.73646671236499,10,1.606113874742408,-0.4318335551127034,-2.5495149172187235,-4.559682210949076,5.24187069635331
2026-05-30 17:47:30,-2148739.641933643,4426641.030577277,4044657.46600161,39.60862698145483,115.89243997841596,47.285914715139484,12,1.6138054994817421,-3.8347088413420383,4.207634246264921,-4.76348144473579,7.422932932645312
2026-05-30 17:48:00,-2148746.3214068804,4426643.988190235,4044657.017788191,39.608591963626615,115.8924949083439,47.14915592288562,7,1.6214516035386672,0.8764382316506242,0.3115641935222768,-5.7764692033178475,5.850881359031611
2026-05-30 17:48:30,-2148745.7955206735,4426639.371008918,4044654.6596563254,39.608600625444,115.892512876948,47.85551454463735,11,1.6290491285735125,2.4266982954637193,1.263732527968434,-4.317549285409445,5.11146909913301
2026-05-30 17:49:00,-2148747.5536047295,4426644.31143421,4044655.6524288636,39.60857772313868,115.8925061722098,48.013101959146084,11,1.636595035677558,1.866892674481853,-1.287917693517218,-4.7663459107666375,5.278453711494548
2026-05-30 17:49:30,-2148745.4031039146,4426642.182158952,4044659.2256891835,39.60861891153495,115.89249447222413,46.68852078713146,12,1.644086306588578,0.8798181945198486,3.2743003919140277,-5.493284445418028,6.45533090632604
2026-05-30 17:50:00,-2148744.0505345287,4426640.278321328,4044656.97053253,39.60861639403009,115.89248998440591,47.00050018042057,9,1.6515199448980875,0.5094064446743207,2.984965279863829,-5.130494609163294,5.957473254872563
2026-05-30 17:50:30,-2148747.1841417635,4426637.406414352,4044654.896013945,39.60860890996119,115.89253741255882,47.52675166761677,9,1.6588929772498744,4.578561472028389,2.144144809715389,-5.059260979520107,7.152391472582227
2026-05-30 17:51:00,-2148744.40275277,4426641.317065317,4044648.708147456,39.60855268152005,115.89248839217261,47.61715825617598,12,1.6662024545293086,0.3996904713773157,-4.107496274562924,-4.441324355014277,6.062725471675352
2026-05-30 17:51:30,-2148747.510376798,4426639.240294232,4044655.59547804,39.60860352642557,115.89253150503771,47.57265074413167,7,1.6734454530429317,4.099617314800893,1.5258103048441152,-4.624009885820803,6.365251498436829
2026-05-30 17:52:00,-2148745.256170177,4426640.688166635,4044653.327276305,39.60858592505514,115.89250052968968,46.91580467406276,7,1.6806190756879154,1.4636877410143003,-0.43861205201774256,-5.766483276674657,5.965491741301739
2026-05-30 17:52:30,-2148745.5785336075,4426639.019168779,4044654.1184266983,39.60859921183751,115.89251239299975,46.89488980918024,9,1.6877204531108436,2.4910587376645625,1.0253597822139584,-5.678187980997393,6.284787591082142
2026-05-30 17:53:00,-2148738.586860086,4426641.90510458,4044648.7562816218,39.6085645160745,115.89242447954328,46.89876880170837,7,1.6947467448554359,-5.014221641722087,-2.836920125934542,-5.4676592999371545,7.942659044264449
2026-05-30 17:53:30,-2148746.4231497096,4426643.254562298,4044653.8014915073,39.60857310564439,115.89249970445356,47.55549185525604,9,1.7016951404986722,1.4313864509269436,-1.894715697470444,-4.655459653348321,5.226099820142379
2026-05-30 17:54:00,-2148747.5759260454,4426643.596240658,4044649.9961389024,39.608541991561935,115.89251004263093,47.04485149437616,9,1.7085628607749443,2.32800772094285,-5.359802675147225,-5.16159633244949,7.79674171461649
2026-05-30 17:54:30,-2148747.3256428465,4426639.284874143,4044660.4562736754,39.60863757905401,115.89252934323645,47.671984772445924,12,1.7153471586877074,3.990950820536076,5.23880076870902,-5.201954654897622,8.392440299327417
2026-05-30 17:55:00,-2148743.5927125257,4426645.391585576,4044649.9904520423,39.60854266281124,115.89245918883302,47.18476795803821,11,1.7220453206082502,-1.9960857090212896,-5.308693035432871,-4.959339783556772,7.5340315230944865
2026-05-30 17:55:30,-2148746.52610488,4426639.174560667,4044654.4953530077,39.60859866835993,115.89252152885,47.52339263186913,12,1.728654667361117,3.3472007062710523,0.8959510312794507,-4.676555659952889,5.82036542316284
2026-05-30 17:56:00,-2148745.8326077648,4426640.429814798,4044652.8747384055,39.60858266596317,115.89250788164256,47.110148583956445,9,1.7351725552957251,2.192219693967644,-0.8924661054802665,-5.507187624865605,5.994283816397382
2026-05-30 17:56:30,-2148744.4768624525,4426639.675896919,4044655.788481309,39.60861020429665,115.89249751346757,47.45795622729099,8,1.7415963773438095,1.317530217922621,2.151960306880733,-5.118645918805819,5.706781499202235
2026-05-30 17:57:00,-2148743.8084751656,4426635.101069629,4044652.1837615455,39.608610330548096,115.89251377400308,46.96359987692066,9,1.7479235640621962,2.7199097174697697,2.1534698798185046,-5.152257438825916,6.211368457144447
2026-05-30 17:57:30,-2148742.1128880843,4426646.518640047,4044650.095428325,39.60854129025207,115.89243795659232,47.62492262440844,7,1.7541515846605638,-3.752003124018973,-5.522681248606633,-4.678140450918844,8.152455684938287
2026-05-30 17:58:00,-2148745.3334749425,4426642.5156793045,4044656.6401025304,39.6085993793439,115.89249204697066,47.67553070199495,8,1.7602779480137074,0.8851991103050477,0.9123575683289127,-4.926094517018929,5.087472947149287
2026-05-30 17:58:30,-2148746.033735492,4426642.181826903,4044651.299415255,39.60856218849298,115.89250107989277,47.82488169463492,10,1.7663002036579742,1.6691261740925865,-3.2288475159894596,-5.010669004852953,6.190173046268281
2026-05-30 17:59:00,-2148745.1041308083,4426639.126524667,4044651.669982705,39.60858280840903,115.8925068776602,47.87701870940718,8,1.7722159427713997,2.176266855202564,-0.953225848109142,-4.7589509210160825,5.319059203580692
2026-05-30 17:59:30,-2148743.4656718476,4426640.836588886,4044655.435956239,39.608604305037694,115.89248101919188,47.760359719830355,8,1.7780227991372124,-0.023847500603487837,1.41954443760895,-4.359861940748194,4.585201332113581
2026-05-30 18:00:00,-2148743.4019290367,4426637.976189863,4044653.6063442873,39.60860645117256,115.89249489597861,47.749969766243055,10,1.7837184500902932,1.1739209707103508,1.6442453532870365,-4.701534544552659,5.117231702874271
2026-05-30 18:00:30,-2148747.5008330634,4426639.731940767,4044656.7862953334,39.60860930619935,115.89252890514715,47.683131248741475,10,1.789300617446198,4.09320456800273,1.9474706597761722,-4.854411326377464,6.641707230213424
2026-05-30 18:01:00,-2148745.827586252,4426640.00586714,4044654.6980529716,39.60859754609955,115.89250998472346,47.256356330683744,8,1.7947670684124166,2.486008616999656,0.628256274014924,-4.989795759081588,5.610080793267086
2026-05-30 18:01:30,-2148746.884757115,4426637.355404224,4044654.0525163063,39.60860405120541,115.89253453582475,47.742445601206164,12,1.8001156164814436,4.596202919255961,1.336321067467163,-4.452311787186373,6.537118288715014
2026-05-30 18:02:00,-2148746.381461032,4426643.50134982,4044658.459539351,39.60860434995817,115.89249801289725,47.5911812086348,9,1.805344122305368,1.4834321177539884,1.3553240348367133,-4.723547561273029,5.13316429222741
2026-05-30 18:02:30,-2148745.8711342323,4426640.277448701,4044656.636841169,39.608609529798585,115.89250905996303,46.514279352286366,11,1.810450494551571,2.4385345520871424,1.9159731386248156,-5.958580137925768,6.717297156575562
2026-05-30 18:03:00,-2148741.7452158416,4426634.156362889,4044655.5296019055,39.60864362401743,115.89249696458816,46.70467211964275,7,1.815432690739236,1.4144397096288237,5.685965716255887,-5.109117212968268,7.773925939604831
2026-05-30 18:03:30,-2148746.334483932,4426641.327618336,4044660.120188972,39.608627205902465,115.89250857375106,47.259971367172824,8,1.8202887180563203,2.417328560948274,3.8489387913225324,-5.374994456168498,7.039060490915367
2026-05-30 18:04:00,-2148747.046882575,4426640.537305775,4044657.514152331,39.608611360558925,115.89252005482457,47.98891011273927,12,1.8250166341566398,3.409120443721284,2.075341150289137,-4.752422533863648,6.206018291163571
2026-05-30 18:04:30,-2148745.8663906483,4426635.964163813,4044660.1573644173,39.60865622922716,115.89253094241114,46.75686862353689,8,1.8296145479367958,4.350014822657217,7.040852597727755,-5.389180799794796,9.876208986911124
2026-05-30 18:05:00,-2148744.9612620515,4426643.762812526,4044657.2520704763,39.60859815027775,115.89248180657845,47.17128930596939,11,1.8340806202925772,0.15777958695325733,0.5790344156982052,-5.908202823131748,5.938605547759849
2026-05-30 18:05:30,-2148745.745877671,4426644.6916157715,4044655.5191951864,39.60857935483968,115.89248530281155,47.81625055249274,12,1.8384130648545922,0.46629885914914504,-1.5224559116183443,-4.579666196857415,4.848571862260464
2026-05-30 18:06:00,-2148742.032549306,4426643.74909677,4044657.411214192,39.60860664259474,115.89245119751699,48.30852792001996,10,1.8426101487027777,-2.4408759950022976,1.4911484837605355,-3.629371129577932,4.621010086530172
2026-05-30 18:06:30,-2148745.5814762553,4426641.471128804,4044656.8552503753,39.60860563125535,115.892499956139,47.58213887428171,7,1.8466701930595582,1.738018365814579,1.3634158889771135,-5.066720378607448,5.527319976373724
2026-05-30 18:07:00,-2148743.711573125,4426638.629078565,4044657.2997056404,39.608628016467776,115.89249481976164,47.445672720605906,10,1.8505915739613226,1.3078577429971217,3.832565266685313,-4.749377025631441,6.2414445868657635
2026-05-30 18:07:30,-2148743.5718487175,4426639.578120194,4044652.4511839706,39.60858974725237,115.89248853045154,47.16856874518839,8,1.8543727229079927,0.7789496854699147,-0.4310598759786233,-5.2377544847100985,5.312875612253042
2026-05-30 18:08:00,-2148744.480555937,4426643.032708969,4044650.9268496735,39.608559097419736,115.89248048350782,47.20338027539919,11,1.8580121274904078,0.09958109533766024,-3.8490642942128517,-4.918261867055042,6.246159790500133
2026-05-30 18:08:30,-2148746.4063305375,4426639.178575349,4044657.2401512857,39.6086180447082,115.89252025377786,47.831698487652545,7,1.8615083319952568,3.509210544089834,2.6780832510232946,-4.138097829943309,6.050664607491006
2026-05-30 18:09:00,-2148747.2257569665,4426637.6979241995,4044656.583623399,39.608619048292645,115.89253636621923,47.27783576138246,11,1.8648599379873556,4.895552283796556,2.7733534758007092,-4.787198934178952,7.387502643013107
2026-05-30 18:09:30,-2148746.5910680094,4426649.45534216,4044655.852271127,39.60855505158265,115.89246993386674,47.25511443580976,11,1.8680656048689928,-0.7771930360280963,-4.346532834097344,-5.340468692232762,6.929428731566201
2026-05-30 18:10:00,-2148742.994234856,4426641.886757404,4044654.7907518283,39.60859558998278,115.89247074092745,47.828270590793785,8,1.8711240504161595,-0.7000284313316851,0.13685656840362004,-4.423935182150664,4.481068178555013
2026-05-30 18:10:30,-2148742.828865589,4426636.107176188,4044653.2508631162,39.608615025316276,115.8924983965619,47.126211881424894,11,1.8740340512914133,1.672967893498471,2.277686421216693,-5.243101252840845,5.956239396936028
2026-05-30 18:11:00,-2148745.251293579,4426643.433890638,4044656.1942301476,39.608591757982964,115.89248651720531,47.13099109618916,11,1.8767944435332056,0.6649148481231288,-0.32159652094266844,-5.100203131835582,5.153407422620737
2026-05-30 18:11:30,-2148740.2034822507,4426637.542391218,4044655.744224683,39.608631546280414,115.89246359739573,48.59480899678,7,1.8794041230214438,-1.2874398993909666,4.0781811640621335,-3.762528866111367,5.696111530665133
2026-05-30 18:12:00,-2148743.3286498184,4426639.732672434,4044656.2582582436,39.608616048475334,115.89248519703266,47.159012173833865,12,1.8818620459191264,0.5671821740817774,2.341089489054248,-5.385181986561072,5.899371207403232
2026-05-30 18:12:30,-2148746.55337738,4426639.3015557295,4044656.9653858556,39.608615132936535,115.89252116879166,47.36568685689855,10,1.8841672290898686,3.6506909416309403,2.222519816354655,-4.823749780169623,6.444819673744319
2026-05-30 18:13:00,-2148741.3116507623,4426640.976165076,4044655.702378639,39.60861082029204,115.89245774569879,48.3323469180989,7,1.8863187504911352,-1.765850638521134,1.7267642967442813,-3.8742610828124144,4.594544847084539
2026-05-30 18:13:30,-2148747.793943301,4426637.41339657,4044655.4422454676,39.60861115164618,115.89254376483976,47.456446155592715,10,1.8883157495430543,5.597194889681987,1.7463879655144243,-4.744198082237767,7.54227266828005
2026-05-30 18:14:00,-2148746.695138469,4426643.932542863,4044654.8405569526,39.608576167720216,115.89249910620312,47.67715681379479,10,1.8901574274726296,1.7849865072236248,-2.154086645877237,-4.964419925711516,5.698397257801405
2026-05-30 18:14:30,-2148746.7603133786,4426639.890130496,4044658.0459928215,39.60861910651638,115.89252034370743,47.07177687447523,8,1.8918430476332462,3.6078065977802325,2.594761195163264,-5.612979662420717,7.159231439034517
2026-05-30 18:15:00,-2148744.6662733853,4426641.526259254,4044652.9746261314,39.608580632555835,115.89249008889469,47.00764138038043,7,1.893371935799314,1.0270221299788143,-1.693304162346653,-5.398219759312018,5.750028696581733
2026-05-30 18:15:30,-2148746.100640261,4426640.522576445,4044652.1252937736,39.608576304763176,115.89251021765926,48.021715139133825,7,1.8947434804359504,2.754686469995022,-2.1912395751942957,-4.129308370647526,5.425957615368096
2026-05-30 18:16:00,-2148746.0539412973,4426638.905889816,4044654.6764947795,39.60860249028829,115.89251794898304,47.40963209173187,12,1.8959571329435894,3.421995396709216,0.6977111216832169,-5.176261658734759,6.2442403912811555
2026-05-30 18:16:30,-2148745.7405085866,4426641.8938653525,4044656.9026977182,39.60860338917537,115.892499472509,47.54313613133318,8,1.8970124078774084,1.847936745361023,0.779755373908225,-5.104857159566155,5.48474751265435
2026-05-30 18:17:00,-2148747.3401847575,4426642.438674789,4044654.7190027065,39.6085813970783,115.89251345916809,47.27298285647908,12,1.8979088831415052,3.049833324972621,-1.6791866844626178,-5.13821540645542,6.206642312436407
2026-05-30 18:17:30,-2148744.0295767817,4426639.94373155,4044658.6928959936,39.608630151800476,115.89249146618545,47.5990787083517,10,1.898646200157726,1.1747082374861175,3.714683691000344,-4.78872732703029,6.173388354870309
2026-05-30 18:18:00,-2148745.102372883,4426641.154164408,4044654.4370799875,39.60859163339163,115.89249654913782,47.88338501630648,9,1.8992240640090958,1.6148432315251917,-0.5788454023207518,-4.203223968035003,4.53980973033612
2026-05-30 18:18:30,-2148745.154397481,4426646.267596249,4044659.1482109656,39.60859797356476,115.8924710934481,47.437023181170126,12,1.8996422435577784,-0.5567506284279689,0.1068487679278628,-5.017353343527486,5.0492794035653334
2026-05-30 18:19:00,-2148743.9995599203,4426639.235620753,4044657.076008766,39.608622620042304,115.89249475234239,47.38636324106101,9,1.8999005715375301,1.4715787950198806,2.824465993849149,-5.715008240376683,6.54251262803029
2026-05-30 18:19:30,-2148744.9433129304,4426640.28779954,4044660.5107697565,39.60863874793828,115.89249928823159,47.548256966150014,12,1.8999989446206034,1.8644014398695932,4.596446544240102,-4.740466031326222,6.8611465337217785
2026-05-30 18:20:00,-2148742.9345578593,4426641.848104973,4044652.733419633,39.60858162330323,115.89247031233873,47.259890456813984,12,1.8999373234590764,-0.6087590439218618,-1.7626753476474588,-5.125500930604972,5.454206793328723
2026-05-30 18:20:30,-2148740.4806268206,4426638.922116408,4044656.18915739,39.60862685102861,115.89245948494151,47.854778386030105,11,1.8997157327005925,-1.530105122722561,3.2392459028195595,-3.6285455702585394,5.099046838474618
2026-05-30 18:21:00,-2148744.527779354,4426641.788681157,4044657.102419901,39.60860834878608,115.89248730378671,47.71966647399958,7,1.8993342609785004,0.8532549642729697,1.1670744929955668,-4.534101101657093,4.759010370476765
2026-05-30 18:21:30,-2148746.1436082805,4426642.421061114,4044660.687774568,39.60862600589311,115.89250101437668,47.89509126389679,8,1.8987930608764025,2.0299486747154276,3.108527315444069,-4.230910621561654,5.628875409927284
2026-05-30 18:22:00,-2148743.3895082455,4426642.126785938,4044656.029188766,39.60860198466015,115.89247366099845,47.880150510291976,12,1.8980923488671244,-0.3051786934747873,0.42362349179843123,-4.194454741171773,4.226824040990214
2026-05-30 18:22:30,-2148745.359899214,4426643.101568297,4044652.877781985,39.60857012125691,115.89248934465408,47.008435787601435,8,1.8972324052261262,1.0398827272301436,-3.1318194690455297,-5.197262524950648,6.156393995379163
2026-05-30 18:23:00,-2148741.718936089,4426642.464302195,4044656.4752468094,39.60860752395039,115.89245444524806,47.95996562168075,8,1.8962135739193995,-1.9409161621041895,1.0012187482308772,-3.909424745737168,4.478079540685759
2026-05-30 18:23:30,-2148747.5412473925,4426641.296275498,4044656.73363295,39.608600790169525,115.8925213741877,47.1552475745673,12,1.8950362624658816,3.7860908547343195,0.2350554431012586,-5.725789887873109,6.868362604122203
2026-05-30 18:24:00,-2148740.451289315,4426640.024393522,4044651.6492976174,39.608589665317524,115.89245357279177,46.94147701621189,12,1.8937009417744575,-2.008730917368087,-1.0185669337452448,-5.141050414846624,5.612742454888187
2026-05-30 18:24:30,-2148747.2574976753,4426643.3939465135,4044656.3315283665,39.60858790830554,115.8925077356588,47.25388578716341,12,1.8922081459556,2.6262023237694896,-1.232406542510036,-4.896044676267799,5.690959321889769
2026-05-30 18:25:00,-2148743.6926916894,4426641.265516311,4044654.753687508,39.60859678405708,115.89248121626608,47.20901514155086,11,1.890558472107732,0.36129983872181115,-0.26605416460149,-4.803086788471962,4.8239988691495475
2026-05-30 18:25:30,-2148743.3703070492,4426642.473038608,4044657.390249928,39.60860972114895,115.892471699245,48.137445579047935,7,1.8887525800783982,-0.44980599279720224,1.1510649408760663,-4.25362511177397,4.429514930642454
2026-05-30 18:26:00,-2148745.679756742,4426638.231169115,4044655.665311426,39.60861377636096,115.89251746014102,47.324607141704554,12,1.8867911922003309,3.4660692490047174,1.5822560531556522,-4.881787256610069,6.1926583205796435
2026-05-30 18:26:30,-2148741.854683188,4426641.901883663,4044655.907697862,39.60860612971697,115.89245872699578,47.4723800047044,10,1.8846750930025316,-1.5541889888142626,0.7145045477837119,-5.4955656929033525,5.755628762070345
2026-05-30 18:27:00,-2148748.1597519866,4426642.635713049,4044654.7099165227,39.608578273204564,115.8925210423834,48.28061679318796,9,1.8824051288964632,3.776995909545252,-2.396576220145288,-4.07590458093867,6.051633980389452
2026-05-30 18:27:30,-2148742.4245382105,4426640.422689352,4044662.9797916687,39.60866152359656,115.89247221770788,47.69915524271623,7,1.8799822078375032,-0.39629684149919675,6.825178268219164,-4.746306905425132,8.322712227395566
2026-05-30 18:28:00,-2148741.389347358,4426644.065218742,4044657.6808216576,39.608608498389636,115.89244285244887,47.937446282095934,11,1.8774072989617712,-2.9056771554546454,0.9203128861883028,-4.248504447975618,5.228740343972327
2026-05-30 18:28:30,-2148744.3516615415,4426643.721196394,4044653.324104669,39.608572556715714,115.89247563251132,47.27040402608696,8,1.8746814321984837,-0.10080264892554203,-3.088305977265196,-4.752311808124295,5.668532658888008
2026-05-30 18:29:00,-2148744.944454927,4426638.9914911315,4044660.273145356,39.60864376139343,115.89250589164189,47.47447108047388,9,1.8718056978580035,2.4883047012830417,4.796297295796749,-4.4352982410376525,6.990564964510821
2026-05-30 18:29:30,-2148741.1162017817,4426643.040195892,4044656.8589144307,39.6086087357344,115.89244520320398,48.180873468859076,8,1.8687812461957223,-2.7002782255146105,0.8893130472106533,-3.7582339708644774,4.712398834021502
2026-05-30 18:30:00,-2148742.0833266247,4426640.4973952975,4044649.7430489166,39.608569892269124,115.89246826358837,48.07206323099806,8,1.8656092869519818,-0.7271544938120316,-3.441465081709019,-3.572865556100318,5.013761447103515
2026-05-30 18:30:30,-2148746.3259155173,4426642.36139878,4044649.524530518,39.608548185479805,115.89250322744772,47.890098112753336,8,1.8622910888681847,2.2637241089161675,-5.870086808389675,-4.587682202321653,7.786475066987476
2026-05-30 18:31:00,-2148741.874249016,4426640.172002502,4044654.7304141605,39.6086067899406,115.89246772801054,47.16545209837159,11,1.858827979179325,-0.7713479313996703,0.6158283589493008,-4.597855628673937,4.702605509830624
2026-05-30 18:31:30,-2148741.932445798,4426643.410379273,4044656.898214861,39.608605065977464,115.89245187121529,47.91886170939461,8,1.8552213430831017,-2.1268400472975624,0.4052793625702765,-4.191223954583024,4.717420713269554
2026-05-30 18:32:00,-2148746.1835083547,4426639.947149756,4044655.2252837005,39.6086006276786,115.8925140116383,48.40050199334282,8,1.8514726231858665,3.1875178677721365,-0.10656724346108411,-4.172137957829851,5.251510437379912
2026-05-30 18:32:30,-2148740.2942264564,4426644.045194273,4044656.0439027734,39.60859994706017,115.89243148267153,46.75404374216778,11,1.8475833189255972,-3.869909083210319,-0.20131490045038958,-4.957920664805808,6.292670444252229
2026-05-30 18:33:00,-2148747.5033861916,4426641.208149389,4044656.9571268023,39.60860289318071,115.89252142568705,47.21121875330194,9,1.8435549859721392,3.82165060007432,0.10650465274875,-4.513308039758329,5.9149223166371945
2026-05-30 18:33:30,-2148742.027664084,4426641.494781049,4044653.650469137,39.60859208684832,115.89246260902875,48.15690557418463,7,1.8393892356049655,-1.2083607463030037,-1.1121961195081627,-3.9235767225266396,4.253418648453013
2026-05-30 18:34:00,-2148744.268424922,4426640.059238271,4044652.9857188337,39.60858925135491,115.89249338083806,47.20608374086651,10,1.835087734068678,1.4227192029187037,-1.4461290509259226,-5.134836220424796,5.5210471989353564
2026-05-30 18:34:30,-2148742.041715429,4426643.39876133,4044656.8269402827,39.60860435693562,115.89245307490967,48.19757620003944,11,1.8306522019065414,-2.024696405543482,0.21140472367298105,-3.9575145714579816,4.450394260637387
2026-05-30 18:35:00,-2148742.3675755328,4426642.484873494,4044657.4705843786,39.608612723531124,115.89246113526772,47.95649838190598,8,1.8260844132722778,-1.3361909070323632,1.1209213802319633,-4.313533293528106,4.652788449421759
2026-05-30 18:35:30,-2148745.8855127203,4426639.2894405825,4044659.451744405,39.608634162941726,115.89251423438886,48.05948237485119,9,1.821386195220441,3.2036781693803436,3.481533514844001,-3.8870388236298825,6.123209962458596
2026-05-30 18:36:00,-2148746.0250228965,4426643.7024380565,4044654.511251837,39.608576733995136,115.89249325665511,48.49925034378316,12,1.8165594269756067,1.408578484242955,-2.9122262376858568,-3.9267684901031608,5.087697493032104
2026-05-30 18:36:30,-2148746.636231899,4426636.613805213,4044658.9160082033,39.60864232690897,115.89253570335266,47.360059154713404,9,1.811606039180718,5.0371178611964345,4.349459035275798,-5.187783146531583,8.438213331183537
2026-05-30 18:37:00,-2148745.080874586,4426639.7962401025,4044654.7137166196,39.608600598553835,115.89250322868854,48.27984123801402,11,1.806528013124851,2.25846970137302,-0.3014952747262891,-3.6818456381231526,4.329846659602243
2026-05-30 18:37:30,-2148742.5144981863,4426640.086227576,4044652.580527767,39.608590673667806,115.89247487088943,48.435210846916924,12,1.8013273799507175,-0.16830537994689587,-1.422240489825297,-3.6228055245491197,3.895614788518135
2026-05-30 18:38:00,-2148742.7176079834,4426641.084204382,4044654.4106333153,39.608597765281985,115.8924719240122,47.92464005617557,9,1.7960062198422506,-0.42221718605461067,-0.6541274097262726,-4.0767767051752815,4.150452785445812
2026-05-30 18:38:30,-2148743.5299369786,4426641.434101339,4044654.031202656,39.60859129621203,115.89247865416259,48.18076966877914,11,1.7905666611925417,0.1512294013929123,-1.3912207521329418,-3.482039626905352,3.752727738105999
2026-05-30 18:39:00,-2148745.9651104263,4426639.566175823,4044656.071170476,39.608609018827636,115.89251366105026,47.526887425199696,7,1.7850108797525284,3.142613903185448,0.5569952578402306,-4.414132329862176,5.447093728520326
2026-05-30 18:39:30,-2148742.7176401946,4426646.6406465825,4044655.0282442626,39.60857347391143,115.89244367110547,47.72015069200188,10,1.7793410977607065,-2.8451321465883423,-3.4074497722357058,-3.9720501400785695,5.956733433448045
2026-05-30 18:40:00,-2148744.4134732084,4426641.681139905,4044657.794371377,39.60861400206367,115.89248665323224,47.53664633531367,12,1.7735595830542787,0.8278959688866644,1.0722535166394196,-4.440239522895335,4.64229106798854
2026-05-30 18:40:30,-2148747.7639074638,4426641.156135983,4044654.448647466,39.60858505654594,115.8925244191711,47.73730801702782,9,1.7676686481620436,4.054670459500795,-2.1595801150488207,-4.234559679490551,6.247850389344306
2026-05-30 18:41:00,-2148743.922152373,4426641.095032419,4044654.319251126,39.60859406539879,115.89248448678244,47.4957085519733,7,1.7616706493794092,0.6367839545711333,-1.178435448137856,-4.405832500220144,4.604949937862865
2026-05-30 18:41:30,-2148746.7016056436,4426640.890336752,4044656.3216036567,39.60860210894385,115.89251464289967,47.422313202455435,9,1.7555679858259208,3.212426968949664,-0.3043940687499563,-4.587775543219581,5.608923890987379
2026-05-30 18:42:00,-2148744.444590727,4426642.6747232005,4044656.5585507774,39.608600213608696,115.8924819270434,47.940586384174985,12,1.7493630984856274,0.4113055126184145,-0.5335198094992668,-3.962049286198968,4.01891156385758
2026-05-30 18:42:30,-2148745.2452569404,4426639.056714022,4044657.945116872,39.608626476520286,115.89250871095494,48.3307578806517,8,1.7430584692307391,2.698204325305004,2.3629711204980652,-3.8440441041275393,5.25743418141209
2026-05-30 18:43:00,-2148741.776205089,4426640.67288416,4044657.673416869,39.608624934651296,115.89246415410985,47.85510495066759,10,1.7366566198288926,-1.1158797273721643,2.1731853801991026,-3.9503507421217536,4.644695172823851
2026-05-30 18:43:30,-2148745.269369721,4426638.934100054,4044657.5068721874,39.60862399792633,115.89250958700651,48.2068667633405,11,1.7301601109344964,2.7654487254229387,2.0506272844248343,-4.148559246573679,5.391040969506993
2026-05-30 18:44:00,-2148742.8587015877,4426642.331311185,4044655.221880847,39.60859664092347,115.89246706073476,48.13591840337993,12,1.7235715410644847,-0.8753504464054203,-1.004522323620478,-3.717386514019813,3.9489575836276627
2026-05-30 18:44:30,-2148744.0968163265,4426641.792172239,4044656.72024785,39.60860674806276,115.89248277161802,48.3596162838583,8,1.7168935455589611,0.46389882765973933,0.09890984731320623,-3.3375108294134037,3.371047881097412
2026-05-30 18:45:00,-2148749.695077303,4426638.295145402,4044654.280148322,39.60859378116643,115.89255919605507,48.10001852212904,11,1.7101287955270918,6.994969741402729,-1.3588112770272307,-3.1602298527360526,7.795063982536658
2026-05-30 18:45:30,-2148745.2574992673,4426641.378102984,4044659.202038748,39.608623247586735,115.89249703543663,48.62597328853418,10,1.7032799967786894,1.6745739731196299,1.8936330540405568,-2.9887530368444875,3.9144206276346662
2026-05-30 18:46:00,-2148743.4984206217,4426643.064002486,4044655.2145802584,39.60859122264946,115.89247003633969,48.226310010431185,7,1.6963498887419415,-0.6391152954247317,-1.6793933595489814,-2.5525406083649163,3.1215851701170982
2026-05-30 18:46:30,-2148745.5643705637,4426639.362751157,4044658.232282387,39.60862610298723,115.8925104975966,48.31305295497107,7,1.689341243367658,2.8159807765952474,2.1741383336021722,-3.6149426883221056,5.071926248245912
2026-05-30 18:47:00,-2148746.219002215,4426638.855894787,4044651.7573858355,39.60858202457395,115.89251993224086,48.07493911971684,12,1.6822568640205462,3.6176173369056204,-2.7366761451109918,-3.810019191537765,5.92391743353887
2026-05-30 18:47:30,-2148746.822636522,4426638.847058356,4044654.877287548,39.60860227024799,115.8925263003532,48.40339831798823,8,1.6750995843578829,4.1568390894502745,-0.5074391276313416,-3.5396452477955926,5.4832375622505145
2026-05-30 18:48:00,-2148747.5545560415,4426640.9315033555,4044658.678664465,39.608616166936876,115.89252336838597,48.38196888218436,7,1.6678722671961088,3.900576583465419,1.0171409368139286,-2.8067867082887386,4.9119369900934
2026-05-30 18:48:30,-2148748.230771619,4426645.181236222,4044657.8486940395,39.60858683794504,115.89250884290016,48.00725678764946,7,1.6605778033657208,2.6527040899662397,-2.25624657385312,-4.326639578610194,5.554034356586548
2026-05-30 18:49:00,-2148746.782410544,4426640.399424045,4044653.057617927,39.60858172263993,115.89251798553092,48.657758399660196,12,1.6532191105549954,3.428668646458781,-2.841829299663291,-3.43149801017327,5.622005073766597
2026-05-30 18:49:30,-2148739.0152103873,4426642.995395178,4044654.958369748,39.608600989770224,115.89242342271959,47.9835237533808,12,1.6457991321429448,-4.664050300365134,-0.7208735773851528,-4.153130376436313,6.286614020487197
2026-05-30 18:50:00,-2148747.234654741,4426641.136644343,4044660.4115308174,39.60862796741476,115.8925189742645,48.750720531367584,7,1.638320836021997,3.500943856910534,2.2560398932578263,-2.8275765744591146,5.034035476001369
2026-05-30 18:50:30,-2148741.9766008877,4426643.01881382,4044656.558649969,39.60860460771225,115.89245432476936,48.20829557259981,7,1.6307872134108963,-2.0340408634877214,-0.35439895633448937,-2.997018147458744,3.639373384359716
2026-05-30 18:51:00,-2148745.236910653,4426644.356438918,4044658.136814464,39.60860056347554,115.89248167559015,48.60707458948033,8,1.6232012776582345,0.2983350519195076,-0.8207253784426765,-3.2772394793713806,3.3915914487411496
2026-05-30 18:51:30,-2148745.629694507,4426642.021166146,4044655.983584434,39.608596615914614,115.89249766441479,48.433914889072234,11,1.6155660630371742,1.6589052355017087,-1.2762225568842993,-3.143786187809862,3.7767846363989754
2026-05-30 18:52:00,-2148745.422575961,4426641.207399584,4044655.2461453597,39.60859618913154,115.89249963263472,48.06212664274363,10,1.6078846235317565,1.8203161654261144,-1.3408126683004136,-3.2065364567257064,3.9234175920869747
2026-05-30 18:52:30,-2148745.3508085827,4426641.299903236,4044655.6114866617,39.60859843441522,115.89249841049742,47.63527633518894,7,1.6001600316153688,1.7087320336430123,-1.1087001651090072,-4.776070697965166,5.192285867599356
2026-05-30 18:53:00,-2148741.836155722,4426640.522803793,4044654.2613883913,39.60860181675722,115.8924655452294,47.8803477761291,11,1.5923953770217867,-1.1090233835607397,-0.7502685194109632,-3.9903031047512494,4.20896122389968
2026-05-30 18:53:30,-2148746.2775422186,4426642.354969665,4044654.1727631246,39.608580681052366,115.89250275341932,48.567499965230624,11,1.5845937655093152,2.0654820163036813,-3.1132319566040643,-2.5013147833312255,4.496109965359613
2026-05-30 18:54:00,-2148745.3163556205,4426635.913096485,4044655.2752159326,39.6086238964907,115.89252544035594,48.11332809175429,9,1.5767583176185445,3.9980186442756627,1.6668920518227273,-3.662219700797303,5.67226016058092
2026-05-30 18:54:30,-2148743.764230166,4426644.016681527,4044653.6562097324,39.608574814254325,115.89246797658545,47.709827741473276,8,1.568892167424154,-0.9238035336705719,-3.7979128625009695,-3.7652244454188764,5.427197269710438
2026-05-30 18:55:00,-2148747.336750472,4426642.576112488,4044653.9071583073,39.60857504983874,115.89251272435263,48.59620806879979,9,1.560998461281347,2.8949695411260317,-3.788324298344924,-2.7868969375772643,5.522593971509726
2026-05-30 18:55:30,-2148742.7950766757,4426645.7066096235,4044657.426511811,39.60859477299719,115.89244923162805,48.78813084856044,12,1.5530803565673263,-2.542749702601549,-1.6154972604635809,-2.698302087339302,4.044285054640095
2026-05-30 18:56:00,-2148742.903619814,4426643.117537863,4044656.6846350306,39.608602661122326,115.89246353347595,48.35412256810826,11,1.5451410204184104,-1.3279210574399243,-0.7562387975115357,-3.3294402325036963,3.663392378038193
2026-05-30 18:56:30,-2148744.3548798733,4426639.755163011,4044657.966608844,39.608625256175266,115.89249583262632,48.32179882974857,10,1.5371836284631966,1.4258125875533576,1.735611126122917,-3.550736005287739,4.201548963798231
2026-05-30 18:57:00,-2148745.8165122895,4426641.22107123,4044658.246016877,39.60861600755433,115.89250368967257,48.56540282317574,10,1.5292113635523723,2.089189429020717,0.6929380567684182,-3.538051010526207,4.1668549979493426
2026-05-30 18:57:30,-2148746.5680859745,4426642.0761195505,4044656.238124088,39.60859576058596,115.89250721480926,49.06309315103306,7,1.52122741448561,2.3819610669519133,-1.5704244558865708,-2.334956463112822,3.686732046237381
2026-05-30 18:58:00,-2148746.532847153,4426638.510585812,4044659.005710909,39.60863345009188,115.89252497564749,49.01737161571594,12,1.5132349747360785,3.8919630192788457,2.5972910956347945,-2.288219263621482,5.208574140521217
2026-05-30 18:58:30,-2148747.3976441706,4426641.440250158,4044655.004602839,39.60858837773927,115.89251913783812,48.01083467221792,8,1.5052372411731196,3.3837412411416548,-2.421427953006441,-3.6998923241070116,5.5679638404527925
2026-05-30 18:59:00,-2148742.362778731,4426643.1307798205,4044656.1242332677,39.608600044554834,115.89245780073271,48.77512580552811,10,1.5027625872164823,-1.8707298835322446,-1.1419653780907355,-2.5830002859547565,3.3875663387070127
2026-05-30 18:59:30,-2148741.8454536153,4426641.431850753,4044654.542727143,39.60859907389303,115.89246102032598,48.7275694075213,10,1.5107613106080289,-1.6046989726291985,-1.2651265957483928,-2.417548239861915,3.165461038788278
2026-05-30 19:00:00,-2148746.900941671,4426642.113902887,4044650.609942963,39.60855557487992,115.89251050941249,48.30211046331352,8,1.5187557296188172,2.617980312756819,-6.108796393140589,-2.8837391148636766,7.244802659384485
2026-05-30 19:00:30,-2148745.6451953338,4426637.026239217,4044651.8342573578,39.60859340630828,115.89252322491724,48.38070909673402,10,1.5267426465878284,3.6957689422181135,-1.9246465719460757,-3.2806026931995396,5.3033316445227
2026-05-30 19:01:00,-2148744.5897473656,4426643.808151318,4044659.9089422193,39.60861733093797,115.89247768435729,48.59243629890899,7,1.534718866854771,-0.20843516211636648,0.7159913924008479,-3.0495040531701285,3.1393572369355516
2026-05-30 19:01:30,-2148742.0606141267,4426642.745479109,4044654.7221778478,39.608593026349,115.8924565946688,48.78101354231817,12,1.5426812000378838,-2.0218355710551723,-1.9966689590737985,-2.463281655157321,3.760619964998781
2026-05-30 19:02:00,-2148746.7814709386,4426644.838612921,4044654.34103215,39.60856781466136,115.89249540338648,47.58113970056952,8,1.5506264613100538,1.2869128055209063,-4.809870168998316,-3.8498107030300925,6.293809503059228
2026-05-30 19:02:30,-2148742.4891819158,4426642.782369987,4044659.560437954,39.60862543002386,115.8924608964148,48.56407494503064,7,1.558551472672713,-1.6741713626086705,1.5708803962220297,-2.731389127476615,3.5680529054809598
2026-05-30 19:03:00,-2148745.9759726264,4426640.386900976,4044657.798740868,39.608616789129805,115.89250960162333,48.88610184816641,9,1.5664530642269763,2.480604947287179,0.5973377916254197,-2.7566772073134107,3.756259118741787
2026-05-30 19:03:30,-2148744.6956199952,4426641.8622246515,4044655.499275697,39.6085963967951,115.89248868799592,49.12170928214143,7,1.5743280754415805,0.6816930608843375,-1.680461344645232,-2.135298519999311,2.8014559660319427
2026-05-30 19:04:00,-2148741.2970438087,4426641.088135759,4044654.2379298876,39.60860009126824,115.89245702334236,48.82750090053199,12,1.582173356417033,-2.036745486458033,-1.2844693778614642,-2.4492121933965048,3.434651966000792
2026-05-30 19:04:30,-2148741.29770852,4426643.008151422,4044653.8333484824,39.6085873958893,115.89244726746011,48.527659379971766,12,1.589985769145552,-2.8817626064434694,-2.70759352864241,-2.651041832362934,4.760634541022902
2026-05-30 19:05:00,-2148743.5075770384,4426637.739300829,4044656.110661405,39.60862483078176,115.89249720719148,48.551870915399206,10,1.5977621887662066,1.3780359519999434,1.4339019141095506,-2.998536547370459,3.598093830100568
2026-05-30 19:05:30,-2148746.9588578106,4426642.719324203,4044654.9771270645,39.608582701458346,115.89250803765943,48.537081919422306,12,1.6054995048148306,2.293219634541898,-3.2560691511142537,-2.6134571571838268,4.763507208089617
2026-05-30 19:06:00,-2148742.9181234036,4426642.9840650875,4044656.195109335,39.608599905591575,115.89246436408267,49.18112293586128,9,1.6131946224681728,-1.452715427411495,-1.3598631153608147,-1.8266436469009308,2.701154719434212
2026-05-30 19:06:30,-2148744.649588775,4426641.803893532,4044652.5314765177,39.608576162399835,115.89248850241127,49.040661510287904,8,1.6208444637817665,0.6002455581294618,-4.008644800087678,-2.3519371538501876,4.686271037721256
2026-05-30 19:07:00,-2148743.8203720357,4426638.990308397,4044654.2582989465,39.6086047245493,115.89249412267547,48.22915974142412,8,1.6284459689210882,1.0694805907967455,-0.851366346433899,-3.0466608848638352,3.339274762173734
2026-05-30 19:07:30,-2148743.397380499,4426640.870055047,4044652.9856329137,39.60858725444468,115.89248013365915,48.51389176347348,11,1.6359960973854286,-0.1383255066001341,-2.803498943087426,-2.557340484634806,3.797200366588611
2026-05-30 19:08:00,-2148745.6682785633,4426640.877025772,4044657.6481936066,39.60861398836475,115.89250388629331,48.90973939842864,7,1.643491829224075,1.8812710235445897,0.15118622021729067,-2.2492301384756996,2.936166574470787
2026-05-30 19:08:30,-2148743.2763310294,4426639.96156905,4044655.047583706,39.60860657776119,115.89248348509432,48.81040965646102,8,1.650930166244228,0.12486928653214979,-0.6839978806595388,-2.270586438716175,2.3746595998474374
2026-05-30 19:09:00,-2148742.7471380522,4426640.812000799,4044654.191993389,39.608597570787694,115.89247361744002,48.54356817621453,9,1.658308133210261,-0.7308642596793552,-1.6962043706742387,-3.0611112585900337,3.5751467061699307
2026-05-30 19:09:30,-2148744.8015675345,4426640.869148608,4044656.016671406,39.608604841637565,115.89249484738919,48.942233532435154,9,1.665622779033757,1.0726352758783417,-0.9013960020317051,-2.344028653052712,2.730848130868771
2026-05-30 19:10:00,-2148745.1932037733,4426643.211885318,4044656.65868128,39.608596276880455,115.89248703755167,48.85981857370567,9,1.6728711779539114,0.3926397177506027,-1.8641617787969,-2.4417257498540894,3.096980743075909
2026-05-30 19:10:30,-2148745.6537151863,4426640.666572496,4044655.590706812,39.60860079188168,115.8925048038484,49.17102553852995,9,1.6800504307078048,1.8997048395916543,-1.3748944120758748,-2.4303713164651226,3.377264848634444
2026-05-30 19:11:00,-2148746.823155578,4426638.566800939,4044653.968115617,39.60859738503337,115.89252773083997,48.960909899191186,9,1.687157665690053,3.847978612802577,-1.7647706613544534,-2.3676242886673684,4.85046386070973
2026-05-30 19:11:30,-2148745.5951542784,4426640.948705188,4044653.6882620757,39.608586249623876,115.89250275582879,49.19261097634018,12,1.6941900401014303,1.6997347717467908,-3.0123338334019536,-1.0076338166168657,3.6025795378496634
2026-05-30 19:12:00,-2148748.233110929,4426641.180807047,4044654.810869934,39.608586278060145,115.89252920871422,49.214678636682095,7,1.7011447410859302,3.949305224004661,-3.0205250961792176,-2.08749466655424,5.392422237908617
2026-05-30 19:12:30,-2148745.073548459,4426639.937364295,4044652.9290493894,39.608587473316376,115.89250243436004,49.08184834150946,8,1.7080189868558924,1.6469668688553307,-2.8990126793476687,-2.5350331215459567,4.188456435187159
2026-05-30 19:13:00,-2148747.1024056966,4426641.571888056,4044659.7319301367,39.60862132978048,115.89251537581185,49.26619531891486,12,1.7148100278046594,2.7408712445938255,0.8480820824746287,-1.6002843345307125,3.285198372914521
2026-05-30 19:13:30,-2148742.6596288546,4426639.360032946,4044654.8126335647,39.60860957820338,115.8924800837008,48.65403486607249,11,1.7215151476064023,-0.2900885233814964,-0.46712587934173033,-2.5284498566288534,2.587550311788142
2026-05-30 19:14:00,-2148747.4846748905,4426641.51144077,4044654.0230488763,39.608580964599575,115.89251968751165,49.36727061003724,8,1.7281316643025986,3.0836731292429826,-3.653827400965092,-1.7982370657217261,5.1081455723769285
2026-05-30 19:14:30,-2148743.8599796086,4426642.615014959,4044656.9727397943,39.60860486274009,115.89247610673759,48.80573916859321,12,1.7346569313747866,-0.6563093475949122,-1.01153237487944,-1.8415790849374587,2.201216307237612
2026-05-30 19:15:00,-2148747.1936362837,4426640.644561229,4044656.66390069,39.60860452628656,115.89252104672536,48.776782981455874,11,1.7410883388031442,3.173579893733083,-1.0590828606790783,-2.1696415323365947,3.987556924550539
2026-05-30 19:15:30,-2148746.0822661365,4426640.522639296,4044656.4326849105,39.608606320476206,115.89251002486738,49.8770930721344,8,1.7474233141104467,2.2177179955114266,-0.869936059327743,-1.0998909876917222,2.623894441424688
2026-05-30 19:16:00,-2148744.2462892206,4426641.906590067,4044657.7157072523,39.60861271230646,115.89248375558492,48.917403366856405,12,1.753659323391041,-0.04214455938044903,-0.17025381340838708,-2.3853127113952106,2.391752340023741
2026-05-30 19:16:30,-2148743.5053205197,4426641.985043439,4044654.468106472,39.60859156293886,115.89247559488253,49.4330837610252,10,1.7597938723243556,-0.7535221921717044,-2.52744577960673,-0.8764487635960199,2.779197779604056
2026-05-30 19:17:00,-2148746.7800692944,4426640.470690743,4044655.8757979013,39.60860097026211,115.89251759863008,49.12945728042705,9,1.7658245071726149,2.824887923574078,-1.49264492839189,-1.831353140215006,3.6826396765342193
2026-05-30 19:17:30,-2148747.371852465,4426641.440429088,4044657.032445076,39.60860255063373,115.89251886675555,49.32481384776172,11,1.7717488157622845,2.91964567320781,-1.3264342192830316,-1.7760416286358502,3.665799020924845
2026-05-30 19:18:00,-2148744.36144944,4426644.1590517135,4044651.035882113,39.608554358359584,115.89247350864568,49.04342055435547,11,1.7775644284489163,-0.9729906985283643,-6.6847843742686415,-1.7548052527680769,6.979426516916082
2026-05-30 19:18:30,-2148742.58181822,4426643.834650913,4044658.7446362404,39.60861410834407,115.89245651618744,49.03489997951422,8,1.7832690190649805,-2.439987002925113,-0.06133970900074459,-1.9993448971883812,3.15510366743424
2026-05-30 19:19:00,-2148742.667717645,4426642.4862013105,4044657.722666922,39.60861372104443,115.89246427256083,50.19365612675574,11,1.7888603058502863,-1.7906384763027245,-0.11292820217030664,-0.25094185817501896,1.8116596666718316
2026-05-30 19:19:30,-2148747.620644917,4426639.7192406105,4044655.055464995,39.608597029472435,115.89253022477567,49.11413034365678,12,1.7943360523646734,3.8353229764312124,-1.9740843080404087,-1.4551710793786645,4.552387731625308
2026-05-30 19:20:00,-2148742.802745814,4426640.438057266,4044655.108955311,39.60860573596656,115.89247610136188,49.47808140595976,9,1.7996940683825413,-0.8072254627575688,-1.0158472479144258,-1.5233788978522063,2.0010601803146466
2026-05-30 19:20:30,-2148741.842508701,4426638.745860325,4044657.7588745477,39.60863527842639,115.89247464714293,48.96595511832438,7,1.8049322107689256,-0.9457755502427313,2.255391009830446,-1.5394646904096196,2.8898497420590794
2026-05-30 19:21:00,-2148745.979306851,4426638.578202771,4044654.7429661,39.608604825172655,115.89251883339209,49.4023019629962,11,1.8100483843367092,2.8186037246024203,-1.1326847846295491,-1.9877351579892024,3.6302331655115876
2026-05-30 19:21:30,-2148744.9916619337,4426640.094600246,4044656.02571586,39.60860841494699,115.8925007770728,49.31509594933296,7,1.8150405426846832,1.2601512617144952,-0.7417731915627432,-1.5111235635101565,2.1027846048317564
2026-05-30 19:22:00,-2148744.4526826893,4426643.744290841,4044656.4184373165,39.60859371546548,115.89247657329614,49.92834950367251,11,1.8199066890160678,-0.8240819076850033,-2.380756638577332,-0.8626703842602544,2.6629520000524844
2026-05-30 19:22:30,-2148743.7808602946,4426642.470309318,4044653.6613078774,39.60858276445293,115.89247601374403,49.88500916761686,9,1.82464487693721,-0.8864179081998305,-3.6034466145343176,-1.0459429817049224,3.855458589163419
2026-05-30 19:23:00,-2148744.380176656,4426638.381588122,4044654.9285932053,39.60861112217488,115.89250308194619,49.0411459190875,8,1.8292532112361195,1.413802253596509,-0.46265261919731504,-1.8486603033876006,2.3728525398022184
2026-05-30 19:23:30,-2148745.376516976,4426640.420242674,4044654.9898036825,39.608598570591504,115.89250315267967,49.73266898730139,12,1.8337298486405174,1.4052311705624985,-1.8625760762743586,-1.375938360409487,2.7087027622602635
2026-05-30 19:24:00,-2148745.769323976,4426643.218222497,4044655.4486254137,39.60858638604154,115.8924930402916,50.117533582784006,10,1.8380729985551323,0.5257724866942644,-3.2215424225649056,-0.21482657208657402,3.271226489288765
2026-05-30 19:24:30,-2148745.75630729,4426641.18316607,4044657.9768623556,39.60861448020962,115.89250325175364,49.8033386124228,10,1.8422809237779039,1.3842730807080832,-0.10935372994079295,-0.9663436570260211,1.6917417839905224
2026-05-30 19:25:00,-2148748.1654515113,4426639.264441579,4044659.133954346,39.60862638627679,115.89253824428032,48.87638920163117,9,1.8463519411948504,4.361899779023436,1.2061739997047871,-1.5432387159915184,4.781486289256061
2026-05-30 19:25:30,-2148743.598972075,4426641.137546399,4044654.701696127,39.60859731479396,115.89248088523429,49.549211088494935,8,1.850284422453282,-0.558100508947111,-2.026587212328825,-1.1515966587305244,2.3968117931245767
2026-05-30 19:26:00,-2148743.7721902356,4426643.348327279,4044653.006635561,39.60857371349709,115.89247145839914,49.24545750125623,7,1.8540767946131302,-1.3791689723957565,-4.6519378360911094,-1.5822198634788978,5.103533323263637
2026-05-30 19:26:30,-2148747.0609638686,4426642.263716747,4044654.533686515,39.60858170521062,115.8925114239029,48.88428859210274,12,1.8577275407760943,2.023561352170019,-3.7702435501550995,-1.3552022034324853,4.488441821575785
2026-05-30 19:27:00,-2148746.6140462956,4426641.664042942,4044656.0624292702,39.60859654352418,115.89250979157156,49.23733338549787,9,1.8612352006923834,1.868945355179004,-2.1283551305928725,-1.4047687343248745,3.1616811191995446
2026-05-30 19:27:30,-2148748.6272060666,4426643.689662541,4044657.8253927743,39.60859336003222,115.8925205799433,49.98931291908307,8,1.864598371344802,2.776453239592637,-2.486664849390601,-0.7259982769254392,3.797271146881394
2026-05-30 19:28:00,-2148742.2977420627,4426642.2352954,4044655.1118752495,39.60859777052952,115.8924616727974,49.53053394507014,11,1.8678157075099282,-2.276192023565968,-2.0018187755452552,-0.5667859636341388,3.08375985881578
2026-05-30 19:28:30,-2148744.4156750296,4426639.871509199,4044657.6287076357,39.60862215466285,115.89249587787194,49.17165872740057,11,1.8708859222961958,0.6337347150980797,0.7003245626406545,-1.0542171908993034,1.4154321134359946
2026-05-30 19:29:00,-2148746.73214467,4426640.331208065,4044653.4672652744,39.608585049420064,115.89251780585032,49.436246364964795,7,1.8738077876586234,2.4937263044808105,-3.422628534684711,-1.0477343084619724,4.362430990769461
2026-05-30 19:29:30,-2148746.241358937,4426640.235244521,4044655.191653627,39.60859876692351,115.89251315273395,48.719779992765304,7,1.8765801348900262,2.080559232905512,-1.9040318735225286,-1.610214714844756,3.2475922658056477
2026-05-30 19:30:00,-2148744.8475309075,4426642.175049632,4044656.0069456263,39.60859794016352,115.89248868864475,49.817292625300695,7,1.8792018550884741,-0.026808212281656252,-1.999622942816049,-0.7557809216305947,2.137852987270838
2026-05-30 19:30:30,-2148741.4303130633,4426640.897563772,4044655.2587772724,39.60860784183846,115.89245938837914,50.34925043903475,8,1.8816718996008432,-2.547783945557257,-0.9041316745464234,-0.047165887984879945,2.703864223504358
2026-05-30 19:31:00,-2148744.254898741,4426642.982110593,4044656.293766501,39.608597263494794,115.89247837698885,49.82860535227041,12,1.8839892804422638,-0.9393054198189563,-2.0816958942876784,-0.5467378483367615,2.3483344614426955
2026-05-30 19:31:30,-2148747.270135622,4426641.857418991,4044656.826474596,39.608599226102776,115.89251568095008,50.44016695244974,9,1.8861530706912952,2.2354033243839773,-1.8669874177481443,0.03125968571472306,2.912670116688089
2026-05-30 19:32:00,-2148746.7322546383,4426642.698224285,4044655.7134607523,39.60858849925317,115.89250577123917,50.27274881080434,10,1.8881624048606902,1.3725417971035339,-3.0605812177831018,-0.07178804231055042,3.3550233826996907
2026-05-30 19:32:30,-2148744.7474961295,4426642.446115863,4044655.701009107,39.60859466667653,115.89248626245042,49.89929063555676,8,1.8900164792435696,-0.31122509444226837,-2.378682784425754,-0.5406196178230949,2.4591182199132366
2026-05-30 19:33:00,-2148742.6558320867,4426642.879652285,4044658.457203894,39.60861683716588,115.8924621474479,49.633043534163654,12,1.8917145522349028,-2.3889236305723647,0.07978429581349977,-0.5739510278498741,2.458198818024171
2026-05-30 19:33:30,-2148743.6462399447,4426642.555382002,4044651.3116172845,39.60856631417701,115.89247417099543,49.62944987529001,11,1.8932559446281325,-1.376208236124928,-5.530496031394887,-0.7039789790286349,5.742466531497321
2026-05-30 19:34:00,-2148743.7230381863,4426642.545957296,4044653.6432370762,39.60858239391228,115.89247502339373,49.62353070103632,7,1.8946400398868541,-1.3188293240253732,-3.747644982852025,-0.2693331318413193,3.9820464637310087
2026-05-30 19:34:30,-2148745.327912876,4426645.595933484,4044659.0671615885,39.60860043206187,115.89247632630477,49.8790000166698,7,1.8958662843914178,-1.222942586193794,-1.747180660225461,-0.300766434124561,2.153761657307569
2026-05-30 19:35:00,-2148746.2920867666,4426638.840091088,4044658.978533453,39.60863216695285,115.89252077817352,49.75777240272867,8,1.8969341876603716,2.5628692359043015,1.7738514959158964,-0.34410227351346157,3.1358020065917582
2026-05-30 19:35:30,-2148744.8998059337,4426641.899844077,4044658.056405282,39.608613485378775,115.89249063559464,50.33699166557417,8,1.8978433225466467,-0.030377487931301697,-0.3011142083719842,-0.1482845988348676,0.33701762640568333
2026-05-30 19:36:00,-2148743.6364194774,4426643.700671897,4044652.4357854216,39.60856826784523,115.89246824458263,49.665665407384125,8,1.8985933254084097,-1.9607501932577653,-5.321341464129132,-0.6083900169510918,5.703626452612942
2026-05-30 19:36:30,-2148745.77540322,4426638.552427173,4044652.8736095517,39.60859246035146,115.89251682852695,49.51671651823482,10,1.8991838962545164,2.178386654209016,-2.63682419908643,-1.0466734202405423,3.576833169266045
2026-05-30 19:37:00,-2148745.2396841296,4426638.803038018,4044655.9785626596,39.608614112663915,115.89250994246673,50.48083515561519,11,1.8996147988645022,1.5739241887665938,-0.2340382152302034,0.07911341664056323,1.5931949569545036
2026-05-30 19:37:30,-2148743.8038120246,4426639.573414497,4044655.0404923037,39.608607208136654,115.89249098423849,50.15583570562198,8,1.8998858608830687,-0.06291091125998419,-1.0008311225008544,-0.04976501997909226,1.0040404751479899
2026-05-30 19:38:00,-2148746.0079486766,4426639.717780353,4044655.811400191,39.60860632437622,115.89251333891241,50.29538043315635,12,1.8999969738890221,1.833179768657951,-1.099088538569345,0.41062311906785465,2.176500637662284
2026-05-30 19:38:30,-2148745.1132317525,4426638.552334058,4044657.9817095334,39.60862965595329,115.89250989263024,50.74213856982395,11,1.899948093438642,1.52286650674829,1.490786904922142,0.7453918823700383,2.25769286032583
2026-05-30 19:39:00,-2148746.3039707053,4426643.0837757895,4044656.9120638967,39.60859592487396,115.8924993244438,50.242309055737024,7,1.8997392390834562,0.603515819255499,-2.2530621250262497,-0.4167315902384582,2.369427251810469
2026-05-30 19:39:30,-2148744.232006524,4426637.220326914,4044657.729780717,39.608636957271074,115.89250743460059,49.382379183273706,11,1.8993704943624228,1.2814728618809743,2.3020650731220305,-0.8031961384904269,2.7544146988991485
2026-05-30 19:40:00,-2148744.5331537,4426642.2255865745,4044653.153942892,39.60857861456164,115.89248513851669,49.60947808920674,9,1.8988420067685132,-0.6407944139554284,-4.173214289185794,-0.7069146560700938,4.280895153514937
2026-05-30 19:40:30,-2148746.042863915,4426645.198660249,4044657.5297666416,39.60858999354763,115.89248583558795,50.37275156597781,11,1.898153987689719,-0.5967625165605771,-2.9091553014793456,-0.11505923322348582,2.971960413001336
2026-05-30 19:41:00,-2148743.0085975262,4426640.972786316,4044657.2268922403,39.608617206874065,115.89247553871864,50.587019400187415,10,1.8973067123244975,-1.492881462781703,0.11274548910137527,0.43901168593073325,1.560172383941496
2026-05-30 19:41:30,-2148746.9983051056,4426640.974408943,4044653.1833432224,39.608579099857856,115.89251732339136,50.68893781811137,11,1.896300519571699,2.0648358251381214,-4.115681915263644,0.550638907567126,4.637411758613716
2026-05-30 19:42:00,-2148743.446666329,4426646.5214433,4044659.5760963983,39.60860390969966,115.89245191390646,49.956229447624494,7,1.8951358118950077,-3.544284361586606,-1.36010845079119,-0.6314861958496254,3.848457021878979
2026-05-30 19:42:30,-2148744.479684202,4426637.909895027,4044656.4771517646,39.60862407519483,115.89250652276488,49.986283558847866,7,1.8938130551619659,1.110143215977234,0.8801719248572761,-0.32346433595769175,1.4531860699593113
2026-05-30 19:43:00,-2148745.9310078085,4426640.632251693,4044655.704395332,39.60860106695389,115.89250788305336,49.64758733507309,11,1.89233277845763,1.2109673698550512,-1.6716032962625422,-0.28755684538124854,2.0840797706074192
2026-05-30 19:43:30,-2148743.6522036185,4426637.790370275,4044657.886933432,39.60863656583307,115.8924984625055,50.687808011172486,10,1.890695573872945,0.3898757623295316,2.2711406211613294,0.4688824126143363,2.3515810740861443
2026-05-30 19:44:00,-2148745.548597959,4426640.158281541,4044655.8294742745,39.608605330933116,115.89250628727531,50.380833219543966,10,1.888902096267916,1.0435649240816058,-1.1933364831740132,0.5323501556314697,1.6722668450484868
2026-05-30 19:44:30,-2148742.2476456175,4426643.648569359,4044653.0338302106,39.60857616547857,115.89245396184981,50.07331789657765,8,1.8869530630096714,-3.4465444382793984,-4.427877058084651,0.3161555345413195,5.620028303182124
2026-05-30 19:45:00,-2148742.3843768598,4426642.937644016,4044655.8956762175,39.60859939405633,115.89245900902895,50.485663846839,12,1.884849253685529,-3.030329599013646,-1.8464523643107575,1.137576355450337,3.726441167764045
2026-05-30 19:45:30,-2148746.886792787,4426643.099667555,4044659.0719457474,39.608609415614914,115.89250534880306,50.13377120916853,7,1.8825915097911667,0.9171079766792821,-0.7307795558823587,0.19756036685966832,1.1891828701836025
2026-05-30 19:46:00,-2148743.893036711,4426641.526694841,4044660.7912885556,39.608636948546675,115.89248198688249,49.87251778206159,11,1.8801807343940409,-1.096055649324618,2.328882445249615,0.43687735800864475,2.6107265762903724
2026-05-30 19:46:30,-2148742.4954564786,4426643.312213302,4044653.9313692776,39.60858352209806,115.8924582680087,50.6181330322338,8,1.8776178917721653,-3.1397093182742344,-3.5977205098398297,0.34898042911398436,4.787813155302199
2026-05-30 19:47:00,-2148745.041221869,4426636.799878344,4044655.117330804,39.60861892250131,115.89251804917781,50.04750248464086,10,1.874904007028419,1.9572931258210824,0.33568282014642215,0.40594135891315924,2.026935549790417
2026-05-30 19:47:30,-2148742.141083823,4426644.967764452,4044658.041155948,39.60860448437683,115.89244613779056,50.07509950520941,12,1.8720401656805157,-4.2075310414377896,-1.2627652690447522,-0.035358999690212445,4.393079085132355
2026-05-30 19:48:00,-2148743.5771850534,4426642.346599071,4044653.4623104488,39.60858252504198,115.89247450924717,50.56706497766236,10,1.8690275132268086,-1.7964908804072741,-3.6958431546235957,0.8624549937625765,4.198864694560971
2026-05-30 19:48:30,-2148747.655049025,4426642.298139023,4044659.1012191405,39.60861182452737,115.89251747202108,50.27269887177266,9,1.8658672546881132,1.8623895031420763,-0.43896807248273695,-0.06909874549775108,1.9146702762361885
2026-05-30 19:49:00,-2148744.7368374993,4426643.370353214,4044657.4550868757,39.60860214258016,115.89248145125835,50.26762348009996,9,1.8625606541257063,-1.2330673629668334,-1.5088087554819716,0.5151818256565672,2.0155325092193053
2026-05-30 19:49:30,-2148745.862195316,4426642.414726313,4044655.58178912,39.60859121470507,115.8924980987361,50.00353985391663,12,1.859109034135728,0.17551970961242047,-2.7167248781795497,0.0013111759191720973,2.7223891990978086
2026-05-30 19:50:00,-2148740.9660867006,4426639.9378258,4044657.801089734,39.60863162821137,115.89245940557181,50.054853479162915,8,1.8555137753201507,-3.1483721550439516,1.7744741563614088,0.3054732491102352,3.626888427312397
2026-05-30 19:50:30,-2148743.5026043453,4426641.110962753,4044656.686226141,39.608611500290934,115.89248001093625,50.21401476926318,9,1.8517763157345672,-1.4012177278125029,-0.4542041163857631,-0.016387829406609933,1.4730855579464708
2026-05-30 19:51:00,-2148743.3290639236,4426639.532750708,4044651.8575762147,39.60858645680781,115.89248621792873,51.879657861352285,7,1.8478981503129768,-0.8853045655415126,-3.228289582652838,2.2409272265095104,4.028321317589387
2026-05-30 19:51:30,-2148745.443666522,4426642.878921568,4044659.205488032,39.608615084750745,115.89249135424096,50.96367098644253,7,1.8438808302698413,-0.4608950204249157,-0.044627317100107255,1.3180921984724248,1.397062225156026
2026-05-30 19:52:00,-2148745.980858618,4426639.101606231,4044654.724643431,39.60860200083973,115.89251618825226,50.501363843743576,8,1.839725962479616,1.6480489696288705,-1.490762260178599,1.4220017336910908,2.6382809655698263
2026-05-30 19:52:30,-2148742.18685364,4426637.92393071,4044652.4281824054,39.60860155723784,115.89248243355564,50.251988301989215,11,1.8354352088340165,-1.2532379890507803,-1.533605200239886,1.2199081859503005,2.326096805713687
2026-05-30 19:53:00,-2148745.885698337,4426641.604936522,4044654.97013249,39.60859106665686,115.89250246253785,49.88311402501099,7,1.8310102855772947,0.4449222032545184,-2.691446050308838,0.10478017734005213,2.7299847058610625
2026-05-30 19:53:30,-2148744.000288348,4426640.8876884105,4044655.570048122,39.60860363990994,115.89248635956996,50.38534379349075,12,1.826452962619752,-0.9467244393157516,-1.2889855024046986,0.5992089308223767,1.7078706426964876
2026-05-30 19:54:00,-2148745.0889350306,4426644.032106947,4044657.174303179,39.6085959047725,115.89248177467417,50.05982236630908,10,1.8217650628298112,-1.3533199997908592,-2.1405414685168185,0.5523265815530716,2.591998737068398
2026-05-30 19:54:30,-2148749.113671889,4426638.001749818,4044655.1392175765,39.60860272005127,115.89255459758415,50.91689975682585,12,1.8169484613048805,4.859786919340017,-1.3767874161731506,1.3567309002919545,5.230085202606941
2026-05-30 19:55:00,-2148745.3550022226,4426639.440709012,4044658.0715314955,39.608625106304565,115.89250790802537,51.29385868104791,12,1.812005084621351,0.8526959309783974,1.1155575816686252,2.002615430586827,2.4458183970912333
2026-05-30 19:55:30,-2148745.3091463493,4426642.748981962,4044652.554536539,39.60856981301694,115.89249060583187,50.718384603501576,9,1.806936910063987,-0.6412210653516244,-5.014314763943163,0.716719171281982,5.1057030247589
2026-05-30 19:56:00,-2148741.1298179915,4426639.6124244165,4044656.0002538147,39.60862036359512,115.89246277528247,50.90280381945703,8,1.8017459648350331,-3.035408662178863,0.6046925864863626,1.3100022461016783,3.3608726181415274
2026-05-30 19:56:30,-2148744.3195947767,4426638.018674755,4044653.932705013,39.608606211476946,115.8925042926761,50.36046831430953,11,1.7964343252433728,0.50086445885469,-0.9580899033789958,1.1607349452970919,1.5862241589177797
2026-05-30 19:57:00,-2148743.933885701,4426641.127574089,4044657.2173612723,39.60861403325095,115.89248444422404,50.787604933979914,12,1.7910041158740184,-1.2105653368122176,-0.0815620726221633,0.9327577720736167,1.5304110126843173
2026-05-30 19:57:30,-2148745.292579962,4426644.113274807,4044655.4859752576,39.60858323143916,115.89248349517105,50.139475927414686,12,1.7854575087383195,-1.3057055278759742,-3.4920451733291777,0.7263397323817312,3.7982648439693945
2026-05-30 19:58:00,-2148744.261971841,4426641.614269967,4044654.776344192,39.608593725544125,115.89248540624627,50.013326297618235,7,1.7797967224051727,-1.1561739485966624,-2.31847564941826,0.7374534256228191,2.693678728304816
2026-05-30 19:58:30,-2148743.9285584902,4426640.369959485,4044654.939657172,39.608602096670666,115.8924882407241,50.8365618643301,12,1.7740240211136389,-0.9275902941593157,-1.380352121463881,1.1801037765013385,2.0392255040483196
2026-05-30 19:59:00,-2148746.246096959,4426638.02462914,4044657.8066661875,39.60862832379801,115.89252444287264,51.23930303066821,9,1.7681417138672626,2.15456270041044,1.5399908187994962,2.0659000120762228,3.3588175020210924
2026-05-30 19:59:30,-2148741.9104545815,4426642.191739468,4044656.726524516,39.6086101963503,115.89245783736024,50.54564157828781,8,1.7621521535105145,-3.5549298582644053,-0.4628220635199263,1.208521669653612,3.7831541318961595
2026-05-30 20:00:00,-2148743.856796534,4426639.895101111,4044657.4839681154,39.608622422005475,115.89248990355499,51.49249751176754,11,1.7560577357876799,-0.8262865166458868,0.9037601387588798,2.4116486420590255,2.7047330679284056
2026-05-30 20:00:30,-2148744.5961590307,4426643.673420041,4044655.7431533895,39.608589023255114,115.89247843659894,50.27769088314218,10,1.7498608983845856,-1.820345257273729,-2.793767382305785,0.7730261230637324,3.4229172395857925
2026-05-30 20:01:00,-2148743.0017254646,4426638.1226170175,4044654.9739110055,39.60861621261122,115.89248995921884,51.38225124699198,11,1.7435641199535739,-0.8483235805239339,0.23418280380568413,2.115963037286497,2.2916793095967716
2026-05-30 20:01:30,-2148740.0864901436,4426645.778834338,4044655.737652211,39.60858941525896,115.8924204914392,51.62168509397063,12,1.7371699191220569,-6.802207196022423,-2.730195178428347,2.3986024798860663,7.71215160032842
2026-05-30 20:02:00,-2148741.834036511,4426641.101642822,4044654.949683816,39.60860363290585,115.89246257976299,51.17138637799356,11,1.7306808534851168,-3.2161206948606247,-1.1417132549532127,1.4589151359478496,3.7115192110973076
2026-05-30 20:02:30,-2148746.667644304,4426638.495262303,4044657.6337169185,39.60862364616635,115.89252646558943,50.540706715164255,7,1.724099518582484,2.234110193883354,1.0902752946076333,1.423197868990603,2.864514051413376
2026-05-30 20:03:00,-2148741.467983552,4426639.506795264,4044655.081378229,39.608613669111115,115.892466854733,51.38862539489281,9,1.7174285468603716,-2.8765405884509923,-0.006469202619461711,1.9722559462742015,3.487738683617575
2026-05-30 20:03:30,-2148748.333722264,4426639.65328,4044654.211481219,39.60858971562837,115.89253802978564,50.56882140514685,8,1.7106706066185264,3.1972471087397145,-2.654406695360481,1.2471111226851956,4.33861154415144
2026-05-30 20:04:00,-2148747.3656666,4426641.4746545525,4044655.8005950125,39.6085938189751,115.89251862792841,50.770208944105775,11,1.7038284009429354,1.525335568479469,-2.1878472273072687,1.81673186251063,3.2270479926344495
2026-05-30 20:04:30,-2148746.0340603977,4426639.158191946,4044657.8633071436,39.60862341514653,115.89251645782453,51.67393079472657,10,1.6969046666246455,1.3271296435293412,1.1086030742062014,2.4443143307114235,2.9941520359185154
2026-05-30 20:05:00,-2148742.85060992,4426639.357684088,4044655.2960305717,39.60861247671297,115.89248209620739,51.65536866490746,12,1.6899021730650636,-1.6238660488422012,-0.09410210992842916,2.4707404634212655,2.9580998274673718
2026-05-30 20:05:30,-2148745.9836475784,4426639.99509545,4044655.793583642,39.608604834285615,115.89251167426634,50.78056610958114,12,1.6828237211682535,0.8931384091216307,-0.9307665871562707,1.2512184906848796,1.7971005450576762
2026-05-30 20:06:00,-2148744.879412741,4426642.120729418,4044656.5792075293,39.60860212172849,115.89248929881906,51.411425017898154,8,1.6756721422205907,-1.032616755530521,-1.2200331277082652,2.821310218812033,3.2426176998346863
2026-05-30 20:06:30,-2148749.9210667815,4426643.53701278,4044655.671900673,39.608575930365134,115.8925349095487,50.97216169938511,7,1.6684502967583061,2.855673753884966,-4.1152665213770305,2.4354069973563073,5.569694639149091
2026-05-30 20:07:00,-2148744.5464738086,4426645.109443857,4044657.8804688714,39.608596629934404,115.89247061428046,51.040272925955996,9,1.6611610734232896,-2.6546772034906714,-1.805427484910803,2.2042369197651124,3.894295810086849
2026-05-30 20:07:30,-2148745.0588685838,4426641.736247131,4044657.5999349747,39.60861075379885,115.89249313365949,52.04901360886806,11,1.6538073878076895,-0.740837000610221,-0.225314529736089,2.7815139812145637,2.8872869837401747
2026-05-30 20:08:00,-2148747.1620892663,4426642.354856397,4044656.6827616594,39.608595936646374,115.89251201978428,51.17598745433013,8,1.646392181287707,0.8624219786993088,-1.8574790791608216,1.7786120568148491,2.7124640177357033
2026-05-30 20:08:30,-2148745.577112027,4426640.302087147,4044654.996357368,39.60859872312825,115.89250585474508,50.78940529283892,9,1.638918419847076,0.32352004019956015,-1.535466647164933,1.216290360587766,1.9853677952020286
2026-05-30 20:09:00,-2148745.0003095195,4426638.143635476,4044653.144623824,39.60859838510637,115.89251078789346,50.92686322775375,11,1.6313890928907302,0.7338193474487112,-1.5601023954806934,1.5125745536924478,2.293532668080522
2026-05-30 20:09:30,-2148744.178475775,4426640.471619438,4044656.3398054973,39.60861069145836,115.89249034173586,51.240578987513715,7,1.6238072120490565,-1.0261004175804895,-0.181042761626085,1.8384940465089343,2.1132247650320704
2026-05-30 20:10:00,-2148746.550496141,4426637.236161386,4044655.1382823563,39.60861305413117,115.89253164070345,51.24968426372416,10,1.6161758099733068,2.4943254506939083,0.09443648529975346,2.0338427894497793,3.219797229008684
2026-05-30 20:10:30,-2148744.6961080465,4426641.675382467,4044653.9891485753,39.60858684967579,115.89248964315959,51.54630198971165,11,1.608497939122555,-1.1083323001033776,-2.8008693986970017,2.3514733191474564,3.8213474909607608
2026-05-30 20:11:00,-2148744.04360424,4426640.319381508,4044652.909820725,39.6085879462905,115.8924897030278,51.44231851235327,7,1.6007766705427768,-1.1142624780975678,-2.665592332373982,2.644036670129569,3.9163622490133565
2026-05-30 20:11:30,-2148745.5770955784,4426639.931735672,4044658.2590609784,39.6086233300363,115.8925077377299,51.67018123172703,11,1.5930150926384499,0.4170824021441274,1.2757185039704193,2.972205597432897,3.261199402821343
2026-05-30 20:12:00,-2148744.9826324633,4426640.201037376,4044658.0935962508,39.60862227784422,115.89250014127772,51.0098688786455,8,1.5852163099372523,-0.24332088768952587,1.1728004786327484,2.282738827619319,2.577898867719222
2026-05-30 20:12:30,-2148745.3439610116,4426643.211505342,4044656.6477030255,39.60859582593453,115.89248861869311,51.434665798552444,12,1.5773834418482848,-1.2393366228264693,-1.7493279554386698,2.6276966420185586,3.391296684578594
2026-05-30 20:13:00,-2148745.98233046,4426642.347377689,4044657.3117843573,39.60860329821136,115.89249969962638,51.524744465157056,11,1.5695196214143408,-0.3022444954844513,-0.9057154611625648,2.869991873291449,3.02465296925094
2026-05-30 20:13:30,-2148742.6670660754,4426642.99992464,4044656.877797097,39.60860520103866,115.89246165356826,52.06211570637176,11,1.5616279940587496,-3.5661740925369547,-0.6801576828414999,3.3160872471714096,4.916975367302845
2026-05-30 20:14:00,-2148748.950822971,4426645.63527213,4044657.9945790437,39.608583718597764,115.89251407688967,51.1737329363097,12,1.553711716327228,0.9066477310233182,-3.050212557868286,2.2171314204349826,3.8783344997340246
2026-05-30 20:14:30,-2148744.537576213,4426645.571605266,4044657.331713505,39.60859045613404,115.892468171091,51.39225548834724,9,1.5457739546253249,-3.0291354971834403,-2.287699938633395,2.637654678874952,4.622386296547589
2026-05-30 20:15:00,-2148743.2323758043,4426640.6531484425,4044655.755763202,39.60860805668279,115.8924795081261,51.380993079964654,11,1.53781788395188,-2.069577184926911,-0.31924501478405953,2.4434089029766937,3.217967397438986
2026-05-30 20:15:30,-2148745.4138259036,4426639.491186712,4044655.1830064314,39.60860460178615,115.89250826754616,51.03165747876447,11,1.529846686629086,0.3800247934077663,-0.6877987403609108,1.9864321386849269,2.136211270555196
2026-05-30 20:16:00,-2148748.926623159,4426640.509211727,4044659.8719657958,39.60862321572561,115.89253988829728,51.323975681890495,10,1.521863551029594,3.074463715250366,1.3934319794848564,1.9570987136370124,3.9018220349936286
2026-05-30 20:16:30,-2148746.049414795,4426639.831035459,4044657.5288345,39.6086175877351,115.89251319739978,51.3239759125345,11,1.5138716703011972,0.7824512334866998,0.7839499386019475,2.1629092122937155,2.430017222087917
2026-05-30 20:17:00,-2148745.212923045,4426638.980987323,4044656.554798196,39.60861727328442,115.89250875730532,52.008060219415,10,1.505874241089636,0.39339526217041154,0.7644100933658309,3.09380961030016,3.211034183549486
2026-05-30 20:17:30,-2148746.9326862646,4426643.107588486,4044655.1097388784,39.608581691850866,115.89250578926922,51.12406762114412,10,1.5021255377400418,0.1303748144512329,-3.1696277907487804,2.3296143725864424,3.935815169579424
2026-05-30 20:18:00,-2148744.077302554,4426641.4822985465,4044655.844822742,39.60860230006708,115.89248414284674,51.6011105481605,9,1.5101244663829607,-1.7298012023894458,-0.8664797206371256,3.199320080857481,3.7388030552358975
2026-05-30 20:18:30,-2148744.3707998963,4426644.407143286,4044654.1321072313,39.60857460159842,115.89247234510381,51.75924357289871,11,1.5181193453743205,-2.747601024330063,-3.925241094821656,3.324150028655171,5.831535171323628
2026-05-30 20:19:00,-2148746.0209428924,4426639.450150262,4044657.4692678414,39.60861920408683,115.89251483587074,51.73236703750536,9,1.5261069768691158,0.8773085649929655,1.0415340728826563,2.8073240589848663,3.120181391416341
2026-05-30 20:19:30,-2148741.842650882,4426639.457719266,4044654.5473304614,39.60860927006134,115.8924710289862,50.96788322418473,9,1.5340841659212545,-2.877486086522461,-0.04511578409589445,2.2281625803416683,3.639597518481924
2026-05-30 20:20:00,-2148744.520091638,4426641.123934825,4044660.1851655403,39.60863323742087,115.89249060334502,50.580044844278866,11,1.5420477217614743,-1.2119914784481813,2.6314138045952773,1.6628998075744565,3.340433762983
2026-05-30 20:20:30,-2148744.752522675,4426644.199100465,4044655.6634742836,39.608585373658066,115.89247740156965,52.636297329932276,8,1.5499944590736154,-2.3492340338824196,-2.665187801313875,3.223183523352799,4.796982237556932
2026-05-30 20:21:00,-2148744.5426706886,4426645.000683166,4044657.474544403,39.60859437466258,115.89247112746553,51.01976602165518,11,1.5579211992687139,-2.893888169315825,-1.6496791951837193,1.7816497886793106,3.777605875819913
2026-05-30 20:21:30,-2148745.619623385,4426643.527127498,4044655.3861975605,39.608584736204854,115.89248990143773,51.48410676445302,10,1.5658247717563745,-1.296361873848476,-2.703032218951651,3.0579729969154372,4.28230500251005
2026-05-30 20:22:00,-2148745.1382170655,4426642.848787496,4044655.54487886,39.60859053273102,115.8924883078276,51.62655727831092,8,1.5737020152129872,-1.440435211574174,-2.0429857299864764,3.6969401077903443,4.462735758731408
2026-05-30 20:22:30,-2148744.269211707,4426641.0113535905,4044653.2314397697,39.60858606033491,115.89248854778201,51.74331954212463,9,1.5815497788461923,-1.4275460896439145,-2.522675708712098,3.0059935253588788,4.175856516199188
2026-05-30 20:23:00,-2148747.409417667,4426641.318733385,4044657.3279771786,39.60860513921696,115.89251987905415,51.56243692133947,8,1.5893649236551777,1.244322757589027,-0.3880623165774375,2.682083519914989,2.982030096159491
2026-05-30 20:23:30,-2148745.4858845654,4426639.683771418,4044654.6585390535,39.60859978178812,115.8925080431223,52.26547227232625,12,1.5971443236862146,0.22485491782682954,-0.965770367060172,3.748263144446502,3.877208884749238
2026-05-30 20:24:00,-2148746.91578153,4426640.243269551,4044651.516560701,39.608571470541094,115.89252017662835,51.734997876112715,9,1.60488486728302,1.2553317841190879,-4.091245612906914,2.990249709475194,5.220703197689576
2026-05-30 20:24:30,-2148743.1769173658,4426641.336139362,4044657.4044826897,39.608616152647095,115.89247545433099,51.70800090169559,7,1.6125834583313587,-2.5761249713781407,0.8856454925570126,2.8434448466471753,3.937761597985454
2026-05-30 20:25:00,-2148748.338931396,4426640.744708385,4044659.439764452,39.60862046464615,115.89253253467086,51.754819463613885,7,1.6202370174974547,2.2983758685689804,1.3815564187187175,3.9326016229246967,4.75989341224707
2026-05-30 20:25:30,-2148744.1010629456,4426639.572586779,4044654.1108897845,39.60860000198328,115.89249410220673,52.42977235064271,12,1.6278424834596936,-0.9948603954333654,-0.8724209260609718,3.427110393278112,3.6736835909405388
2026-05-30 20:26:00,-2148745.0179700945,4426642.367448426,4044655.725629971,39.60859456722893,115.89248949572111,50.943642688006236,9,1.6353968141330895,-1.395252642281996,-1.4582037236517722,2.460497899054858,3.182316443523515
2026-05-30 20:26:30,-2148747.3051906284,4426642.486098263,4044654.794049688,39.60858176264207,115.89251285146031,51.41860645034837,9,1.6428969878861015,0.5957532643816499,-2.8619437452211107,2.448134334938404,3.81300480916769
2026-05-30 20:27:00,-2148745.4470718335,4426644.982188194,4044655.2847455894,39.60857697481657,115.89248069527193,52.063637620967704,11,1.6503400047492243,-2.160246325424252,-3.3757316008121467,3.64352640106958,5.416411419244458
2026-05-30 20:27:30,-2148742.6232622922,4426640.107840455,4044654.7090977114,39.608605101085026,115.89247590031746,51.91710506114014,8,1.6577228876149566,-2.576240520778944,-0.2359659164217277,3.131942503805307,4.062235712235119
2026-05-30 20:28:00,-2148745.1958534564,4426640.956561579,4044656.646368883,39.608607788492115,115.89249853313122,52.26505343841936,12,1.6650426834285867,-0.6465386951948352,0.0801727121456366,3.5710466569468022,3.6299881782518186
2026-05-30 20:28:30,-2148747.9193794345,4426645.05530139,4044656.697785202,39.608580255759506,115.89250622136389,52.341741687836475,12,1.6722964643693827,0.005331470409679406,-2.9580401787152586,4.2041108496818955,5.140484233988425
2026-05-30 20:29:00,-2148744.380030572,4426643.15432877,4044657.269683346,39.608602855167575,115.89247881207677,51.531606837349685,7,1.679481329021689,-2.3440349104116027,-0.43150404757519334,2.8447762636450697,3.711259542864189
2026-05-30 20:29:30,-2148743.048283799,4426640.8203626145,4044655.849099151,39.60860830553271,115.89247672948056,51.407345789636594,8,1.6865944035354365,-2.527379307477024,0.19156713250042878,2.6057082183497187,3.6351147780080817
2026-05-30 20:30:00,-2148747.5557657895,4426638.40391588,4044657.359162115,39.60861998775861,115.89253623330302,51.80530972880273,8,1.6936328427756644,2.55609848503818,1.5064510676703802,2.9962897891301328,4.216727022815824
2026-05-30 20:30:30,-2148745.832200842,4426639.06487266,4044657.013821487,39.60861848884647,115.8925148178168,51.62708914124666,9,1.7005938314605167,0.7198300142103375,1.3583022770173914,3.641315314001754,3.9525077534512665
2026-05-30 20:31:00,-2148749.3355974206,4426639.036397417,4044654.502145248,39.608592409764576,115.89255166132638,53.12797017671887,7,1.7074745852873359,3.865836119997325,-1.5181743847792277,4.505631855329383,6.127826758732223
2026-05-30 20:31:30,-2148743.4943343075,4426641.880287304,4044653.1783641498,39.60858315553516,115.89247601246153,51.55511635718791,10,1.7142723520463286,-2.6079158905316886,-2.5270240863101865,3.3930150039947975,4.969871914065124
2026-05-30 20:32:00,-2148745.1359625435,4426641.033706317,4044657.1803037315,39.60861125618356,115.89249751349874,52.298871702512706,11,1.7209844127214318,-0.7735837687753395,0.6105833405632043,4.284761652146163,4.396638065475517
2026-05-30 20:32:30,-2148747.7484799167,4426642.548730063,4044653.429107845,39.60857083623007,115.89251717652533,51.28348685904484,11,1.727608082577866,0.9037484548777448,-3.8575330060109754,2.634503545080764,4.757933489573083
2026-05-30 20:33:00,-2148741.2749828575,4426638.146751848,4044653.6354503557,39.60861108817783,115.8924717485345,52.07707911727644,10,1.7341407122360006,-2.985084676128116,0.6289920576776993,3.1822357574757985,4.408286055649531
2026-05-30 20:33:30,-2148746.0726035563,4426640.5583254825,4044656.9940662207,39.60861006699958,115.89250974219354,51.449355624630016,12,1.7405796887310778,0.26017815554654145,0.5342578341093894,3.2532018576749446,3.307029850592608
2026-05-30 20:34:00,-2148745.9807507144,4426640.986745873,4044656.7111768695,39.608606123832075,115.89250660159347,52.74367438681576,9,1.7469224365583464,-0.012028793129349902,0.11523782196532001,4.586473035445213,4.5879362846863385
2026-05-30 20:34:30,-2148748.1377847125,4426641.876451039,4044656.984271861,39.60859805915334,115.89252467295516,51.501196735821196,8,1.7531664187032494,1.5299160395594356,-0.7612176066639742,3.031104830458647,3.4796108727882493
2026-05-30 20:35:00,-2148746.513644517,4426642.887963289,4044657.836974338,39.60860284406698,115.89250251647792,52.03201106546744,10,1.7593091376561762,-0.36809414626335946,-0.21131864703442704,3.6567244054127657,3.6812745412749583
2026-05-30 20:35:30,-2148743.7620323002,4426643.423472924,4044655.4941271795,39.608590659806396,115.8924709698942,51.74129545541152,10,1.7653481364114516,-3.068928659310404,-1.5449510957841914,3.8598197018636866,5.167533757528498
2026-05-30 20:36:00,-2148742.1309194635,4426640.543827472,4044656.0791544234,39.60861362014319,115.89246852603513,52.50198331382532,9,1.7712809994500884,-3.2808207653281682,1.02251098480162,4.067928346428731,5.325162405028308
2026-05-30 20:36:30,-2148739.955675964,4426643.186333659,4044656.190231339,39.608606229657475,115.89243230339875,52.487466961891066,8,1.777105353705979,-6.381166366731128,0.22107327131386595,3.548693275078217,7.3048875112335105
2026-05-30 20:37:00,-2148741.4354055393,4426643.348723684,4044654.8704965743,39.60859251602015,115.8924469781301,52.14074313768914,11,1.782818869515076,-5.128770497566096,-1.2821954891976186,3.905040205956617,6.572492000707251
2026-05-30 20:37:30,-2148743.4260018207,4426640.694678169,4044656.1081513185,39.60860981128666,115.89248132522556,52.31707456750261,10,1.788419261547233,-2.193881026873421,0.6565601292458523,3.920918476509819,4.540681321434768
2026-05-30 20:38:00,-2148742.2065873304,4426642.385236024,4044654.2649287577,39.608591333806935,115.89245995552017,52.51840868765468,12,1.7939042897203117,-4.0235035846033735,-1.3754257643019672,4.071068341024662,5.886762655799462
2026-05-30 20:38:30,-2148743.7191645494,4426645.766849277,4044654.9020239757,39.60857459017413,115.89245860531092,51.42790482090363,12,1.799271760096172,-4.14094642807109,-3.214924067197171,3.3439944951507856,6.218156741478706
2026-05-30 20:39:00,-2148746.4715936324,4426640.427003216,4044656.454420177,39.60860599141893,115.89251458943292,51.7665138956078,9,1.804519525758233,0.6448191020823706,0.2896868844811925,3.272038299626523,3.3475281626408404
2026-05-30 20:39:30,-2148744.7724517975,4426637.786243725,4044653.3564643906,39.60860226695778,115.89251021830148,51.91439826334143,9,1.8096454876701948,0.2694099392887015,-0.10463043157053625,3.619118346366801,3.6306400052341936
2026-05-30 20:40:00,-2148742.9140405194,4426641.658544782,4044657.0979181807,39.608613017342165,115.892471061287,52.19837568212287,10,1.8146475955156418,-3.0805745422045794,1.1077824501808071,3.4623128419512588,4.764948235033425
2026-05-30 20:40:30,-2148743.4725947706,4426641.60448123,4044656.516918443,39.60860785801435,115.89247718714836,51.74484890325425,12,1.819523848518128,-2.5579463943269305,0.5542368681967129,3.2158164659230533,4.146292778473378
2026-05-30 20:41:00,-2148747.5976171303,4426639.109458109,4044654.813806761,39.60859854296481,115.89253308417008,51.76784669346604,10,1.8242722962414661,2.2211162552839943,-0.46057699137304364,3.4038905177806362,4.090471762707325
2026-05-30 20:41:30,-2148743.573021489,4426643.140346549,4044655.754825736,39.60859440247664,115.89247042960511,51.536410659408936,9,1.8288910393698825,-3.1377328344552424,-0.9010004638490718,3.195912689476186,4.568481924559808
2026-05-30 20:42:00,-2148742.6485141837,4426644.667540784,4044655.0869618063,39.60858420695199,115.89245297978523,52.17624938114768,12,1.8333782304677047,-4.630650299385355,-2.013521670618991,4.21710227840173,6.578840577164872
2026-05-30 20:42:30,-2148745.834652767,4426642.706716315,4044651.952185241,39.608564526960066,115.89249632551818,52.239590243491016,9,1.8377320747183252,-0.9243671233744875,-4.178810191652062,4.0796005874286365,5.912702440473294
2026-05-30 20:43:00,-2148744.275869945,4426643.366208497,4044656.7596132085,39.60859847617804,115.89247664361426,51.8343622841835,9,1.841950830642091,-2.6077900537672383,-0.3912506251000711,3.2265812090433856,4.167069991579265
2026-05-30 20:43:30,-2148742.9791477406,4426641.585268379,4044655.3811900364,39.6086012870339,115.8924721158915,52.645570720204894,8,1.8460328107928852,-2.995095593119781,-0.060046227791459315,4.183301933508839,5.145310314091494
2026-05-30 20:44:00,-2148746.8002593117,4426639.093337613,4044655.918528547,39.608608303789225,115.89252481367011,52.11570722224954,7,1.8499763824330702,1.5115018801322042,0.7380132705456194,4.137743206559219,4.466566955120184
2026-05-30 20:44:30,-2148746.7928273752,4426642.55185447,4044654.9023615886,39.60858345756353,115.89250715000784,52.57358938791868,7,1.8537799681865728,0.001233169094428499,-2.000720628446157,4.969970801110616,5.357564214985024
2026-05-30 20:45:00,-2148744.211297024,4426644.213428762,4044657.7902896577,39.60860144968358,115.89247165927692,52.35404852211394,10,1.8574420466698038,-3.0333541770164874,0.015596581226077447,4.424265680662155,5.364290039665479
2026-05-30 20:45:30,-2148742.9372063912,4426642.662849516,4044652.4242002326,39.6085752732339,115.8924661972893,51.97128217030054,8,1.8609611531001964,-3.4998060170292464,-2.8708054813697634,4.104640725132438,6.110502577620973
2026-05-30 20:46:00,-2148746.195921669,4426644.268943858,4044653.3989129076,39.608565652962746,115.8924921662944,51.595545248282924,9,1.8643358798821013,-1.2782071936234498,-3.919482522700109,3.194361227641182,5.2153715618582375
2026-05-30 20:46:30,-2148746.8174099936,4426641.489991864,4044654.771924257,39.608587952007895,115.8925128068549,52.21783668997741,12,1.867564877169799,0.4879093862525383,-1.4251290096099167,3.5305022826351866,3.8384234564359017
2026-05-30 20:47:00,-2148745.1024545636,4426645.441643677,4044658.883275993,39.60860050953596,115.89247474911757,52.831956431585944,12,1.8706468534074299,-2.765451292055464,-0.012100207246705824,4.260481547228643,5.079327738788119
2026-05-30 20:47:30,-2148740.3273654166,4426644.5151971,4044660.4178418946,39.6086278792285,115.89242943995298,52.241390160084975,8,1.8735805758455886,-6.638740982789352,3.045059780466057,3.529663367183135,8.111953796023096
2026-05-30 20:48:00,-2148742.695088638,4426638.884679619,4044654.650296123,39.60861080587337,115.89248287221648,51.66237477394674,7,1.876364871034418,-2.0678381211966115,1.1690196517904554,3.604957830665826,4.317207708997225
2026-05-30 20:48:30,-2148744.328945234,4426641.744248674,4044655.7509156535,39.60859967043562,115.89248544689195,52.337012571526564,12,1.8789986252929642,-1.845904258492995,-0.04793622267472486,4.363148407206287,4.737797424571217
2026-05-30 20:49:00,-2148743.580151127,4426641.832679742,4044651.792393173,39.60857354278361,115.89247715348252,51.501872642162425,11,1.8814807851546418,-2.5531834362847974,-2.9290552037364868,3.6559758285754227,5.33519159027889
2026-05-30 20:49:30,-2148740.400916326,4426645.621971457,4044653.3398273494,39.60857275337506,115.89242458272307,52.107580198988,7,1.8838103577886,-7.046714231025631,-2.9976592266995574,4.311735023547944,8.788242213687907
2026-05-30 20:50:00,-2148741.8046096885,4426639.459390483,4044655.1050882745,39.60861323726135,115.89247062199959,52.00018977212301,7,1.8859864113968454,-3.1072897124302283,1.5150396734835718,3.786847691796932,5.12745648543912
2026-05-30 20:50:30,-2148745.340949292,4426643.450747696,4044657.759686854,39.60860233953007,115.8924873706507,52.200358892734705,8,1.8880080755869495,-1.6725075144855361,0.3243434838441265,3.2551065242955572,3.673989461883939
2026-05-30 20:51:00,-2148746.3449342456,4426636.898887461,4044655.9906821824,39.60862123369928,115.89253120237129,51.932216322825084,12,1.88987454172019,2.078504440055306,2.440509980202145,3.679768559664552,4.880262935897166
2026-05-30 20:51:30,-2148747.5337831643,4426642.0387658775,4044652.9154964243,39.60857042262973,115.89251752059567,52.63237437254901,9,1.8915850632350013,0.9113565256182501,-3.180646017272888,4.940914799156592,5.946403859182916
2026-05-30 20:52:00,-2148743.7817292875,4426640.153803804,4044651.3247275436,39.60857842340648,115.89248780176489,52.53711923965035,9,1.8931389559455825,-1.6270379607791774,-2.2737307854220132,4.9476182839658955,5.682959694932378
2026-05-30 20:52:30,-2148745.9103703992,4426643.337451495,4044652.1811937136,39.60856268605818,115.89249391152525,52.04206671717669,11,1.8945355983155687,-1.1013188663644973,-4.001793854176073,3.9631421646968694,5.738793698533687
2026-05-30 20:53:00,-2148743.408711103,4426644.893082267,4044656.2851682226,39.60858948485483,115.89245979616001,51.97734018490868,7,1.8957744317066334,-4.015322665246016,-1.0083939584978954,3.6415712299848004,5.513684385655968
2026-05-30 20:53:30,-2148744.2540604384,4426637.3009049175,4044655.3309255466,39.60861979675782,115.89250725589758,52.06830164228197,10,1.896854960601937,0.04686070931613662,2.3749089174988502,4.157011531321646,4.787810894765405
2026-05-30 20:54:00,-2148748.8294065464,4426640.92593738,4044653.0135352607,39.60857359457186,115.89253675097468,51.69869820692737,7,1.897776752804329,2.5729538333945543,-2.7349065933142387,3.5158275921484803,5.144010999273427
2026-05-30 20:54:30,-2148742.6346323406,4426637.682817105,4044652.611270102,39.60860295336389,115.89248835013485,51.741093461245256,11,1.8985394396092183,-1.5621459419836028,0.5424892582291927,3.309941387832754,3.7000414227732796
2026-05-30 20:55:00,-2148746.069422271,4426644.961199073,4044660.4964796375,39.60861179087969,115.89248732122809,52.03746689405322,7,1.8991427159520526,-1.645990299291365,1.5419635784408268,3.7798357505833993,4.401601304524036
2026-05-30 20:55:30,-2148745.2599635706,4426639.2326106075,4044656.2799389893,39.608613948743304,115.89250797061334,52.673909118099935,7,1.8995863405303377,0.12419384925359789,1.7999339710148017,4.3781314344515705,4.735316385368406
2026-05-30 20:56:00,-2148745.3919468583,4426641.125563654,4044658.892205851,39.60862205538132,115.89249972790707,52.379203783566666,11,1.8998701359001577,-0.5761885692823919,2.718153130905216,4.213624270481921,5.04727443311891
2026-05-30 20:56:30,-2148742.242540407,4426646.553996694,4044659.0913539147,39.60860337674858,115.89243913494366,52.24605377357647,8,1.8999939885471484,-5.753194826619789,0.6631393995321733,4.448757876668579,7.302770106026707
2026-05-30 20:57:00,-2148747.925443131,4426641.597229851,4044655.9793903064,39.60859303429743,115.89252386841879,52.319567372258696,8,1.8999578489319022,1.497763241323655,-0.46662865197989956,4.202965130749288,4.486195817862089
2026-05-30 20:57:30,-2148745.7639299715,4426641.591663237,4044652.1398654,39.608571746512474,115.89250125448379,52.504938289980224,12,1.8997617315097834,-0.43105950626326817,-2.811401857709652,4.7072602068762475,5.499826484418742
2026-05-30 20:58:00,-2148742.8750373926,4426639.483138905,4044659.0347794616,39.608637783836805,115.89248171417957,52.747528932425546,9,1.8994057147251462,-2.0968597790625907,4.5368363479216836,4.39354416369022,6.654542456034838
2026-05-30 20:58:30,-2148745.1987672765,4426641.486219463,4044659.575562434,39.608625436914316,115.89249587045968,52.49399275670082,12,1.8988899409799573,-0.880875215037022,3.1843448317357175,4.289947840280627,5.4147618252511265
2026-05-30 20:59:00,-2148740.850107504,4426638.872298369,4044656.4345250945,39.60862789179972,115.8924636086377,52.52132078339103,11,1.8982146165768383,-3.6342218904212316,3.474773072436578,4.841532518775852,6.980118464905252
2026-05-30 20:59:30,-2148742.912492584,4426638.23720979,4044655.434011117,39.60861904718078,115.8924884418078,52.774236659154326,9,1.8973800116365458,-1.5048389580777508,2.5108728289806,5.009379182090989,5.8019740126122725
2026-05-30 21:00:00,-2148743.6443213015,4426638.283260747,4044653.886433692,39.6086062146996,115.89249587369481,51.878753685275555,11,1.8963864599899285,-0.8633765390571391,1.104233803817852,4.220569717751448,4.447241851315135
2026-05-30 21:00:30,-2148745.690927974,4426639.745928812,4044653.043592312,39.60858771333919,115.89250987493308,52.18204075965406,8,1.895234359044397,0.34004559176981797,-0.9317394464383049,3.9133739248925665,4.037110956681807
2026-05-30 21:01:00,-2148744.091593617,4426637.941040313,4044660.0532503184,39.608649766118056,115.892502299075,52.35694561952293,8,1.8939241696249696,-0.30155481337667445,5.973705586063161,4.282483152796411,7.356341188961939
2026-05-30 21:01:30,-2148743.851370106,4426640.324653182,4044658.0290867104,39.60862401830893,115.8924876625339,52.48238234922889,11,1.8924564157899437,-1.5467880221368397,3.1331916424879753,4.468662596424266,5.6725997968007364
2026-05-30 21:02:00,-2148743.0428007757,4426641.080582887,4044651.8649638915,39.608579259376015,115.89247534888246,52.018802159109,8,1.8908316846212845,-2.593206104097187,-1.8176532697622976,3.605249007563145,4.798583302802976
2026-05-30 21:02:30,-2148741.6270386507,4426639.9643847905,4044653.3578508073,39.608598925485744,115.8924661941245,52.570086627879206,8,1.889050625989797,-3.3693180183500324,0.3825828184644956,4.67589598970871,5.776043354090794
2026-05-30 21:03:00,-2148744.715723612,4426639.2801214,4044652.384882307,39.60858796234495,115.89250202801578,52.32023414363821,9,1.8871139522951852,-0.29799684342116695,-0.8171291254626472,4.141237429731607,4.231589485734453
2026-05-30 21:03:30,-2148743.870849371,4426637.292682854,4044657.021588339,39.608632559494254,115.89250328349563,52.835197342707126,7,1.8850224381811067,-0.18352792512263694,4.15024743148954,5.329735500163058,6.757537772264667
2026-05-30 21:04:00,-2148746.4277961,4426641.645618646,4044658.233431594,39.608612208961134,115.89250793425059,52.28581471006273,10,1.8827769202253193,0.22145865806372922,1.90832507765542,4.392719843963394,4.7944484736818
2026-05-30 21:04:30,-2148744.3960955795,4426640.958754971,4044654.5740414746,39.60859535567974,115.89249014436656,53.01250073401379,12,1.8803782966050666,-1.2924311280038994,0.05448905767751011,5.328592926823317,5.4833611825076325
2026-05-30 21:05:00,-2148742.8017781973,4426640.923648407,4044653.992761247,39.608595473658156,115.89247362210253,52.65657837804486,8,1.877827526737814,-2.697754660040359,0.08435183858680095,4.550926389898274,5.291117693334272
2026-05-30 21:05:30,-2148747.5499619204,4426640.22069022,4044662.025737414,39.60864312400073,115.89252693459412,52.58098327845456,8,1.8751256308974995,1.8690979088609112,5.390193588328145,4.583775039733387,7.318381482776427
2026-05-30 21:06:00,-2148748.6263925186,4426639.715865629,4044659.0749472417,39.60862250188474,115.89254077732457,53.17140737156963,11,1.8722736898064354,3.0608025121655884,3.117676586910975,5.439859746045856,6.977140773676717
2026-05-30 21:06:30,-2148743.928807965,4426640.02479639,4044653.8141741287,39.608596041018366,115.89248999841615,52.90943663643653,7,1.8692728442030304,-1.2735386874623666,0.1969400609195091,5.000989152681764,5.164356560240493
2026-05-30 21:07:00,-2148745.058738798,4426641.203258324,4044650.6980095925,39.60856547390412,115.89249584243093,53.05869122606886,12,1.8661242943855179,-0.7655348514023135,-3.179710575299557,5.319319852659038,6.244338767738019
2026-05-30 21:07:30,-2148744.0470554214,4426639.749013216,4044655.4239949174,39.60860836551031,115.89249263937772,52.55627913516515,9,1.862829299731842,-1.0310448998527546,1.5974338125962695,4.346420126407896,4.744071699119003
2026-05-30 21:08:00,-2148748.390330599,4426640.509039358,4044652.1362462984,39.60857073211199,115.89253427141344,52.357809025572685,7,1.8593891781959342,2.5377351681750566,-2.5638225717597103,4.706758342583795,5.930165264032632
2026-05-30 21:08:30,-2148742.7314030915,4426641.749134657,4044654.5266224607,39.60859511671934,115.89246868749639,52.62537642168078,12,1.8558053057805388,-3.0620454748888615,0.1587920884744588,4.5977199959663295,5.526333918517597
2026-05-30 21:09:00,-2148748.2508455417,4426640.324488219,4044652.6786662783,39.608575804086286,115.89253374868571,52.23781599465963,10,1.8520791159868397,2.510620710688357,-1.9691168135823371,3.782237332254521,4.9483286689517465
2026-05-30 21:09:30,-2148741.2079296648,4426641.227710295,4044655.1574423895,39.60860599352573,115.8924553801495,52.33763022176995,11,1.8482120992410702,-4.182145893284812,1.397572180550212,4.262087652707721,6.132613099807496
2026-05-30 21:10:00,-2148744.2178064357,4426640.567745535,4044649.399014654,39.608561805708874,115.89249026495175,52.342761112074086,8,1.8442058022983703,-1.1897486996737892,-3.491748680756408,3.7428489278765102,5.255162120700553
2026-05-30 21:10:30,-2148743.3427236294,4426642.402968053,4044659.8103649607,39.60862698932269,115.89247176659661,52.28109700449956,8,1.840061827624102,-2.762333377363639,3.759022619744753,4.135409659171986,6.233967419919908
2026-05-30 21:11:00,-2148746.401392308,4426642.105738324,4044659.4053028207,39.60861806122383,115.89250531805806,52.61815246426658,12,1.8357818327528799,0.11634148279156631,2.783254955323594,4.727713417803712,5.487378030337689
2026-05-30 21:11:30,-2148744.507661701,4426643.520587086,4044660.0210042265,39.60861979520622,115.89247828669464,52.504027864895164,8,1.8313675296255896,-2.1856574961613555,2.9908372544230017,4.617640722781547,5.919865878350737
2026-05-30 21:12:00,-2148745.1859866497,4426639.156595826,4044658.8521741247,39.608632421800706,115.89250758221009,52.585451439038195,8,1.8268206839046222,0.3293590536590201,4.407356266475196,4.248308755501845,6.13036654107558
2026-05-30 21:12:30,-2148742.3297735257,4426637.4499069005,4044660.1300903508,39.6086572278504,115.89248634097757,53.22464923058322,7,1.8221431142676456,-1.4771972340315302,7.175649420511275,5.091003530391404,8.92134368919682
2026-05-30 21:13:00,-2148740.4807944964,4426643.000662701,4044659.592210942,39.60862954389483,115.89243874820953,51.71298629924846,11,1.8173366916801446,-5.537096775671736,4.117404469946354,4.258283807088986,8.108356260920262
2026-05-30 21:13:30,-2148743.092040214,4426641.712213814,4044651.4892450767,39.608573272393144,115.89247265297207,51.800798580890394,9,1.8124033386470728,-2.6274828930447836,-2.114207732054722,4.668939169907743,5.759560196735665
2026-05-30 21:14:00,-2148741.6654919423,4426641.424360735,4044653.647825079,39.6085933352963,115.89245917327833,52.50651363856037,11,1.8073450284438626,-3.769873726463862,0.12714727842267481,4.737639368529718,6.055851808799112
2026-05-30 21:14:30,-2148748.9317032318,4426646.520134514,4044652.095291173,39.60853816734166,115.89250937727886,52.60200008146796,9,1.802163784327154,0.5338717043624189,-5.9822767198398505,4.133802425993037,7.291157401030551
2026-05-30 21:15:00,-2148748.0607412574,4426644.462608562,4044661.661440027,39.608617488463615,115.89251071586524,52.290866040556985,9,1.796861678725513,0.6589633154095057,2.836430941290563,4.413288914064175,5.287408833707462
2026-05-30 21:15:30,-2148747.3526239763,4426638.09089646,4044663.64369453,39.608665832358966,115.89253569699311,52.055976738070434,9,1.791440832410483,2.8060150474481285,8.216508582975186,3.9916578415217425,9.556048663772712
2026-05-30 21:16:00,-2148746.4774281178,4426640.8693983825,4044661.2494604955,39.60863706377561,115.8925124010664,52.09308727847867,8,1.7859034136483165,0.8247242422609743,5.036941219145136,3.7726003613856256,6.346925271942563
2026-05-30 21:16:30,-2148744.067125732,4426639.959736577,4044658.631108105,39.60862954576417,115.89249177813568,52.9305996552193,9,1.7802516373326835,-0.9278484810504198,4.216025489129331,4.6844077675380635,6.370200142958361
2026-05-30 21:17:00,-2148744.7053444735,4426644.632712311,4044653.7963496363,39.60857026934847,115.8924747025511,52.87580985591378,11,1.7744877640987582,-2.37693347954718,-2.35023691750703,4.871729516551969,5.9082294147273
2026-05-30 21:17:30,-2148740.9750394896,4426640.390580561,4044657.6197665106,39.6086280147567,115.89245719719713,52.080423205875384,8,1.7686140994189794,-3.8626407498584086,4.072757394724442,3.803663999484595,6.780501912080292
2026-05-30 21:18:00,-2148745.1467077415,4426638.398287209,4044654.0347934673,39.60860290292469,115.8925110265928,52.31630279249941,8,1.7626329926809063,0.7520675707546608,1.2984303952677656,3.7606179142507354,4.048922599818324
2026-05-30 21:18:30,-2148743.5931217046,4426642.304872022,4044656.217894228,39.6086018728447,115.89247488835929,52.5627926144381,7,1.7565468362474899,-2.3268003086345597,1.1970083406319516,4.349587411490138,5.075996384356259
2026-05-30 21:19:00,-2148742.26679927,4426642.787841417,4044654.6258969703,39.60859162353619,115.89245853909406,52.25582654059361,8,1.750358064500151,-3.7132628104300247,0.07208053006374304,4.385639965489366,5.746943031650351
2026-05-30 21:19:30,-2148748.647313203,4426643.169107544,4044652.8938902924,39.60856167552385,115.89252343747768,52.797045710973975,11,1.7440691528650774,1.8484002176995662,-3.239576630843115,4.587820704483806,5.912659209559344
2026-05-30 21:20:00,-2148751.873069815,4426641.324380694,4044654.3698904333,39.60857338028173,115.89256660787831,52.29867409651082,12,1.7376826168230672,5.552087247599862,-1.9279513326737006,4.074174434230069,7.15133319505204
2026-05-30 21:20:30,-2148745.712239579,4426640.4267962435,4044660.458703212,39.608635750117806,115.89250663611236,52.787219487224455,12,1.7312010109033897,0.435553014652288,5.007320824084251,4.58738731632652,6.804931348211671
2026-05-30 21:21:00,-2148743.7461047317,4426635.879230171,4044653.345979991,39.60861456912568,115.89250916387805,52.94115818889017,11,1.7246269276619874,0.6638686758925135,2.668272470164812,4.45590421908193,5.235979564847713
2026-05-30 21:21:30,-2148743.563942911,4426643.432865921,4044658.566921188,39.60861248620828,115.89246884711024,52.37963498639312,11,1.7179629966445085,-2.77160711307833,2.448930096962842,4.8708736577358325,6.115919783540467
2026-05-30 21:22:00,-2148743.7573385863,4426644.240168717,4044656.3682766007,39.60859255172762,115.89246676801314,52.625802328114275,12,1.7112118833345038,-2.9370222342633157,0.24788217904719168,4.158910332274142,5.09745822259907
2026-05-30 21:22:30,-2148741.6007234883,4426640.76991216,4044654.085886141,39.60859991223022,115.89246182254084,52.55003565784273,11,1.7043762880872864,-3.347446310274542,1.0763936989962102,4.968152780211475,6.086588719712577
2026-05-30 21:23:00,-2148744.5857977085,4426641.573124558,4044654.018030378,39.60858785225945,115.89248900759736,52.37841014051482,10,1.6974589450498172,-1.0100737633622283,-0.25095268489689015,4.793774365484038,4.905456036360084
2026-05-30 21:23:30,-2148740.862700537,4426644.267365009,4044657.4140317435,39.60860691734076,115.89243630785768,51.66054718565253,7,1.6904626210670766,-5.504047777621215,1.8763947240908552,3.694842823542315,6.889648945310289
2026-05-30 21:24:00,-2148744.6069559352,4426645.997411667,4044656.8862909614,39.608584992859804,115.89246673272768,52.987723125421304,7,1.6833901145753793,-2.889401317146591,-0.546287868376631,4.726233671773761,5.566359234443285
2026-05-30 21:24:30,-2148747.759718636,4426640.412081156,4044653.5359990117,39.60858254518878,115.8925281586516,52.048370413990746,8,1.6762442544830183,2.3764477056418336,-0.8072347229954824,4.104841857681328,4.811326040940545
2026-05-30 21:25:00,-2148745.6241708403,4426642.953670874,4044656.0279251058,39.60859214038332,115.89249286497268,52.67417262616809,12,1.6690278990387586,-0.6287065318803582,0.26838478811959465,4.81424838177415,4.862539437283573
2026-05-30 21:25:30,-2148747.3771351394,4426641.157608317,4044660.6996737244,39.60862950855776,115.89252036017506,52.775557609041094,12,1.6617439346885563,1.7357169212586943,4.426611836512314,5.2403345287268985,7.075924784426559
2026-05-30 21:26:00,-2148748.7540483116,4426636.438794264,4044662.811576852,39.60866504281644,115.89255877776827,52.64892940054722,11,1.654395274921038,5.034283395129511,8.381079512293065,4.920883823913932,10.945391756456827
2026-05-30 21:26:30,-2148743.6375154755,4426639.112464421,4044654.1360847517,39.608603702379654,115.89249158608145,52.05325032099515,9,1.646984859102125,-0.6983717826167498,1.582259804480648,4.195864407286131,4.53834191748055
2026-05-30 21:27:00,-2148744.421844743,4426645.988748391,4044660.1726285494,39.608608365542246,115.89246483770576,52.86293407203557,12,1.6395156512993432,-2.9723665110391293,2.1096420053174674,4.663082187787962,5.9186052036448755
2026-05-30 21:27:30,-2148741.3896347494,4426637.0979026565,4044658.684602858,39.6086513294893,115.8924782827051,52.444129793807406,7,1.631990639096228,-1.8090763466443112,6.888212251822594,4.273960183965398,8.305838964744524
2026-05-30 21:28:00,-2148745.5932584093,4426644.8125626985,4044652.4593844735,39.60855782404278,115.89248308910972,52.281089060818694,12,1.6244128323973235,-1.3844348909530297,-3.481520596211384,4.410790432846783,5.78728933712709
2026-05-30 21:28:30,-2148742.435639769,4426637.568609318,4044655.282521548,39.60862262411073,115.89248684637094,52.429542986711326,12,1.6167852622242784,-1.049421953594867,3.720456905152308,4.734663575405938,6.112292956989063
2026-05-30 21:29:00,-2148743.3231153893,4426645.654020762,4044652.402160114,39.60855876616248,115.89245503033158,52.480633991091004,9,1.609110979503457,-3.7564193042158376,-3.358808469645696,4.656660947857166,6.861251453499358
2026-05-30 21:29:30,-2148738.338143988,4426636.842166133,4044656.6397159994,39.60864603839496,115.89244761809321,52.648730038570086,9,1.6013930538456305,-4.376406315782052,6.337171847098445,4.065383357154519,8.708617634338019
2026-05-30 21:30:00,-2148743.402026651,4426643.113897225,4044654.2708012466,39.60858464001468,115.89246877289153,52.17693342394368,11,1.5936345723181524,-2.553360281967757,-0.46949148243764527,4.483578862117886,5.180979675162051
2026-05-30 21:30:30,-2148747.1544942167,4426639.872979101,4044655.830276113,39.608602793695624,115.89252456003484,52.529658817936316,9,1.5858386382101914,2.231399794676051,1.5539171200233044,4.6085054559620175,5.350899550282506
2026-05-30 21:31:00,-2148742.8512400086,4426640.749489633,4044655.8958196663,39.60860948737315,115.89247502578309,52.2786796850182,8,1.5780083697914489,-1.990460662991555,2.305057278209646,3.83333804040344,4.895886358847408
2026-05-30 21:31:30,-2148742.782254976,4426637.558650736,4044657.036634015,39.608634014511175,115.89249052786975,52.19226804627397,9,1.5701468990648848,-0.6505726919286418,5.035502313766689,3.928253471821292,6.41955634902514
2026-05-30 21:32:00,-2148750.3027250334,4426645.801327341,4044653.511944305,39.60854829840417,115.89252739393827,52.88160988419503,8,1.562257370513977,2.5163612762882783,-4.471263228551713,4.59618096856066,6.888334227341256
2026-05-30 21:32:30,-2148747.0208644886,4426643.949332688,4044656.9866139805,39.60859019975317,115.89250243286824,52.44832723036827,10,1.5543429398449482,0.39613849362461306,0.18729735326626162,4.709977835960284,4.7303168202467
2026-05-30 21:33:00,-2148745.223816395,4426640.748240124,4044656.950351777,39.60861090555632,115.89249988531726,51.94921235082137,9,1.5464067727245472,0.19271017149476488,2.49293977152231,3.6606857876089793,4.4331147458911575
2026-05-30 21:33:30,-2148746.178466688,4426635.816185761,4044655.8744286243,39.60862641120681,115.89253496390464,53.194136867182294,8,1.538452043513802,3.2070018583989883,4.221151620301699,4.564347277222685,6.9954448027584615
2026-05-30 21:34:00,-2148753.5956707946,4426637.556555415,4044654.9252958214,39.60859232836333,115.89260381104104,52.13119736727995,10,1.5304819339983413,9.109124520857781,0.4448259941980246,4.018134227885115,9.965913022644171
2026-05-30 21:34:30,-2148743.664436347,4426639.217419895,4044656.7647820474,39.60862138519425,115.8924913344069,51.84673980107603,10,1.5224996321156987,-0.4948333083428023,3.676788591995492,4.30682031153837,5.684394035352681
2026-05-30 21:35:00,-2148747.226199488,4426642.486243547,4044655.6642561257,39.60858801393223,115.89251202327533,52.513150250988225,8,1.514508330680201,1.2890999716200264,-0.02098371861809678,4.470662952736279,4.652853564238451
2026-05-30 21:35:30,-2148738.9896859787,4426640.612486958,4044654.972421782,39.6086134116371,115.89243527188864,52.37839941989204,11,1.506511226105876,-5.259639677178107,2.804381776833914,4.422933051005556,7.422311193803563
2026-05-30 21:36:00,-2148747.7341532437,4426643.6241580155,4044660.842911706,39.6086169228559,115.89251155813503,52.26472340374931,11,1.5014884828720791,1.2788995422894964,3.2001289031011027,3.6899426070353063,5.04896875400768
2026-05-30 21:36:30,-2148742.4409330315,4426642.0919315955,4044646.4359164145,39.60853778454001,115.89246390172238,52.472626319556575,11,1.509487596476729,-2.7816271868504843,-5.578441600424535,4.341518110343278,7.596396514032917
2026-05-30 21:37:00,-2148744.443918669,4426635.199661975,4044653.096447444,39.608614586582675,115.8925199290761,52.57797088183809,11,1.5174829151692901,2.0245583016377964,2.952147583562624,4.368904468014142,5.648126939304666
2026-05-30 21:37:30,-2148746.568135881,4426638.964037999,4044649.6178082554,39.6085657093481,115.8925230395954,52.24881215448375,9,1.5254712409288835,2.3055425901338897,-2.4678839189046853,4.034835906391106,5.261737209668739
2026-05-30 21:38:00,-2148742.866361474,4426640.179179352,4044662.649563885,39.60865937536169,115.89247808408503,52.1583866174729,12,1.53344937853172,-1.5238533789715671,7.93416344309637,3.645164913059789,8.863425179115131
2026-05-30 21:38:30,-2148748.04722331,4426639.879039789,4044659.257601624,39.60862437969205,115.89253388071671,52.473165418575086,8,1.5414141368291268,3.2627545961160656,4.054541547558559,4.52290665820817,6.895038749290598
2026-05-30 21:39:00,-2148743.323107462,4426638.765374506,4044654.9064815217,39.60861163373191,115.89249005747442,52.47418689850758,8,1.5493623300239858,-0.469718445482254,2.6444142814816365,4.745365169280535,5.452710601155281
2026-05-30 21:39:30,-2148745.6672481983,4426638.365098876,4044656.6207079254,39.60861976601284,115.89251664810735,52.387579118253264,7,1.557290778944991,1.8193903615569824,3.5515479769870324,4.2828877532755785,5.853785256372586
2026-05-30 21:40:00,-2148744.681036277,4426644.345520026,4044658.2030761344,39.60860246898724,115.89247590822627,51.85864547855512,10,1.5651963123182822,-1.6493181099815615,1.6358042089136964,3.9387212086392003,4.572704932225253
2026-05-30 21:40:30,-2148747.4151973785,4426640.00707957,4044648.401485105,39.60854976425009,115.89252660907565,52.796617351420025,8,1.5730757680359215,2.701690731483364,-4.2104205882635295,5.065795343768936,7.11962476564654
2026-05-30 21:41:00,-2148745.5675429814,4426641.133802034,4044659.6026928197,39.60862651789344,115.89250152541831,51.685472533229536,10,1.5809259944206742,0.5719233349808422,4.313009226805049,3.7614646113755037,5.751326882922876
2026-05-30 21:41:30,-2148746.4986731834,4426646.508117143,4044659.242375461,39.60859403391564,115.89248395197757,52.69040963321461,10,1.58874385148666,-0.9155620678384591,0.710836927065664,4.453936016927878,4.602291720418444
2026-05-30 21:42:00,-2148744.963367898,4426646.062901003,4044655.9548684764,39.60857728508598,115.89247013320801,52.55354948293732,12,1.5965262121952843,-2.0819282076304764,-1.1449606063380515,4.544185179846128,5.127862985740418
2026-05-30 21:42:30,-2148739.4130758243,4426641.883238283,4044657.4912800947,39.60862334186686,115.89243324549889,52.68901031208755,12,1.6042699637060323,-5.2210344920497525,3.970437473841438,3.666115403323618,7.514251596223292
2026-05-30 21:43:00,-2148741.018108736,4426639.44491589,4044656.2562494082,39.60862328561684,115.89246245685003,52.766307137209054,7,1.6119720086215452,-2.7075615539956486,3.967061521511118,4.149990865667416,6.347510604107127
2026-05-30 21:43:30,-2148744.0663726963,4426643.673829499,4044657.3164562504,39.60860129107549,115.89247288490873,52.47199753140459,12,1.6196292662265472,-1.8003403136195864,1.5283072169875422,4.592871490601015,5.16443769674063
2026-05-30 21:44:00,-2148746.372310126,4426641.057092596,4044657.1427959953,39.608607787105946,115.89251034555191,52.50162840907622,8,1.6272386737200968,1.4186334179402549,2.251777987946258,4.627538224213984,5.33827077788844
2026-05-30 21:44:30,-2148744.073160338,4426643.225014411,4044653.667383539,39.60857819366431,115.89247523813432,52.44403783707018,8,1.6347971874406488,-1.568125897351908,-1.030911386251285,4.4401388834009445,4.820438820287761
2026-05-30 21:45:00,-2148741.7244366,4426641.24501131,4044653.327487639,39.608591881998166,115.8924607026864,51.84242807695462,8,1.642301784083499,-2.795625357945496,0.49044726302477004,3.7298927413645124,4.687020324457752
2026-05-30 21:45:30,-2148748.643895955,4426644.259243619,4044653.962134767,39.60856350786706,115.89251785857778,52.15876542260773,7,1.649749461910045,2.1076745356360327,-2.657357036651703,3.9440409907583356,5.20185521763081
2026-05-30 21:46:00,-2148745.044276792,4426638.973537806,4044651.8407850573,39.608584933446075,115.89250702858345,52.21033387236012,8,1.6571372419484625,1.197085551302813,-0.2776230993877693,4.016698827353426,4.200471148825334
2026-05-30 21:46:30,-2148744.648789374,4426639.973955121,4044654.6973649175,39.60860064955051,115.89249779887307,52.33341114045721,9,1.6644621691852333,0.42336045582524506,1.4681293581474222,3.9207159564747593,4.207927221229795
2026-05-30 21:47:00,-2148744.074373912,4426644.211462411,4044656.368498907,39.60859190917684,115.89247023498092,52.8611028226463,9,1.6717213137471323,-1.9182256717893023,0.49898276198599767,4.554602747478409,4.967190323715065
2026-05-30 21:47:30,-2148743.912261097,4426644.631368826,4044654.4601474553,39.608576875583765,115.89246640169085,51.50226286420614,7,1.6789117720731195,-2.230448436605358,-1.1689413202357564,3.698870758597866,4.474703222261802
2026-05-30 21:48:00,-2148744.9646165255,4426640.659804781,4044660.5706329215,39.608637197240235,115.89249761982514,51.9950185508414,9,1.686030668075733,0.4548052787101898,5.527337048197142,3.9977403434170706,6.836682714540714
2026-05-30 21:48:30,-2148748.0920098713,4426641.016078723,4044653.2261428665,39.60857645172536,115.89252856826364,52.320344330323046,10,1.693075154291495,3.117000075194837,-1.2150709336552517,4.064901200754515,5.264552081086667
2026-05-30 21:49:00,-2148742.48980282,4426638.825731308,4044656.521550373,39.608624641760535,115.89248102154737,52.124037884111026,9,1.7000424130198388,-0.9334217648502737,4.134136758685823,3.953041889339243,5.7955934216855045
2026-05-30 21:49:30,-2148746.1911482806,4426642.703663672,4044659.0542540313,39.60861306737561,115.89250007539492,51.6960669764408,11,1.7069296574501738,0.7115932867213118,2.849263422602932,3.2621637298978743,4.389348386463648
2026-05-30 21:50:00,-2148748.640240046,4426643.093834009,4044656.2773157936,39.60858562181512,115.89252374613466,51.93750476281794,8,1.7137341327765516,2.751425830830023,-0.1975407806406866,4.2196123492867645,5.041279087774072
2026-05-30 21:50:30,-2148746.1345117004,4426638.852594405,4044655.942207554,39.608611369902626,115.89251906396876,51.39375120573573,10,1.7204531172995716,2.366616961560392,2.6599196120789115,3.1777331725188804,4.77221503090486
2026-05-30 21:51:00,-2148748.721582465,4426642.340125881,4044658.6816973058,39.60860602586732,115.89252843065324,52.241437452295656,10,1.727083923515005,3.1832076999924785,2.06592412547721,3.7719326836554026,5.3505448249265255
2026-05-30 21:51:30,-2148739.547821566,4426638.450460896,4044653.1117383773,39.608610195236984,115.8924521118861,51.58805771820798,7,1.7336238991887802,-3.3277173438902303,2.5276864601325832,3.080986819015328,5.191857214958018
2026-05-30 21:52:00,-2148744.9980792236,4426642.603661196,4044649.333789917,39.60854892813839,115.89248808627103,51.73122162677372,10,1.7400704284178237,-0.23575350416298185,-4.274229163893873,3.634078658616674,5.615259776467978
2026-05-30 21:52:30,-2148742.164778013,4426638.548880853,4044654.0626111566,39.60860976902975,115.89247902457387,52.4104700139437,8,1.746420932676394,-0.9951243534965107,2.47761229769627,4.00006750370659,4.809300906662745
2026-05-30 21:53:00,-2148743.8786157086,4426638.477016483,4044657.8829039778,39.60863243945553,115.89249734276733,52.31539097608201,11,1.7526728718474647,0.5869172949076193,4.99230249730946,3.6688373929218674,6.223176355480027
2026-05-30 21:53:30,-2148743.666634881,4426640.674423649,4044656.997520844,39.60861550260746,115.89248394889181,51.88941324001031,8,1.7588237452387208,-0.5429592981649756,3.1103559634360893,3.0687613328366377,4.40300069687248
2026-05-30 21:54:00,-2148743.340761658,4426643.979618745,4044654.327122196,39.608580730660506,115.89246372913121,52.46481699288521,8,1.764871092582821,-2.2565808379195977,-0.7515155984148201,3.9443584012531456,4.605963088243649
2026-05-30 21:54:30,-2148744.8866830613,4426643.451152257,4044652.654263131,39.60856794925566,115.89248261007272,52.23704212932364,10,1.7708124950214534,-0.6264756039932102,-2.1726657252876436,3.7973889341050175,4.419627897583866
2026-05-30 21:55:00,-2148741.197064615,4426640.481044329,4044658.2900734534,39.608631658689056,115.89245906296506,52.59944542522809,11,1.7766455760728643,-2.6246867839428036,4.896438802497308,4.641925524324093,7.239583291445496
2026-05-30 21:55:30,-2148742.4346696767,4426640.900856363,4044656.356089394,39.60861295144074,115.89246989246384,52.184825714329534,9,1.7823680025824047,-1.6831630471922583,2.8170636498631723,3.8641044319855617,5.069535334930057
2026-05-30 21:56:00,-2148741.2099471865,4426647.779587408,4044655.9912667563,39.60857807994089,115.89242208650155,52.80630441450844,12,1.7879774856557664,-5.755958824318299,-1.0567710198263969,4.820346112243229,7.581791583617359
2026-05-30 21:56:30,-2148745.5880213147,4426640.028382181,4044655.2204437363,39.608601663283025,115.89250736075239,51.92917699743633,12,1.7934717815745165,1.5517477249237355,1.5576546200012067,3.3158517609868623,3.9785778637418634
2026-05-30 21:57:00,-2148745.5946889007,4426638.5233299965,4044658.440124417,39.608631792317624,115.89251508346362,51.872225069129456,12,1.7988486926935399,2.2274964002234996,4.898425451552363,3.5273952887451325,6.434192229059214
2026-05-30 21:57:30,-2148744.3289051764,4426642.519498785,4044657.1266282964,39.60860525377196,115.89248150449762,51.81040222046109,9,1.8041060683200838,-0.6287592079185755,1.9488687138642886,2.843952478949892,3.5044961275405453
2026-05-30 21:58:00,-2148746.19737253,4426645.600101831,4044656.9495656206,39.608583505257776,115.89248541285293,52.03624187687287,11,1.8092418055739914,-0.2792739884487372,-0.46922014634995635,3.6158151366948927,3.6568129032145804
2026-05-30 21:58:30,-2148744.1201985846,4426638.97011254,4044662.159288525,39.60865905344048,115.89249736610692,52.29254103051366,10,1.8142538502288401,0.7581414409168736,7.912399308801665,3.643453495260309,8.743888988229731
2026-05-30 21:59:00,-2148743.450338814,4426638.277110853,4044652.054726335,39.60859398607794,115.89249387296206,52.98172942886727,12,1.8191401975335912,0.474594945764033,0.6854688105398914,4.650634920518934,4.724776504419854
2026-05-30 21:59:30,-2148739.1417763378,4426641.448761497,4044655.07140501,39.60860941776846,115.89243261279924,52.23320723003068,9,1.8238988930144764,-4.749020395085624,2.393709412656861,3.5432415562183532,6.390430360382149
2026-05-30 22:00:00,-2148740.167305387,4426643.492253118,4044655.760153536,39.60860113471007,115.8924329647273,52.483582819745095,12,1.8285280332567502,-4.703841501176081,1.469389769351779,3.7648995772474887,6.201588505312203
2026-05-30 22:00:30,-2148743.415320134,4426644.343057969,4044651.9723533634,39.608562290403285,115.892462662139,51.52033396169423,9,1.8330257666660348,-2.149192917445268,-2.8474508561657217,3.2863808689425285,4.8504954170092
2026-05-30 22:01:00,-2148740.2036916153,4426642.465589174,4044655.878557959,39.608607149981424,115.8924385662304,52.155174851578,9,1.837390294208939,-4.194803587179638,2.1266180722316004,3.3912761140422014,5.798244151623005
2026-05-30 22:01:30,-2148742.0675099296,4426638.156707468,4044655.037499683,39.60861881285678,115.89247999978792,51.98692265322988,11,1.8416198701326356,-0.6366268976694425,3.4156320887430915,2.8738728868277867,4.508988993347798
2026-05-30 22:02:00,-2148743.4190009483,4426638.097926325,4044657.5740789655,39.60863338905418,115.89249445580654,52.19256501053761,11,1.8457128026631513,0.6144738880681435,5.027804749275161,3.1868366323480872,5.984340103739688
2026-05-30 22:02:30,-2148741.216308125,4426641.322612716,4044651.2577270246,39.608578350705706,115.892454985358,52.49319904978326,11,1.8496674546820429,-2.7460772629816654,-1.0874564499958925,4.071699397056793,5.030132984812151
2026-05-30 22:03:00,-2148746.1088421573,4426641.9634878775,4044653.2473148266,39.60857667747498,115.89250297685474,51.397165509544806,10,1.8534822443812338,1.3727380108435658,-1.2794079839204529,3.2380076471864006,3.7424574759069418
2026-05-30 22:03:30,-2148741.8768748124,4426644.508170439,4044656.656501257,39.608597874699534,115.89244570708213,52.22552657337417,10,1.8571556458957046,-3.5100676521399086,1.0670435104243268,3.404495708595746,5.004972308173592
2026-05-30 22:04:00,-2148745.5625067665,4426642.173416579,4044656.1649474213,39.6085972622648,115.89249618645105,51.08127368474422,8,1.86068618991383,0.8213757761562425,0.9924062431873868,2.7071640133440193,2.998043580790391
2026-05-30 22:04:30,-2148745.403864963,4426641.6377493385,4044656.0648520826,39.60859971809416,115.89249724839935,51.43825024544212,8,1.864072464265075,0.9267559722239905,1.2581306681489233,2.670364756452384,3.0939646640989116
2026-05-30 22:05:00,-2148745.9557972476,4426642.936386164,4044654.491776862,39.60858071280454,115.89249642670801,51.52391626078645,11,1.8673131144848476,0.870986132422417,-0.8585437464623431,2.742927256038683,3.0032256224569034
2026-05-30 22:05:30,-2148747.9779658774,4426644.126205759,4044653.7131901872,39.60856412340438,115.89251155931275,51.22045031831027,10,1.8704068443562702,2.179499264951523,-2.7072680426880256,3.0327141320994206,4.612686018787711
2026-05-30 22:06:00,-2148742.7849326846,4426642.783985297,4044654.795037795,39.608591526194644,115.89246398624574,50.98424573615383,8,1.8733524164286415,-1.874419787610006,0.32692823796438963,2.2999837577577864,2.9850053431965695
2026-05-30 22:06:30,-2148742.638958013,4426641.050955985,4044653.6709468127,39.60859298615481,115.89247126919962,52.26697238895062,11,1.876148652512408,-1.2373266288047,0.48125889895820495,3.80575224906421,4.030674570767648
2026-05-30 22:07:00,-2148738.3420654163,4426645.088947642,4044652.1058917036,39.60857205227688,115.89240572617207,51.67013007202477,10,1.8787944341504172,-6.828121688884388,-1.8503368355472354,3.236701655975592,7.779667718674847
2026-05-30 22:07:30,-2148747.281215593,4426644.237012388,4044655.8517195685,39.60858017297134,115.89250369730433,51.98023025211086,12,1.8812887030652923,1.5641384386254167,-0.957084257892614,3.24651583105954,3.7285928140803506
2026-05-30 22:08:00,-2148744.6329115923,4426645.172350521,4044650.7212443487,39.60854627764831,115.89247119986567,51.321860126911325,7,1.8836304615827228,-1.2008774007020784,-4.727817672244666,3.042462103996927,5.748994879782323
2026-05-30 22:08:30,-2148745.3380637406,4426641.466393482,4044654.6202916005,39.60859071305686,115.89249743042645,51.71776606226776,8,1.885818773030524,1.0562282735838955,0.19595327104619198,3.1757706901628953,3.352541621941394
2026-05-30 22:09:00,-2148741.842559529,4426645.556619296,4044655.9082969488,39.6085873601278,115.89244001650296,51.55745639152714,9,1.8878527621132954,-3.839721223980695,-0.18498687674357805,2.3788110077401807,4.520665994408457
2026-05-30 22:09:30,-2148745.9017615733,4426639.116340098,4044656.1122712265,39.60861177747066,115.89251528477749,50.89512563702613,7,1.889731615262522,2.6107396660742337,2.5163688052527613,2.1468218256835487,4.213895765119713
2026-05-30 22:10:00,-2148741.198446333,4426641.711762483,4044654.567496201,39.60859942195273,115.89245281951347,52.323034380497425,7,1.8914545809619967,-2.717356918672612,1.1357338787382962,3.56444870630084,4.623766283736839
2026-05-30 22:10:30,-2148741.415906103,4426637.805109258,4044659.1580644515,39.60865091948071,115.89247496191098,51.98954569386135,7,1.8930209700484106,-0.8102058035552469,6.842585306307152,3.3796283781879124,7.6745876171204275
2026-05-30 22:11:00,-2148748.1459910623,4426643.689405294,4044658.2913895245,39.608597805519395,115.89251554044024,51.758357508824204,11,1.8944301559870156,2.673443569823582,0.9373610314100924,3.162922132792898,4.246177415317031
2026-05-30 22:11:30,-2148745.089364632,4426638.015614248,4044659.3903527125,39.60864227815698,115.89251237172321,51.46299609433794,10,1.8956815751222238,2.4158939393303314,5.864050221771976,3.3454761434115725,7.170483885742506
2026-05-30 22:12:00,-2148747.238040869,4426639.604601737,4044652.914125566,39.608583675754915,115.8925267998429,51.16612517318891,11,1.8967747269030677,3.6630652407921587,-0.6507875936539813,2.443258297732621,4.450964228096307
2026-05-30 22:12:30,-2148746.5594847,4426637.169489458,4044654.0835454534,39.608606036023986,115.89253207387307,51.9408289482218,11,1.8977091740834093,4.1273140734832285,1.8210349176708611,3.0195838348857857,5.428515097929893
2026-05-30 22:13:00,-2148746.655024158,4426641.391189911,4044655.2987034027,39.60859253115925,115.89251160822037,51.62830681626605,8,1.8984845428968355,2.3902991804026343,0.31163287174192367,2.5090181067980297,3.4793414720064475
2026-05-30 22:13:30,-2148745.745727461,4426641.574889995,4044654.877133093,39.60859092375198,115.89250114909744,50.850475135073324,10,1.8991005232061597,1.5089041823857412,0.12265539111020818,2.227750790709216,2.693456842441534
2026-05-30 22:14:00,-2148741.8909553555,4426643.2209912,4044659.3252920974,39.60862303122984,115.89245239959038,51.07141541465313,10,1.8995568686274706,-2.647048428748529,3.6758384665743424,2.4694147208782984,5.159133927334908
2026-05-30 22:14:30,-2148743.357624831,4426641.769680446,4044656.6948185526,39.60860853298286,115.89247514281551,51.219977728016296,11,1.8998533966286846,-0.6893094799245088,2.0555959400703268,1.8578414965387187,2.8552052910795456
2026-05-30 22:15:00,-2148742.8975650184,4426635.180785515,4044656.9464233126,39.60864533325699,115.89250382670205,51.185426356417466,12,1.8999899886025546,1.776345572130558,6.1293006851394445,1.845139988348111,6.642911414212895
2026-05-30 22:15:30,-2148742.023797379,4426638.225818237,4044653.3878713455,39.608607088590574,115.89247919047729,51.03046643148352,12,1.8999665899141123,-0.3178498875189235,1.872830062082099,1.7711439032581253,2.5972045969624067
2026-05-30 22:16:00,-2148745.359130163,4426641.266092695,4044655.3070351486,39.60859646926616,115.8924986695867,51.259716573359675,10,1.8997832099225211,1.360425661047622,0.6825870615159728,2.6657902459582283,3.0697101998774903
2026-05-30 22:16:30,-2148749.010812629,4426645.89566363,4044654.804272937,39.608560031400316,115.89251338125857,51.882855592380785,10,1.8994399219773326,2.6308943654949766,-3.3736977216824355,3.639175048197065,5.616674862505269
2026-05-30 22:17:00,-2148739.663638001,4426639.848542196,4044656.7655903827,39.60862813561305,115.89244621615497,51.291371429790544,8,1.8989368633891477,-3.100554431095259,4.174006216013292,2.8118810890000394,5.91121315215228
2026-05-30 22:17:30,-2148745.708405653,4426642.949732933,4044655.6311521037,39.608589189585295,115.8924937673711,51.44564189420152,7,1.8982742353746946,0.97800079030201,-0.16104683445607093,2.783780327667022,2.9549711574608626
2026-05-30 22:18:00,-2148741.276480767,4426640.4519524425,4044654.292829154,39.608603797843166,115.89246004279026,51.43697955966044,11,1.8974523029763437,-1.8939715208267214,1.4482472608348602,2.731301544425807,3.625542218317304
2026-05-30 22:18:30,-2148741.6893582614,4426638.831539876,4044658.9514752016,39.608643518009394,115.8924726072007,51.13799069207834,10,1.896471394956096,-0.8075984386537204,5.844786384808498,1.7979190267926917,6.168164714812819
2026-05-30 22:19:00,-2148750.225133789,4426641.749949418,4044654.268099909,39.608574598169575,115.89254718153694,51.72454965297648,7,1.8953319036640803,5.581515207709299,-1.817890175948098,2.588692205815228,6.415556409396406
2026-05-30 22:19:30,-2148747.5544574414,4426634.758251893,4044659.6578295087,39.6086547421454,115.89255475704475,51.20708668122215,9,1.8940342848816212,6.241010369129812,7.065343596664989,1.8896856050642399,9.614582791390783
2026-05-30 22:20:00,-2148744.5108359708,4426640.936823592,4044652.535642998,39.60858099909825,115.8924914578097,51.694225576082154,7,1.8925790576389292,0.839431323680445,-1.1330535473498669,2.921392484438207,3.2439157412716595
2026-05-30 22:20:30,-2148742.1071396824,4426642.821580888,4044656.2553145536,39.608603185919364,115.89245669507243,51.901511359170854,8,1.8909668040074994,-2.1219374717983714,1.3165951784861174,3.355413816965599,4.182683753443309
2026-05-30 22:21:00,-2148750.335486614,4426642.805563894,4044656.5592070897,39.60858483246857,115.89254296992767,51.01898894073193,10,1.8891981688672885,5.267258025469484,-0.7338938991788218,2.1295968444891478,5.728681356314271
2026-05-30 22:21:30,-2148745.105453191,4426641.770616958,4044655.9804522605,39.60859919251821,115.89249344687877,51.34172037559706,9,1.8872738596487695,1.0433828170309896,0.8466498577021875,2.498747177544131,2.8371114080535182
2026-05-30 22:22:00,-2148742.788692027,4426643.967497919,4044658.7039253823,39.608612624904865,115.892458007732,51.02387077932766,11,1.8851946460499747,-1.9762201963466342,2.32405924228304,2.1726279043034094,3.7452649621418472
2026-05-30 22:22:30,-2148744.53469435,4426641.924991711,4044656.707947725,39.60860488550889,115.89248668311356,51.27334104666954,7,1.8829613597286188,0.48688377265873967,1.4512389308947045,2.3109092996936424,2.7719040448820325
2026-05-30 22:23:00,-2148743.9814826273,4426644.24765914,4044656.994682564,39.608596311820726,115.89246907787566,50.954047756242666,12,1.880574893969456,-1.0078965741090482,0.48565234199184637,1.9551157272116642,2.252596548024816
2026-05-30 22:23:30,-2148743.741301125,4426649.108393601,4044655.202845753,39.60855943534498,115.89244184622027,51.098683383850286,11,1.8780362033269689,-3.3260293429586953,-3.621701510821259,2.015546110523794,5.314284443587381
2026-05-30 22:24:00,-2148744.3869517785,4426636.91503684,4044660.5038241153,39.6086574423883,115.89251061001694,51.66557309379271,9,1.875346303243567,2.564880351878641,7.242859436023773,2.6854265541602587,8.139357456657175
2026-05-30 22:24:30,-2148744.997142695,4426634.879273567,4044650.417766266,39.60859621548508,115.89252735331335,50.793850090591604,12,1.8725062696434178,4.007047506989154,0.4322985479008583,2.634576155841805,4.815008128624018
2026-05-30 22:25:00,-2148746.2698149383,4426644.959898543,4044661.8643206414,39.60862081429767,115.89248942698958,50.81434917276478,8,1.869517238502095,0.773927575653837,3.1482404160995703,1.10071654168939,3.423734585955645
2026-05-30 22:25:30,-2148744.8230988556,4426640.825241191,4044657.7686605924,39.60861720382946,115.89249529619336,50.86017163477772,8,1.8663804053922033,1.2858987982653396,2.732802507493033,1.3189901003953628,3.295675977592673
2026-05-30 22:26:00,-2148745.2652569525,4426640.6289041415,4044656.941884162,39.608611357139516,115.89250092621221,50.878278739284546,11,1.8630970250051606,1.7772719885197084,2.0689964926211277,0.9046816379862462,2.873654654575738
2026-05-30 22:26:30,-2148743.34274159,4426643.216611514,4044655.125163401,39.60859020411836,115.89246762959057,51.220970906145446,12,1.859668410649346,-1.0603641429240336,-0.29395764644931555,1.824667459864881,2.1307732288056367
2026-05-30 22:27:00,-2148747.378839708,4426638.399553889,4044658.4376101308,39.60862795574119,115.89253440214961,51.370082977621166,10,1.8560959337247853,4.659403826787519,3.8813604937128745,1.9185451489905903,6.360488879948816
2026-05-30 22:27:30,-2148745.250424505,4426644.25755893,4044658.6956900298,39.60860492703755,115.89248231993271,50.67132350079804,10,1.8523810231746187,0.21499754174701324,1.309921366904228,1.874646709060304,2.2970455403017436
2026-05-30 22:28:00,-2148743.0862216186,4426638.207584812,4044653.9544190154,39.60860847094764,115.89249041228946,52.06324778984827,9,1.8485251649135317,0.9163515625866901,1.6879035331523422,3.116348371856136,3.6606482620232197
2026-05-30 22:28:30,-2148743.1574544674,4426641.089916708,4044661.4293480306,39.608645472448984,115.89247650244101,51.53195558718915,10,1.844529901233421,-0.2639933625160995,5.7795417139343,2.565969394811612,6.329059476230971
2026-05-30 22:29:00,-2148742.166385371,4426643.5415392285,4044654.274608722,39.608585552249565,115.89245365485743,50.96916137742169,8,1.8403968301864864,-2.208812803168012,-0.8872632693384016,1.3325577770434132,2.7279663373500203
2026-05-30 22:29:30,-2148751.766384583,4426638.95902995,4044659.0142448694,39.6086181313817,115.89257751765017,51.312590008644065,8,1.8361276049460409,8.392349800038204,2.7132254259694992,2.0556698183060464,9.056428975055404
2026-05-30 22:30:00,-2148743.5211285898,4426638.595635612,4044653.780312599,39.608604176794216,115.892492994869,51.25229102170292,12,1.8317239331452602,1.1729847864740834,1.148341395259664,2.1955331645627285,2.7413403922281145
2026-05-30 22:30:30,-2148744.9635223644,4426640.558307772,4044658.775319395,39.60862523069225,115.89249812445375,51.40725789821222,8,1.8271875761941465,1.6202066866052693,3.4692717003585445,1.712395314977848,4.194426486778279
2026-05-30 22:31:00,-2148741.8261430953,4426639.908129252,4044656.69074792,39.60862190743412,115.89246856582878,51.4535107310023,11,1.8225203485749997,-0.8991375048397185,3.0842124274147844,1.931994949440389,3.7487890090924516
2026-05-30 22:31:30,-2148747.825915742,4426639.725429545,4044659.7861338216,39.60862940019046,115.89253234355537,50.58311008675103,7,1.8177241171166352,4.563143769510071,3.8996078453346774,0.6260169724634689,6.034991272439975
2026-05-30 22:32:00,-2148745.1724331626,4426643.547076033,4044654.6497917366,39.60858062663013,115.89248511560575,50.355307104754836,8,1.812800800247691,0.5324656329589071,-1.5306784546490984,1.5510213238202057,2.2432483876633604
2026-05-30 22:32:30,-2148742.884386325,4426638.586225849,4044652.620500599,39.60859774568209,115.89248637271847,50.21826096380805,12,1.8077523672292675,0.6478922121248878,0.35299700662817435,1.3275491955654637,1.5188015248435331
2026-05-30 22:33:00,-2148743.420046399,4426638.067977627,4044652.3135118894,39.60859693833839,115.8924946190405,51.00587719541632,11,1.8025808373672625,1.3608486141539151,0.2467267278103521,1.568489911702178,2.0911584425796486
2026-05-30 22:33:30,-2148742.2547642817,4426638.130725751,4044656.2464227397,39.60862689036233,115.89248209342499,51.19813761655814,12,1.7972882792046698,0.2973018604533987,3.554632834686951,1.9176943719897108,4.0498586012384
2026-05-30 22:34:00,-2148740.231786519,4426647.504052116,4044659.718144876,39.60860787155564,115.89241324112125,50.66362324201433,12,1.7918768096941844,-5.583261527319287,1.4266657328199206,1.8424567148902886,6.050027367036501
2026-05-30 22:34:30,-2148746.343787922,4426637.076077441,4044657.508540722,39.60863088591495,115.8925302893894,50.74404865284673,12,1.786348593351462,4.433547732152916,3.964271478764324,1.7445653507423273,6.198007914937931
2026-05-30 22:35:00,-2148744.3904058677,4426636.496308458,4044653.0697021876,39.60860786274118,115.89251277534433,51.11664038481999,10,1.7807058413893273,2.9429134102495507,1.391604921862482,1.4437343187100735,3.561133581010373
2026-05-30 22:35:30,-2148740.3601275203,4426640.246770249,4044653.6836162545,39.60860290331295,115.89245148711841,50.487338069562924,8,1.7749508108333336,-2.29129611365197,0.8239104494196248,1.1824607500510664,2.706857908075487
2026-05-30 22:36:00,-2148741.28459777,4426642.241501942,4044656.1667814087,39.60860760878978,115.89245102836084,50.72023438403205,9,1.7690858036189665,-2.3237599086674576,1.3289192456168704,1.5278546783121656,3.0822437269855016
2026-05-30 22:36:30,-2148743.793129818,4426638.281939587,4044655.1950173806,39.60861495476663,115.89249743921027,50.173380743495755,11,1.763113165670917,1.6517247079814357,2.1269248408921886,0.020593930199984456,2.693033215488012
2026-05-30 22:37:00,-2148741.7857820606,4426641.511537916,4044651.2402369995,39.608575834710905,115.89245999006377,50.228332311185284,8,1.7570352859647254,-1.5443612607157706,-2.2328953765480466,0.4756909078011864,2.756293762641051
2026-05-30 22:37:30,-2148748.8819405558,4426642.621294629,4044654.236216467,39.60857324779232,115.89252868075006,50.65297245998449,7,1.7508545955712396,4.336072483030067,-2.537631049438797,0.9557401460053015,5.114150481541643
2026-05-30 22:38:00,-2148745.807766347,4426643.461051082,4044658.913911552,39.60860915154867,115.89249220825292,50.805589874711515,10,1.7445735666842106,1.2231630475144435,1.4300070495687711,1.7045329463072334,2.5389920377323008
2026-05-30 22:38:30,-2148744.191649429,4426641.09683199,4044657.823640888,39.60861776605274,115.89248730066387,50.03612458251895,7,1.7381947116314433,0.8093964331065615,2.3684495456777137,0.1738395193751362,2.5089631354093607
2026-05-30 22:39:00,-2148746.8690153356,4426644.10379941,4044655.1666696602,39.60857712136926,115.89250005679253,51.135017658231305,7,1.7317205818699128,1.9059927709177429,-2.16096381741852,1.2204433334435207,3.129225941527625
2026-05-30 22:39:30,-2148742.1571020945,4426645.27564109,4044653.2305879057,39.60856938915076,115.89244474010323,51.04731842592442,9,1.7251537669651986,-2.8189240715404207,-3.0371770380794993,1.2712931413433215,4.334393098574926
2026-05-30 22:40:00,-2148747.7542763357,4426639.44231956,4044651.9193280744,39.60857629976866,115.89253303267382,51.181951313876354,12,1.7184968935557108,4.736923059864121,-2.288116306160535,1.9201222900934538,5.600070170498217
2026-05-30 22:40:30,-2148747.0678859116,4426641.170056942,4044653.402308051,39.60857944297175,115.89251705743509,49.96070963415611,9,1.7117526243020513,3.375992002665084,-1.9573169104173695,0.10025374260447106,3.903647307681702
2026-05-30 22:41:00,-2148748.3137189015,4426640.483993279,4044663.757822709,39.60865191334487,115.89253359624618,51.048048456106784,9,1.7049236568220043,4.795366894610909,6.068722670818235,1.5140914191966417,7.8814599748345096
2026-05-30 22:41:30,-2148745.6568513787,4426638.75578428,4044653.91343169,39.60859894505924,115.8925145526468,50.34630178489702,9,1.698012722611505,3.1716865028035346,0.1709980604213353,0.7289815076895118,3.2588724502943114
2026-05-30 22:42:00,-2148746.1151574748,4426638.6321228985,4044653.7972371415,39.608597628226825,115.89251998228029,50.93208728873677,9,1.6910225859520955,3.6406893441073587,0.006514313333313038,1.0203701280714574,3.7809808958570046
2026-05-30 22:42:30,-2148745.161812048,4426642.912107681,4044655.7954251408,39.608591891273925,115.89248823302025,50.65382325560223,8,1.6839560428052414,0.9301101292577898,-0.6486706132398801,0.6570369456940516,1.310563224356579
2026-05-30 22:43:00,-2148749.1151514263,4426635.991325988,4044654.8207952473,39.608610844683554,115.89256483567475,51.13640112030679,10,1.6768159196939774,7.485211246940465,1.436709542239888,1.9820169018004639,7.875335721041351
2026-05-30 22:43:30,-2148748.9501523217,4426644.212163643,4044657.306592424,39.60858625542095,115.89252130605749,51.19490734337826,11,1.6696050725723524,3.766859187208671,-1.3112094220746044,1.7448430857663317,4.353501542292384
2026-05-30 22:44:00,-2148742.031904598,4426639.289279593,4044654.5332208024,39.608609565869514,115.89247386793396,50.62354794144963,9,1.6623263856830668,-0.2859148242459775,1.25767971599998,1.2575413350106197,1.801364972464406
2026-05-30 22:44:30,-2148741.9232464256,4426643.309192216,4044653.4015310765,39.60858128020355,115.89245228936328,50.22885517357465,7,1.6549827704038336,-2.127455693918673,-1.900657020629501,0.6996997558784106,2.937370352548603
2026-05-30 22:45:00,-2148745.3344584443,4426642.473030087,4044653.846864179,39.608580161416334,115.89249227413485,50.36415899329534,7,1.6475771640828454,1.2954936667497097,-2.043524696751957,0.6337248616542797,2.5011805666729705
2026-05-30 22:45:30,-2148746.9970800336,4426642.370110374,4044651.2192418333,39.608558255966365,115.89251021371993,49.74119555768873,8,1.6401125288638934,2.833036809190669,-4.49376372829191,-0.466913191864096,5.332730814196228
2026-05-30 22:46:00,-2148741.882337512,4426640.37742802,4044653.172501051,39.608594873086226,115.89246676819596,50.365906931909535,8,1.6325918505015407,-0.8790332137410397,-0.44804660095511833,0.584541355333551,1.1467928076084712
2026-05-30 22:46:30,-2148746.2746515134,4426644.986823775,4044653.5019857087,39.6085624799286,115.89248934074479,50.10509571864898,10,1.6250181371668524,1.0543377998539327,-4.062516662027271,0.36804693744974515,4.213208797771144
2026-05-30 22:47:00,-2148741.2360956576,4426641.589538979,4044651.276734331,39.608577060169495,115.89245383537627,50.427476214481295,7,1.6173944182441864,-1.9790863041155768,-2.462983163656215,0.7228350283427593,3.2412280298971727
2026-05-30 22:47:30,-2148746.586074052,4426638.322557198,4044650.6526517365,39.608576165323015,115.89252648929481,50.51118362872697,12,1.609723743119458,4.236692464284165,-2.5812253221136863,0.903289521248261,5.042640098166837
2026-05-30 22:48:00,-2148742.2629748126,4426645.367864091,4044662.2491858266,39.60863140016592,115.89244538020672,50.9527024397857,8,1.6020091799604483,-2.6969639504624445,3.5308898062202743,0.8751340277540578,4.528427645474451
2026-05-30 22:48:30,-2148746.730455099,4426645.819400071,4044662.6878792187,39.608620971799475,115.89248988190404,50.08146699486462,9,1.594253814489556,1.1109701447199625,2.354353191255968,0.6216601796900413,2.6765079844171042
2026-05-30 22:49:00,-2148742.438213915,4426638.420174044,4044657.47592736,39.608633497646004,115.89248254331383,50.727055376147824,12,1.5864607487495714,0.4855269453865335,3.725701444869944,0.542881465399271,3.796222853900496
2026-05-30 22:49:30,-2148743.9496797803,4426639.490768626,4044662.7829641015,39.60866113990358,115.89249293246704,49.805150135153816,12,1.5786330998628788,1.375909996976096,6.7749412924558685,-0.6036443557800173,6.939549289706604
2026-05-30 22:50:00,-2148747.177973093,4426640.217815542,4044652.598086881,39.608578471772354,115.89252305256082,50.13021297617149,8,1.5707739987846685,3.9534251234682474,-2.4202993065862506,0.1879701332919332,4.639261979166687
2026-05-30 22:50:30,-2148741.420299117,4426638.741959137,4044648.9805289092,39.60857527460564,115.89247024425227,50.26636714769229,10,1.5628865890505876,-0.5609798865804403,-2.7942873864789406,0.08021769531743234,2.8511708665082054
2026-05-30 22:51:00,-2148742.131035743,4426639.006454265,4044653.42615615,39.60860307067705,115.89247634445645,49.87724574053563,10,1.5549740255193605,-0.037930457106506665,0.27195217367772745,-0.3440056670000689,0.4401552036185778
2026-05-30 22:51:30,-2148745.2453743755,4426640.525969005,4044653.9272785154,39.60859096126417,115.89250124134131,49.9614433972557,10,1.5470394731109056,2.0923558748329047,-1.0913360592891863,-0.5236350331696977,2.417263152661549
2026-05-30 22:52:00,-2148747.133589181,4426645.3474306995,4044653.989906822,39.60856187424991,115.89249650466206,50.13921265978781,9,1.5390861055403884,1.6883013362722532,-4.339154326587456,0.31151091945246784,4.66643983406402
2026-05-30 22:52:30,-2148746.6063585593,4426644.524533427,4044657.623750021,39.60859270859868,115.89249516607758,50.53003528711783,12,1.5311171040487987,1.5746525723543088,-0.9357148191061743,0.2704124330745854,1.8515441745414176
2026-05-30 22:53:00,-2148747.7221891717,4426642.870984548,4044653.234150743,39.60856788737571,115.89251526253135,50.85332892365924,11,1.523135656130476,3.2938629770262144,-3.7100545351407006,0.5935979059127927,4.996638513945763
2026-05-30 22:53:30,-2148741.5353343575,4426644.931495809,4044655.676132603,39.60858972839037,115.89243997687072,50.03271225545226,8,1.5151449542581752,-3.1438436650402632,-1.3048938735455802,-0.6327306201430696,3.462202918532826
2026-05-30 22:54:00,-2148748.4530617166,4426639.291090042,4044655.2940246523,39.60859881325101,115.89254112154742,50.491059418794535,7,1.5071481946060983,5.505940435991782,-0.3156715431241632,0.7192497621590838,5.561685790135368
2026-05-30 22:54:30,-2148738.9099169336,4426640.922034431,4044657.2235839115,39.60862768142729,115.89243286231371,49.74401014180928,8,1.5008514242285131,-3.7519200497045366,2.8694963540384713,-0.2645529379429234,4.730845763940017
2026-05-30 22:55:00,-2148746.2379314345,4426646.174939384,4044655.078556635,39.60856742818219,115.89248291479565,49.971253154582406,7,1.5088507025047824,0.5282718263686824,-3.8378132287727107,0.29129694353909386,3.8849369892950567
2026-05-30 22:55:30,-2148746.8619220015,4426644.021660243,4044655.7191491,39.608581405763125,115.89250040014804,50.685150250927165,8,1.5168464406180602,2.0232545800565807,-2.305498062542101,0.7011691108673743,3.14650894391544
2026-05-30 22:56:00,-2148741.0079748435,4426638.6577116065,4044653.047135172,39.6086050326756,115.89246635345525,49.96956717192807,9,1.5248354403797044,-0.8887820447515649,0.29789872759574615,-0.7775245286875252,1.217875842476028
2026-05-30 22:56:30,-2148744.6333620762,4426645.996020574,4044656.075939104,39.60857929577112,115.89246701641011,50.08713172017084,9,1.5328145062963343,-0.8327634756137743,-2.5780795770178275,-0.194568532128962,2.7162191048307522
2026-05-30 22:57:00,-2148751.5647047893,4426641.242601755,4044662.278701679,39.60862959939433,115.89256379353048,50.755058411041034,12,1.5407804468479638,7.4424004222087685,2.986452039651835,0.3394468541346257,8.026421618406035
2026-05-30 22:57:30,-2148745.78070871,4426640.966536817,4044655.5875431583,39.60859890935235,115.89250460887554,49.163377857241834,12,1.5487300757645888,2.3800962262952323,-0.43929906931007967,-0.6909851235311095,2.5170026141549418
2026-05-30 22:58:00,-2148744.2095048483,4426636.612724629,4044653.9029840995,39.60861351341303,115.89251028841977,49.181671357005186,11,1.5566602133006338,2.864554678804117,1.1626120841992695,-1.431821254488769,3.4069711579334685
2026-05-30 22:58:30,-2148744.6786171966,4426642.535905959,4044653.8188714045,39.60858128110646,115.8924850843683,49.49369004082598,8,1.564567687506815,0.7077743372878512,-2.4342939036612203,-0.7221554862941352,2.635951416151322
2026-05-30 22:59:00,-2148741.1105686114,4426642.6715614,4044657.046680057,39.60861195291371,115.8924470186178,50.2490075945612,11,1.5724493354988875,-2.549077830455592,0.9511791201469064,0.07572831386723788,2.7218145201032353
2026-05-30 22:59:30,-2148748.231048631,4426644.218788907,4044652.9981620493,39.6085580399271,115.89251373963377,49.507709535359176,12,1.5803020047227359,3.154865369798976,-5.052234848293567,-0.7043653829613882,5.99786487481863
2026-05-30 23:00:00,-2148747.2496687886,4426642.442503572,4044649.2050443753,39.608543238176956,115.89251249152865,49.21620303560781,12,1.588122554215377,3.0461518244721244,-6.714273694507823,-1.4148217100781313,7.507478448440795
2026-05-30 23:00:30,-2148743.60292886,4426643.661819804,4044655.0238340804,39.608586558620814,115.89246809131637,50.22587868971024,11,1.595907855861281,-0.75295781384714,-1.9247183910694663,0.13001999966797323,2.0708431989574096
2026-05-30 23:01:00,-2148741.559968332,4426641.483065137,4044656.4150538505,39.60861255073875,115.89245776939975,50.09988025641335,8,1.6036547956435974,-1.6380013323502605,0.9414260885991592,-0.4366960276211649,1.939080933230082
2026-05-30 23:01:30,-2148745.7647885843,4426641.586087925,4044654.3367503877,39.608587058635074,115.89250129182717,49.36997909754205,8,1.6113602748896994,2.0813418534517463,-1.9071419431776173,-1.1769100362703375,3.058478630926019
2026-05-30 23:02:00,-2148746.73974453,4426639.533377305,4044655.9879888766,39.60860667416442,115.89252194225863,50.22337762586194,9,1.619021211510632,3.8445709807865587,0.251276105343951,-0.5382825268110212,3.8901945691819844
2026-05-30 23:02:30,-2148740.5273553254,4426638.192348993,4044657.488789452,39.60863953169753,115.89246368513786,49.41814487662465,8,1.6266345412338885,-1.1402696138576827,3.87959810862581,-0.331650130819804,4.057275944031032
2026-05-30 23:03:00,-2148737.528193579,4426645.270107436,4044659.171056596,39.60862231111308,115.89239627955402,49.43001598671069,12,1.6341972188290872,-6.90763705966216,1.9492933172907099,-0.7693551151096452,7.218524882411757
2026-05-30 23:03:30,-2148739.3494517915,4426639.958438305,4044658.8640148486,39.608642955361184,115.89244236619571,49.44242088683315,7,1.641706219326029,-2.9697472694258322,4.22203190276458,-1.104312008367577,5.278679498136719
2026-05-30 23:04:00,-2148747.9261025013,4426640.41858019,4044654.412739547,39.608588196428656,115.89252986850637,49.49017181891564,9,1.6491585392246288,4.509676430491741,-1.8749328946979888,-1.3663052697037774,5.071424351932465
2026-05-30 23:04:30,-2148744.526560277,4426642.954795146,4044651.1548828813,39.60856097001933,115.89248136158608,49.363965559001194,7,1.6565511976962957,0.3579052850741681,-4.915735253153654,-1.2647474356758506,5.0884315214248765
2026-05-30 23:05:00,-2148743.7688118103,4426644.787415325,4044658.819251455,39.60860676091035,115.8924641055726,49.86923822051053,12,1.6638812377762027,-1.1215842543347923,0.14843777766223676,-1.060836503040702,1.5509220159610415
2026-05-30 23:05:30,-2148745.558626148,4426639.419226519,4044649.578683284,39.60856561637894,115.89251015025772,49.38566725331884,8,1.6711457275460557,2.8119894673668737,-4.437163348084306,-1.241624444669224,5.3979009442342605
2026-05-30 23:06:00,-2148748.4505918575,4426642.622609368,4044655.9583204556,39.60858630044602,115.89252415561161,49.92239474742212,11,1.6783417613068006,4.005495982546351,-2.1597296366591,-0.7707596180674666,4.615463200861004
2026-05-30 23:06:30,-2148744.2984234,4426640.554239194,4044652.50019071,39.608583251367776,115.89249117810627,49.55707991912761,11,1.6854664607408836,1.1810199719834036,-2.5166119880232536,-0.9589916923507682,2.94071575275201
2026-05-30 23:07:00,-2148743.131899628,4426640.596232991,4044657.6130882017,39.60862152342693,115.89247874502169,50.18908847085351,8,1.6925169760635235,0.11324835006991085,1.7132176352732413,-0.737481971586881,1.8686410872664838
2026-05-30 23:07:30,-2148746.109770092,4426639.448535087,4044657.7101676967,39.60862066669295,115.8925157745649,49.769831384756266,10,1.6994904871625942,3.2751611875958253,1.5998195880395967,-1.1497333987010498,3.8220400844441635
2026-05-30 23:08:00,-2148743.8179363,4426642.044684349,4044656.2107593585,39.608602600422735,115.8924785663301,48.99249477349599,11,1.7063842047266402,0.08835237748579772,-0.4237659775644217,-1.852907411373297,1.9028004681181407
2026-05-30 23:08:30,-2148746.2273165584,4426639.002394341,4044654.51906659,39.60860046539564,115.89251927441614,49.696149472072946,12,1.7131953713605457,3.564485291615571,-0.6789099285492822,-0.6753960774893456,3.690885252444802
2026-05-30 23:09:00,-2148742.109729793,4426641.641184077,4044656.6111855283,39.60861172882267,115.89246272425599,49.48024893576485,10,1.7199212626884763,-1.276728344782619,0.5532507716089416,-0.602506495470811,1.5162901304637493
2026-05-30 23:09:30,-2148746.8314889115,4426639.681349335,4044652.7731610397,39.60858331543544,115.8925221508917,48.57740625323481,11,1.7265591884435738,3.799794005256534,-2.61863606572791,-2.3798481300962386,5.19224098530076
2026-05-30 23:10:00,-2148745.900837354,4426642.209229947,4044659.9715647027,39.60862271884032,115.89249954842225,49.19333963442326,12,1.733106493544045,1.8613118484186724,1.7372224603608213,-0.8547970362409768,2.6857218111733387
2026-05-30 23:10:30,-2148746.3265624465,4426642.338630079,4044653.7966887644,39.608578026027374,115.89250334999825,48.876406475386844,11,1.7395605591551437,2.180632888627721,-3.24151517431959,-1.7737146216775197,4.290529568650199
2026-05-30 23:11:00,-2148744.311725185,4426640.059139611,4044659.0289905276,39.60863119183705,115.89249383491807,48.93822849265532,8,1.7459188037366762,1.360988667256109,2.642140889214312,-1.4019010073296816,3.2861109331867864
2026-05-30 23:11:30,-2148740.978035808,4426640.850942675,4044656.689597662,39.608619166690744,115.89245488774594,49.994516739420966,9,1.7521786840755902,-1.975753151219509,1.289689981812446,-0.4864202147458129,2.4090465726204986
2026-05-30 23:12:00,-2148744.29947341,4426638.783099637,4044655.718448752,39.608614753597074,115.89250019496482,48.92669554915576,12,1.7583376963032091,1.8924610047030352,0.7822686025544123,-1.6547909585677814,2.632809514078398
2026-05-30 23:12:30,-2148745.4000165747,4426643.228134843,4044660.2106741476,39.60862039094263,115.89248912132794,48.78639167690258,7,1.7643933768967657,0.9390195220711416,1.390540193228785,-2.4506891354779143,2.970056721775688
2026-05-30 23:13:00,-2148745.868588084,4426639.963073732,4044653.3090487034,39.60858799940136,115.89251063182046,49.297416634337644,8,1.7703433036647593,2.7718838458260437,-2.2222979230256192,-1.952150162689143,4.053743747589703
2026-05-30 23:13:30,-2148742.707581536,4426638.1488688225,4044655.098980455,39.60861768238109,115.89248674451973,49.486105327023914,12,1.7761850967158188,0.7223257996276617,1.0552350261280334,-0.7730001800436934,1.4942572735385145
2026-05-30 23:14:00,-2148744.712180682,4426641.784251556,4044655.9706515945,39.60860003637326,115.89248925794811,48.8325894008062,7,1.7819164194106085,0.9302936921503977,-0.9206479215007204,-1.5219857171987679,2.007356339162398
2026-05-30 23:14:30,-2148741.097305558,4426641.8804946365,4044657.332536985,39.60861804511596,115.89245090207972,49.13784039623836,9,1.7875349792964714,-2.356898328414087,1.061250634518115,-1.5918852977811866,3.035674791712399
2026-05-30 23:15:00,-2148747.3793420033,4426642.833551199,4044653.566435449,39.608571248219974,115.89251186148692,49.281086380594196,9,1.7930385290243644,2.84882325751718,-4.15017005010808,-1.5850500019277622,5.277507830974399
2026-05-30 23:15:30,-2148747.4810200897,4426640.200079672,4044655.736417673,39.60859964217474,115.8925263172162,49.025891611653975,12,1.798424867247774,4.0775553179858095,-1.0152972048505755,-1.500071859654864,4.461782308622884
2026-05-30 23:16:00,-2148745.500837152,4426644.272777103,4044659.415408291,39.608609231013794,115.89248486566905,49.42784844351002,8,1.8036918395032315,0.5251375406034214,0.03231932057309084,-1.8898451477541016,1.96171574330305
2026-05-30 23:16:30,-2148742.3916348238,4426639.741871984,4044655.683854781,39.60861434473056,115.89247533484448,49.495067685603956,11,1.8088373390720567,-0.297699365013127,0.5833112069153598,-1.1370956855321719,1.3121979553779806
2026-05-30 23:17:00,-2148747.0596595854,4426642.734244722,4044652.65870673,39.608566241735744,115.89250901770843,49.13553669372081,12,1.813859307823031,2.5747789150012554,-4.772635562918162,-2.5132119421671266,5.976936585226387
2026-05-30 23:17:30,-2148743.270539755,4426641.532488872,4044655.2703116913,39.608600059365486,115.89247543664945,48.87296039389754,11,1.818755737035609,-0.30506819666374496,-1.0352742988560362,-1.8733223951482179,2.16198896265716
2026-05-30 23:18:00,-2148742.6902289493,4426641.947459461,4044656.127117393,39.60860533513621,115.89246724775228,48.851340785203924,7,1.8235246682033948,-1.0136296645831022,-0.4659383169082475,-1.9180310246157173,2.218870573844847
2026-05-30 23:18:30,-2148746.6832486345,4426639.746306437,4044658.1652303194,39.608620868612114,115.89252026775465,48.95925738013628,11,1.828164193817502,3.5120122630872532,1.2421263520124284,-1.9472155770668897,4.203422000467107
2026-05-30 23:19:00,-2148746.7766756467,4426646.37770971,4044657.128286136,39.60857930108095,115.89248752719386,49.258176693162255,9,1.8326724581295482,0.703567277946402,-3.387895025384328,-1.5602777991248682,3.7956957765425208
2026-05-30 23:19:30,-2148744.0813204823,4426641.5296517,4044654.5425893525,39.60859298566238,115.89248394415498,48.7514066026139,8,1.8370476578939159,0.3884114179730126,-1.8848038590750642,-2.146168506453587,2.882600956582315
2026-05-30 23:20:00,-2148743.9026176296,4426645.381340911,4044656.3954240857,39.608586506322254,115.89246248723668,48.58785112276809,7,1.8412880430890337,-1.4554076752134952,-2.619777651311665,-2.2025640157492314,3.7192384552292146
2026-05-30 23:20:30,-2148745.958318379,4426643.858268969,4044653.8134411373,39.60857124356609,115.89249176554787,49.410134440867076,7,1.8453919176173637,1.0393116206768631,-4.3295780182370995,-1.8860663633531474,4.835562096369772
2026-05-30 23:21:00,-2148745.2396431314,4426646.961558461,4044654.188782099,39.608559683253254,115.89246845777241,48.45609763467552,8,1.8493576399838096,-0.9630908803951401,-5.62827231899558,-2.253752902607173,6.138761722585626
2026-05-30 23:21:30,-2148743.4594787685,4426638.282494115,4044656.864000616,39.60862739772681,115.8924939413321,48.32373754483597,10,1.8531836239523032,1.2068128968053304,1.87267175846491,-3.0316208800133118,3.762183148516353
2026-05-30 23:22:00,-2148740.5779829556,4426643.743463205,4044652.6825249745,39.608577402886496,115.89243598930723,48.71046637350044,12,1.8568683391802667,-3.7585388086965095,-3.6919787037061056,-2.142497763939126,5.6874965840500815
2026-05-30 23:22:30,-2148743.4628312998,4426643.431882994,4044654.83499905,39.608586777681026,115.89246779294548,49.73678891346892,9,1.8604103118307405,-1.04846184777764,-2.666458205045953,-1.2759800804969674,3.136462461329202
2026-05-30 23:23:00,-2148743.1911964766,4426643.490739817,4044652.9853977016,39.60857428402891,115.89246464824706,48.65663945869156,12,1.8638081251618885,-1.3271853099056619,-4.068191619436985,-2.60933873188244,5.012010825705444
2026-05-30 23:23:30,-2148743.9700732995,4426640.454754021,4044653.617122856,39.608592354724514,115.89248824443787,49.553957590980666,11,1.8670604200936811,0.6807294460896403,-2.0771366216146196,-1.4460097932818665,2.620845940892591
2026-05-30 23:24:00,-2148742.7649853397,4426643.344300156,4044655.937691346,39.60859664352965,115.89246092821917,49.444079177819255,9,1.870165895751511,-1.6653425654098406,-1.6157235199312248,-1.8833714286625944,2.9884805991217944
2026-05-30 23:24:30,-2148744.2977186823,4426644.670457751,4044659.221300557,39.608608839118254,115.89247024067048,48.468308027519576,8,1.8731233099865188,-0.8792065850579094,-0.2765073991439124,-1.9340337817814284,2.1424162130786573
2026-05-30 23:25:00,-2148746.620134977,4426639.466798808,4044657.281955927,39.608616318657944,115.892521027864,49.158116829122356,12,1.875931479872444,3.453557250777622,0.5393794337812803,-1.6600399840469557,3.869589203858663
2026-05-30 23:25:30,-2148745.5401346926,4426641.527893025,4044661.29171053,39.60863631060587,115.89249923444494,49.86718088229571,7,1.8785892821787722,1.5793531724180079,2.7442977873112877,-1.4559634861312003,3.4850188610129176
2026-05-30 23:26:00,-2148745.9125758256,4426640.480398399,4044655.020658085,39.608597136955595,115.89250846211606,49.04957346624641,9,1.8810956538200196,2.3578218247138425,-1.6180090090386259,-2.2067945244130542,3.6120934350327247
2026-05-30 23:26:30,-2148745.576053799,4426640.405557963,4044653.549638292,39.6085881273591,115.89250531753329,49.03773634075716,12,1.8834495922809458,2.078124486877317,-2.631947566001661,-2.3989629651980837,4.1231993259522595
2026-05-30 23:27:00,-2148745.6586990217,4426640.595321165,4044658.246941074,39.608619627679396,115.89250521835254,48.69256344625492,9,1.8856501560175534,2.0587243177316283,0.850874909140982,-2.4455194450912257,3.3080053330888886
2026-05-30 23:27:30,-2148742.144225541,4426640.777896206,4044654.990404255,39.608604807249876,115.89246747523138,47.945506603407445,10,1.8876964648336876,-1.1799810224709897,-0.8077436027319767,-3.2558293960536573,3.556013216701147
2026-05-30 23:28:00,-2148745.187214508,4426644.059899324,4044653.1170631773,39.6085672866978,115.89248266285136,48.74517886397172,7,1.8895877002331047,0.10762592448065456,-4.985911524424093,-2.7215222236862213,5.6813361353666885
2026-05-30 23:28:30,-2148747.8397534615,4426639.1778159235,4044659.493640163,39.60863014804275,115.89253527300725,49.22750567011086,12,1.891323105746863,4.595341714628576,1.978477245578539,-2.0743744805492432,5.416139508084286
2026-05-30 23:29:00,-2148745.172254658,4426640.8325056415,4044655.0334870373,39.60859726353858,115.8924989167268,48.37317039981263,12,1.8929019872358934,1.4748448082757781,-1.6847552116875801,-2.5421889933071093,3.387667665149327
2026-05-30 23:29:30,-2148746.6383800884,4426640.877044283,4044653.94894423,39.608585826654824,115.89251404818981,48.526406458985576,12,1.8943237131686534,2.757265187873724,-2.9671318975141556,-2.59463250633936,4.810249562804319
2026-05-30 23:30:00,-2148743.282362199,4426638.405351473,4044658.5887020566,39.60863920815341,115.89249146129904,49.1542050726789,10,1.895587714873725,0.8140249798933935,2.9455036165436006,-2.450140565466206,3.916863159915716
2026-05-30 23:30:30,-2148747.9712439044,4426641.067772094,4044658.1459290185,39.60861071845391,115.89252704036883,48.541406473137286,11,1.89669348676728,3.8448021338072715,-0.2293902672104522,-2.9582741798196825,4.856594430854573
2026-05-30 23:31:00,-2148746.9584915633,4426638.336173667,4044652.4206642625,39.60858746670984,115.89253032120034,48.93235812614013,9,1.8976405865553039,4.113430561183972,-2.822695702055794,-2.557014102207553,5.605911444803141
2026-05-30 23:31:30,-2148743.903563189,4426639.662260036,4044657.0711960755,39.608620631199216,115.89249157739056,48.80745586509667,8,1.8984286354105095,0.7881455292817583,0.8463779508245459,-2.55256501576474,2.8023413729727555
2026-05-30 23:32:00,-2148744.831471335,4426640.980683887,4044657.1128816064,39.60861182034489,115.89249459350457,48.6795701935632,11,1.899057318123862,1.0338986878854188,-0.14363261653590054,-2.1980001319300877,2.433265584622612
2026-05-30 23:32:30,-2148744.252637843,4426638.942188629,4044655.7811597837,39.60861448837087,115.89249889542026,48.346925162133424,12,1.899526383230658,1.389492732728404,0.1406931888709082,-3.539234402095633,3.8048212547604576
2026-05-30 23:33:00,-2148748.5564946258,4426638.296465185,4044654.665163137,39.6085992968654,115.89254726248478,48.236220019666455,9,1.8998356431111092,5.5132629144089735,-1.5572066343909867,-3.7038204279897964,6.821967914640404
2026-05-30 23:33:30,-2148747.802026316,4426642.435083209,4044651.531943743,39.60855808705184,115.89251831530287,48.23428285488595,9,1.899984974065387,3.025288573499225,-6.142954617330823,-3.880277403013216,7.87050284974639
2026-05-30 23:34:00,-2148747.302403117,4426643.309597616,4044654.92114738,39.608578416934286,115.89250863494684,48.40660019553825,7,1.8999743163631002,2.18483197643625,-3.8976106551654413,-3.1071310752724277,5.442345367894352
2026-05-30 23:34:30,-2148743.6602074183,4426640.730983781,4044655.170541737,39.6086025158238,115.89248359396713,48.00955800241584,9,1.899803674267188,0.030681959881808996,-1.2337195969655252,-3.6339113751767607,3.837748989868673
2026-05-30 23:35:00,-2148749.580095152,4426644.703676055,4044656.9917714256,39.60857996278119,115.8925254055838,48.84375067353564,8,1.8994731160322136,3.5934145858586772,-3.7480040956214227,-2.5917727975959015,5.803227491751028
2026-05-30 23:35:30,-2148745.4031993137,4426641.918501019,4044656.676501521,39.60860253101556,115.89249581386596,48.345037950877476,7,1.8989827738770635,1.0498895881691677,-1.2536363727392446,-3.1826898355039606,3.578182065158376
2026-05-30 23:36:00,-2148746.1587247076,4426642.261274876,4044658.429195898,39.60861107544222,115.89250198520189,48.432393163130996,8,1.898332843932062,1.5645868426455503,-0.3157192873525103,-3.190727646280408,3.56768182007926
2026-05-30 23:36:30,-2148747.4424518333,4426641.79451977,4044657.3042614968,39.60860244372996,115.89251780582212,49.250939213305195,11,1.8975235861605213,2.904354067360217,-1.284160088977245,-2.6823917487802476,4.156869636714416
2026-05-30 23:37:00,-2148745.483747511,4426640.767987106,4044660.1256079082,39.60863224768913,115.8925025077345,48.6271131224995,12,1.8965553242547606,1.5828634054000992,2.0139536577588197,-3.000395830941349,3.945103425524502
2026-05-30 23:37:30,-2148746.541096956,4426643.516775543,4044653.7304795734,39.60857096786531,115.89249960667561,49.39027033922,12,1.8954284455066313,1.3214235806814576,-4.7980360302906035,-2.2423179873083594,5.458507120427199
2026-05-30 23:38:00,-2148747.835160774,4426641.784900266,4044657.1109400624,39.60860016733294,115.89252196843148,48.171228900513405,11,1.8941434006526088,3.2202715345757746,-1.5666264610885867,-3.2187077749123016,4.81503343345224
2026-05-30 23:38:30,-2148743.190185585,4426641.312772221,4044653.5174041972,39.60858919406421,115.8924757121348,48.133664223901924,12,1.8927007036935002,-0.7489395922049448,-2.794191319058543,-3.7464703097170196,4.733334492919909
2026-05-30 23:39:00,-2148744.8959075557,4426643.211111763,4044653.374354419,39.608574171535025,115.89248392725328,48.99542286148243,10,1.891100931688854,-0.06004625526234275,-4.471023406570853,-2.5578331303716064,5.151326642497258
2026-05-30 23:39:30,-2148745.76177039,4426642.685487908,4044655.9061743813,39.608592329438046,115.89249567000385,48.297978362767736,11,1.8893447245261414,0.930427293483811,-2.4646254948325064,-3.4307208063880714,4.325496391123452
2026-05-30 23:40:00,-2148747.9790870557,4426643.631808612,4044655.437064807,39.60857865877611,115.89251408495807,48.131396193741395,12,1.8874327846648122,2.4913953010999905,-3.9909949541567378,-3.3870361769769155,5.797163559414039
2026-05-30 23:40:30,-2148742.9842545553,4426644.290777933,4044658.477145344,39.60860889527722,115.89245841248022,48.30808484613862,7,1.8853658768553192,-2.2834092473987315,-0.6434646908088908,-2.745205292346539,3.6282442994582476
2026-05-30 23:41:00,-2148745.2949825074,4426641.1425630255,4044658.838090352,39.60862183355945,115.89249862574958,47.79295837094901,11,1.8831448278332266,1.1415009728595762,0.784169156571098,-4.378107084892788,4.591924148322271
2026-05-30 23:41:30,-2148743.9899187824,4426641.775608901,4044654.952165077,39.60859479822295,115.89248173606735,48.34307762026725,9,1.880770525988531,-0.31690662857426743,-2.225061567305453,-3.5799230298872455,4.226958444254117
2026-05-30 23:42:00,-2148746.0831716573,4426641.558022683,4044657.136332855,39.60860588691809,115.89250476965344,48.78060806333828,12,1.878243921010312,1.638697832001201,-1.0023164769697221,-2.460309858136157,3.1213928786124296
2026-05-30 23:42:30,-2148744.173694468,4426640.877208372,4044655.8174447073,39.608604982095024,115.8924882293201,47.9607296879952,8,1.8755660235068747,0.21000732296815128,-1.1106424382620081,-3.9696037163940834,4.127394258679264
2026-05-30 23:43:00,-2148745.2081160494,4426639.788898941,4044654.977317532,39.608602152632514,115.89250459889475,48.207215567306584,8,1.872737904601514,1.5955760081955335,-1.4323927719874299,-3.3216878002512082,3.9536339857792524
2026-05-30 23:43:30,-2148741.032762763,4426640.250239913,4044654.92813586,39.608609864727256,115.89245851546038,48.36607565512658,11,1.869760695504086,-2.359682326150709,-0.5838185392509541,-3.1742955934540724,3.998136726244249
2026-05-30 23:44:00,-2148744.3721841327,4426642.794967011,4044654.1649229536,39.608583121296206,115.89248055715812,48.47064848154313,10,1.8666355870585323,-0.4892000239679311,-3.55959488257289,-3.2023062535429268,4.8129822078384485
2026-05-30 23:44:30,-2148747.3545031557,4426641.635953,4044659.1549953865,39.608616356328746,115.89251769082163,47.654148323321046,7,1.8633638292665644,2.6718223551107285,0.1224520642306024,-3.5824408082858334,4.470739463464118
2026-05-30 23:45:00,-2148742.939576405,4426638.369827399,4044658.503047376,39.60863965106607,115.89248805118427,47.94003396996178,8,1.8599467307876776,0.12256837803684245,2.701341087900709,-2.8337270751908843,3.916921727217057
2026-05-30 23:45:30,-2148745.21187316,4426643.400328906,4044655.1554854023,39.60858480169509,115.89248627492323,47.54762283028439,10,1.8563856584157001,-0.04397696028052778,-3.393550081862935,-4.252323312498178,5.440622178130266
2026-05-30 23:46:00,-2148745.506602917,4426640.0169118345,4044656.1942914054,39.60860870151835,115.89250656620385,48.09200406826592,8,1.8526820365321033,1.6765498436523911,-0.7470639097706069,-3.3583232339691755,3.8271737362379805
2026-05-30 23:46:30,-2148746.196723188,4426640.88541364,4044656.927434397,39.60860761049125,115.892509379197,47.83593842263151,8,1.8488373465362564,1.902336073478413,-0.8743444265554299,-4.392544865029261,4.865985111362419
2026-05-30 23:47:00,-2148747.4045748767,4426642.4806899335,4044654.5938573726,39.60858014935003,115.8925139200282,47.692931395706495,8,1.8448531262528993,2.2758215452993125,-3.928489019096694,-4.504706517054445,6.395683738585316
2026-05-30 23:47:30,-2148745.747840902,4426643.96944339,4044654.590220074,39.60857660193311,115.89248899546153,48.46658555506982,9,1.84073096931702,0.12947681817648543,-4.327990766497635,-3.374414462781096,5.489530151839967
2026-05-30 23:48:00,-2148743.7056569513,4426646.339385892,4044656.9300582604,39.60858578888001,115.8924555525995,47.90821629675303,11,1.8364725245364326,-2.7453762861691677,-3.3137578538362593,-3.703870631491246,5.677740723328679
2026-05-30 23:48:30,-2148745.1528976588,4426640.190837494,4044658.2746504815,39.608623164831926,115.89250197670142,48.465812609612634,9,1.8320794952322728,1.2096488623921866,0.8296756843941759,-3.5121181406939734,3.8061247937703446
2026-05-30 23:49:00,-2148744.297323844,4426639.3757743165,4044657.2754017413,39.608622542613894,115.89249715882521,47.90137087250161,8,1.8275536385576863,0.7825966774282145,0.7555341913608078,-4.106880220886947,4.24850027922199
2026-05-30 23:49:30,-2148740.908452156,4426642.880974876,4044653.5659971363,39.60858716220497,115.89244383658986,47.69882111740269,8,1.8228967647950016,-3.792419497985828,-3.176543927411886,-4.234069917856185,6.511545518598107
2026-05-30 23:50:00,-2148749.135814949,4426639.478656635,4044658.173904343,39.608616180758034,115.8925473197737,48.276446132323365,11,1.8181107366316303,5.0419446885287,0.03988599670108317,-3.387863902927639,6.07457150420305
2026-05-30 23:50:30,-2148740.2413296853,4426641.216943,4044654.140732043,39.60860138889588,115.89244530957819,48.22621363956399,12,1.8131974684150278,-3.696778239520887,-1.6064162399517732,-3.3208919184312466,5.222553553777875
2026-05-30 23:51:00,-2148745.8013248523,4426640.116344765,4044655.7282603397,39.60860421128633,115.8925091478756,48.02932033511538,9,1.8081589253869683,1.747214189162558,-1.297311874209176,-3.570514877371858,4.181429422016935
2026-05-30 23:51:30,-2148745.4352356032,4426640.548268484,4044656.7831375115,39.608610242963756,115.89250311678472,48.476994718841006,7,1.8029971228974868,1.216192119649325,-0.6317514884661577,-3.76206768957638,4.003921392339126
2026-05-30 23:52:00,-2148743.581216688,4426641.5127396565,4044656.2343994738,39.608606093030666,115.8924787914687,48.045288065704334,12,1.7977141255987519,-0.8793227185696815,-1.0961241356138571,-3.588247746481312,3.8535981178888146
2026-05-30 23:52:30,-2148746.71065896,4426644.7810202865,4044656.7787319724,39.608585248957745,115.89249495446424,47.49708919028381,9,1.7923120466192464,0.48753966512378133,-3.4133200319933703,-4.464207504994074,5.640708928275031
2026-05-30 23:53:00,-2148744.1411390356,4426640.731165997,4044657.20523659,39.6086154708397,115.89248863088923,48.02232463867765,8,1.7867930467185371,-0.0686003703780704,-0.06196816041457054,-3.436306894178277,3.437550164680994
2026-05-30 23:53:30,-2148747.4117943607,4426636.879471778,4044655.9732668097,39.60861854793214,115.89254247665532,47.54552089229644,11,1.7811593334229947,4.520690983435735,0.276539322810903,-4.906562465218797,6.6773854306810705
2026-05-30 23:54:00,-2148743.486941273,4426638.167143478,4044655.055804849,39.608615341494094,115.89249481554018,48.42878091364683,11,1.7754131601428265,0.42945606519169643,-0.08219738988739911,-3.459394337305078,3.4869181383870598
2026-05-30 23:54:30,-2148744.146192515,4426642.23621672,4044656.8471429064,39.60860522300123,115.89248103097512,48.12869646198395,10,1.7695568252707252,-0.7648064548046863,-1.2079440938877941,-3.70619863139661,3.972400551635676
2026-05-30 23:55:00,-2148743.931776929,4426638.139279111,4044658.5803551637,39.60863889713593,115.89249961696301,47.37762388898342,12,1.7635926712625611,0.8091182750489188,2.527519330085527,-4.095109473406291,4.879851221723474
2026-05-30 23:55:30,-2148745.253550651,4426640.49836659,4044657.5027519925,39.60861596043424,115.89250146734157,48.13529986822274,8,1.7575230837004119,0.9518528875178565,-0.020591277758994053,-3.9418451072556597,4.055193061962798
2026-05-30 23:56:00,-2148746.578616022,4426643.004165583,4044658.0122809196,39.608603303681335,115.89250260620297,47.48411034646062,9,1.7513504903383799,1.0337214343396872,-1.4273984550325878,-4.27526178048122,4.624273958675693
2026-05-30 23:56:30,-2148740.3600628986,4426643.6449307,4044658.7040834418,39.6086203511419,115.8924342075685,48.18122692067558,8,1.7450773601315057,-4.831020103320992,0.4631914538464532,-3.834182603377857,6.185002651386123
2026-05-30 23:57:00,-2148743.6689044735,4426640.720121524,4044655.571327909,39.60860533859681,115.8924837403026,47.11795533342511,7,1.7387062022482334,-0.6107170855671223,-1.204649633219813,-4.7060212590678985,4.89599756824074
2026-05-30 23:57:30,-2148746.6937626707,4426639.879855115,4044658.0248109405,39.60861917821492,115.89251969882469,47.650147994768716,8,1.7322395650667708,2.4487559090760485,0.3303292361121293,-3.9376413397952765,4.64871404017606
2026-05-30 23:58:00,-2148745.88037162,4426642.3409986,4044656.8186850217,39.60860015476957,115.89249866402537,47.60658731740368,11,1.7256800351557655,0.6343575101357865,-1.7822619231765673,-3.9423442586658055,4.372750309279727
2026-05-30 23:58:30,-2148748.0232622367,4426642.840752686,4044658.9443938145,39.60860702194205,115.89251857004726,47.599822065219,11,1.7190302362397274,2.3210600528807954,-1.020764344246692,-4.343346255640906,5.02930773685149
2026-05-30 23:59:00,-2148747.1919337497,4426640.221695959,4044653.0582951475,39.60858161899772,115.89252317907015,47.48180062642944,12,1.7122928281495553,2.699612852800055,-3.841019463588757,-4.1850999706137815,6.289388033720163
2026-05-30 23:59:30,-2148743.869680889,4426642.643559501,4044654.031641045,39.60858422795154,115.89247606321769,48.015311545003165,11,1.705470505758659,-1.3451607488585837,-3.551723544149648,-4.25556121938013,5.703858243875703
